[{
 "speakers": [
  "s0001"
 ], 
 "classes": [
  "speech"
 ], 
 "segments": [
  {
   "classId": "speech", 
   "spokenWords": [
    {
     "wordEnd": 0.56999999999999995, 
     "wordId": "THIS", 
     "wordStart": 0.22, 
     "wordConfidence": 1.0
    }, 
    {
     "wordEnd": 0.82999999999999996, 
     "wordId": "IS", 
     "wordStart": 0.59999999999999998, 
     "wordConfidence": 1.0
    }, 
    {
     "wordEnd": 0.91000000000000003, 
     "wordId": "THE", 
     "wordStart": 0.82999999999999996, 
     "wordConfidence": 1.0
    }, 
    {
     "wordEnd": 1.0800000000000001, 
     "wordId": "WALL", 
     "wordStart": 0.91000000000000003, 
     "wordConfidence": 1.0
    }, 
    {
     "wordEnd": 1.3400000000000001, 
     "wordId": "STREET", 
     "wordStart": 1.0800000000000001, 
     "wordConfidence": 1.0
    }, 
    {
     "wordEnd": 1.8600000000000001, 
     "wordId": "UPDATE", 
     "wordStart": 1.3400000000000001, 
     "wordConfidence": 1.0
    }, 
    {
     "wordEnd": 2.0499999999999998, 
     "wordId": "OF", 
     "wordStart": 1.8899999999999999, 
     "wordConfidence": 0.98999999999999999
    }, 
    {
     "wordEnd": 2.3700000000000001, 
     "wordId": "WORLD", 
     "wordStart": 2.0499999999999998, 
     "wordConfidence": 1.0
    }, 
    {
     "wordEnd": 2.6800000000000002, 
     "wordId": "BUSINESS", 
     "wordStart": 2.3700000000000001, 
     "wordConfidence": 1.0
    }, 
    {
     "wordEnd": 3.0699999999999998, 
     "wordId": "REPORT", 
     "wordStart": 2.6800000000000002, 
     "wordConfidence": 1.0
    }, 
    {
     "wordEnd": 3.2999999999999998, 
     "wordId": "FROM", 
     "wordStart": 3.0699999999999998, 
     "wordConfidence": 1.0
    }, 
    {
     "wordEnd": 3.3799999999999999, 
     "wordId": "THE", 
     "wordStart": 3.2999999999999998, 
     "wordConfidence": 1.0
    }, 
    {
     "wordEnd": 3.9399999999999999, 
     "wordId": "B.B.C.", 
     "wordStart": 3.3799999999999999, 
     "wordConfidence": 1.0
    }, 
    {
     "wordEnd": 4.3200000000000003, 
     "wordId": "WORLD", 
     "wordStart": 3.9399999999999999, 
     "wordConfidence": 1.0
    }, 
    {
     "wordEnd": 4.9000000000000004, 
     "wordId": "SERVICE", 
     "wordStart": 4.3200000000000003, 
     "wordConfidence": 1.0
    }, 
    {
     "wordEnd": 5.29, 
     "wordId": "I'M", 
     "wordStart": 4.9400000000000004, 
     "wordConfidence": 1.0
    }, 
    {
     "wordEnd": 5.6500000000000004, 
     "wordId": "MIKE", 
     "wordStart": 5.3300000000000001, 
     "wordConfidence": 1.0
    }, 
    {
     "wordEnd": 6.1799999999999997, 
     "wordId": "JOHNSON", 
     "wordStart": 5.6799999999999997, 
     "wordConfidence": 1.0
    }
   ], 
   "endTime": 6.2699999999999996, 
   "speakerId": "s0001", 
   "startTime": 0.22
  }, 
  {
   "classId": "speech", 
   "spokenWords": [
    {
     "wordEnd": 7.1500000000000004, 
     "wordId": "SHARE", 
     "wordStart": 6.8799999999999999, 
     "wordConfidence": 0.83999999999999997
    }, 
    {
     "wordEnd": 7.79, 
     "wordId": "MARKETS", 
     "wordStart": 7.1699999999999999, 
     "wordConfidence": 0.98999999999999999
    }, 
    {
     "wordEnd": 8.1999999999999993, 
     "wordId": "IN", 
     "wordStart": 7.8200000000000003, 
     "wordConfidence": 1.0
    }, 
    {
     "wordEnd": 8.4499999999999993, 
     "wordId": "NEW", 
     "wordStart": 8.2300000000000004, 
     "wordConfidence": 1.0
    }, 
    {
     "wordEnd": 8.8000000000000007, 
     "wordId": "YORK", 
     "wordStart": 8.4499999999999993, 
     "wordConfidence": 1.0
    }, 
    {
     "wordEnd": 8.9600000000000009, 
     "wordId": "HAVE", 
     "wordStart": 8.8000000000000007, 
     "wordConfidence": 1.0
    }, 
    {
     "wordEnd": 9.3599999999999994, 
     "wordId": "CLOSED", 
     "wordStart": 8.9600000000000009, 
     "wordConfidence": 1.0
    }, 
    {
     "wordEnd": 9.4600000000000009, 
     "wordId": "AT", 
     "wordStart": 9.3599999999999994, 
     "wordConfidence": 0.51000000000000001
    }, 
    {
     "wordEnd": 10.07, 
     "wordId": "FRESH", 
     "wordStart": 9.4600000000000009, 
     "wordConfidence": 1.0
    }, 
    {
     "wordEnd": 10.74, 
     "wordId": "RECORD", 
     "wordStart": 10.1, 
     "wordConfidence": 1.0
    }, 
    {
     "wordEnd": 11.32, 
     "wordId": "HIGH", 
     "wordStart": 10.77, 
     "wordConfidence": 0.81000000000000005
    }, 
    {
     "wordEnd": 11.98, 
     "wordId": "EUROPE", 
     "wordStart": 11.59, 
     "wordConfidence": 1.0
    }, 
    {
     "wordEnd": 12.41, 
     "wordId": "CENTRAL", 
     "wordStart": 11.98, 
     "wordConfidence": 1.0
    }, 
    {
     "wordEnd": 12.800000000000001, 
     "wordId": "BANK", 
     "wordStart": 12.41, 
     "wordConfidence": 0.72999999999999998
    }, 
    {
     "wordEnd": 13.31, 
     "wordId": "SPRUNG", 
     "wordStart": 12.800000000000001, 
     "wordConfidence": 1.0
    }, 
    {
     "wordEnd": 13.93, 
     "wordId": "A", 
     "wordStart": 13.789999999999999, 
     "wordConfidence": 1.0
    }, 
    {
     "wordEnd": 14.49, 
     "wordId": "SURPRISE", 
     "wordStart": 13.93, 
     "wordConfidence": 1.0
    }, 
    {
     "wordEnd": 14.710000000000001, 
     "wordId": "REALLY", 
     "wordStart": 14.49, 
     "wordConfidence": 0.97999999999999998
    }, 
    {
     "wordEnd": 14.859999999999999, 
     "wordId": "BY", 
     "wordStart": 14.710000000000001, 
     "wordConfidence": 0.98999999999999999
    }, 
    {
     "wordEnd": 15.289999999999999, 
     "wordId": "ANNOUNCING", 
     "wordStart": 14.859999999999999, 
     "wordConfidence": 1.0
    }, 
    {
     "wordEnd": 15.390000000000001, 
     "wordId": "THAT", 
     "wordStart": 15.289999999999999, 
     "wordConfidence": 0.53000000000000003
    }, 
    {
     "wordEnd": 15.6, 
     "wordId": "LITTLE", 
     "wordStart": 15.390000000000001, 
     "wordConfidence": 0.82999999999999996
    }, 
    {
     "wordEnd": 15.94, 
     "wordId": "PUMP", 
     "wordStart": 15.6, 
     "wordConfidence": 0.96999999999999997
    }, 
    {
     "wordEnd": 16.030000000000001, 
     "wordId": "AN", 
     "wordStart": 15.94, 
     "wordConfidence": 0.96999999999999997
    }, 
    {
     "wordEnd": 16.32, 
     "wordId": "EXTRA", 
     "wordStart": 16.030000000000001, 
     "wordConfidence": 1.0
    }, 
    {
     "wordEnd": 16.699999999999999, 
     "wordId": "FIVE", 
     "wordStart": 16.32, 
     "wordConfidence": 1.0
    }, 
    {
     "wordEnd": 17.030000000000001, 
     "wordId": "HUNDRED", 
     "wordStart": 16.699999999999999, 
     "wordConfidence": 1.0
    }, 
    {
     "wordEnd": 17.440000000000001, 
     "wordId": "FORTY", 
     "wordStart": 17.030000000000001, 
     "wordConfidence": 1.0
    }, 
    {
     "wordEnd": 17.780000000000001, 
     "wordId": "BILLION", 
     "wordStart": 17.440000000000001, 
     "wordConfidence": 1.0
    }, 
    {
     "wordEnd": 18.109999999999999, 
     "wordId": "DOLLARS", 
     "wordStart": 17.780000000000001, 
     "wordConfidence": 1.0
    }, 
    {
     "wordEnd": 18.190000000000001, 
     "wordId": "OF", 
     "wordStart": 18.109999999999999, 
     "wordConfidence": 0.85999999999999999
    }, 
    {
     "wordEnd": 18.66, 
     "wordId": "FINANCIAL", 
     "wordStart": 18.190000000000001, 
     "wordConfidence": 1.0
    }, 
    {
     "wordEnd": 19.25, 
     "wordId": "SUPPORT", 
     "wordStart": 18.66, 
     "wordConfidence": 1.0
    }, 
    {
     "wordEnd": 19.539999999999999, 
     "wordId": "INTO", 
     "wordStart": 19.280000000000001, 
     "wordConfidence": 1.0
    }, 
    {
     "wordEnd": 19.629999999999999, 
     "wordId": "THE", 
     "wordStart": 19.539999999999999, 
     "wordConfidence": 1.0
    }, 
    {
     "wordEnd": 20.140000000000001, 
     "wordId": "ECONOMIES", 
     "wordStart": 19.629999999999999, 
     "wordConfidence": 1.0
    }, 
    {
     "wordEnd": 20.210000000000001, 
     "wordId": "OF", 
     "wordStart": 20.140000000000001, 
     "wordConfidence": 1.0
    }, 
    {
     "wordEnd": 20.309999999999999, 
     "wordId": "THE", 
     "wordStart": 20.210000000000001, 
     "wordConfidence": 1.0
    }, 
    {
     "wordEnd": 20.75, 
     "wordId": "EUROZONE", 
     "wordStart": 20.309999999999999, 
     "wordConfidence": 1.0
    }, 
    {
     "wordEnd": 21.02, 
     "wordId": "NEXT", 
     "wordStart": 20.75, 
     "wordConfidence": 1.0
    }, 
    {
     "wordEnd": 21.280000000000001, 
     "wordId": "YEAR", 
     "wordStart": 21.02, 
     "wordConfidence": 1.0
    }, 
    {
     "wordEnd": 22.149999999999999, 
     "wordId": "CARRY", 
     "wordStart": 21.84, 
     "wordConfidence": 0.76000000000000001
    }, 
    {
     "wordEnd": 22.530000000000001, 
     "wordId": "LES", 
     "wordStart": 22.149999999999999, 
     "wordConfidence": 0.57999999999999996
    }, 
    {
     "wordEnd": 22.960000000000001, 
     "wordId": "DECISION", 
     "wordStart": 22.559999999999999, 
     "wordConfidence": 1.0
    }, 
    {
     "wordEnd": 23.5, 
     "wordId": "ECONOMICS", 
     "wordStart": 22.960000000000001, 
     "wordConfidence": 1.0
    }, 
    {
     "wordEnd": 23.68, 
     "wordId": "IN", 
     "wordStart": 23.530000000000001, 
     "wordConfidence": 1.0
    }, 
    {
     "wordEnd": 23.809999999999999, 
     "wordId": "NEW", 
     "wordStart": 23.68, 
     "wordConfidence": 1.0
    }, 
    {
     "wordEnd": 24.16, 
     "wordId": "YORK", 
     "wordStart": 23.809999999999999, 
     "wordConfidence": 1.0
    }, 
    {
     "wordEnd": 24.440000000000001, 
     "wordId": "GAVE", 
     "wordStart": 24.190000000000001, 
     "wordConfidence": 1.0
    }, 
    {
     "wordEnd": 24.59, 
     "wordId": "ME", 
     "wordStart": 24.440000000000001, 
     "wordConfidence": 1.0
    }, 
    {
     "wordEnd": 24.800000000000001, 
     "wordId": "HIS", 
     "wordStart": 24.59, 
     "wordConfidence": 0.93000000000000005
    }, 
    {
     "wordEnd": 24.960000000000001, 
     "wordId": "VIEW", 
     "wordStart": 24.800000000000001, 
     "wordConfidence": 0.82999999999999996
    }, 
    {
     "wordEnd": 25.039999999999999, 
     "wordId": "OF", 
     "wordStart": 24.960000000000001, 
     "wordConfidence": 1.0
    }, 
    {
     "wordEnd": 25.120000000000001, 
     "wordId": "THE", 
     "wordStart": 25.039999999999999, 
     "wordConfidence": 0.98999999999999999
    }, 
    {
     "wordEnd": 25.370000000000001, 
     "wordId": "DAY'S", 
     "wordStart": 25.120000000000001, 
     "wordConfidence": 1.0
    }, 
    {
     "wordEnd": 25.84, 
     "wordId": "TRADING", 
     "wordStart": 25.370000000000001, 
     "wordConfidence": 1.0
    }, 
    {
     "wordEnd": 26.309999999999999, 
     "wordId": "ON", 
     "wordStart": 26.030000000000001, 
     "wordConfidence": 1.0
    }, 
    {
     "wordEnd": 26.510000000000002, 
     "wordId": "WALL", 
     "wordStart": 26.309999999999999, 
     "wordConfidence": 1.0
    }, 
    {
     "wordEnd": 26.960000000000001, 
     "wordId": "STREET", 
     "wordStart": 26.510000000000002, 
     "wordConfidence": 1.0
    }, 
    {
     "wordEnd": 27.739999999999998, 
     "wordId": "I", 
     "wordStart": 27.559999999999999, 
     "wordConfidence": 1.0
    }, 
    {
     "wordEnd": 28.050000000000001, 
     "wordId": "WOULDN'T", 
     "wordStart": 27.739999999999998, 
     "wordConfidence": 1.0
    }, 
    {
     "wordEnd": 28.399999999999999, 
     "wordId": "ARGUE", 
     "wordStart": 28.050000000000001, 
     "wordConfidence": 1.0
    }, 
    {
     "wordEnd": 28.629999999999999, 
     "wordId": "THAT", 
     "wordStart": 28.399999999999999, 
     "wordConfidence": 0.93000000000000005
    }, 
    {
     "wordEnd": 29.030000000000001, 
     "wordId": "YET", 
     "wordStart": 28.760000000000002, 
     "wordConfidence": 0.91000000000000003
    }, 
    {
     "wordEnd": 29.16, 
     "wordId": "YOU", 
     "wordStart": 29.030000000000001, 
     "wordConfidence": 0.98999999999999999
    }, 
    {
     "wordEnd": 29.32, 
     "wordId": "COULD", 
     "wordStart": 29.170000000000002, 
     "wordConfidence": 0.79000000000000004
    }, 
    {
     "wordEnd": 29.420000000000002, 
     "wordId": "BE", 
     "wordStart": 29.32, 
     "wordConfidence": 1.0
    }, 
    {
     "wordEnd": 29.829999999999998, 
     "wordId": "DECISION", 
     "wordStart": 29.420000000000002, 
     "wordConfidence": 1.0
    }, 
    {
     "wordEnd": 30.030000000000001, 
     "wordId": "WELL", 
     "wordStart": 29.829999999999998, 
     "wordConfidence": 0.97999999999999998
    }, 
    {
     "wordEnd": 30.329999999999998, 
     "wordId": "QUITE", 
     "wordStart": 30.030000000000001, 
     "wordConfidence": 1.0
    }, 
    {
     "wordEnd": 30.780000000000001, 
     "wordId": "INTERESTING", 
     "wordStart": 30.329999999999998, 
     "wordConfidence": 0.96999999999999997
    }, 
    {
     "wordEnd": 30.940000000000001, 
     "wordId": "WAS", 
     "wordStart": 30.780000000000001, 
     "wordConfidence": 0.59999999999999998
    }, 
    {
     "wordEnd": 31.27, 
     "wordId": "PROBABLY", 
     "wordStart": 30.940000000000001, 
     "wordConfidence": 1.0
    }, 
    {
     "wordEnd": 31.489999999999998, 
     "wordId": "NOT", 
     "wordStart": 31.27, 
     "wordConfidence": 0.98999999999999999
    }, 
    {
     "wordEnd": 31.559999999999999, 
     "wordId": "A", 
     "wordStart": 31.489999999999998, 
     "wordConfidence": 0.83999999999999997
    }, 
    {
     "wordEnd": 31.98, 
     "wordId": "MAJOR", 
     "wordStart": 31.57, 
     "wordConfidence": 0.81000000000000005
    }, 
    {
     "wordEnd": 32.460000000000001, 
     "wordId": "MARKET", 
     "wordStart": 32.009999999999998, 
     "wordConfidence": 0.98999999999999999
    }, 
    {
     "wordEnd": 33.689999999999998, 
     "wordId": "I", 
     "wordStart": 33.520000000000003, 
     "wordConfidence": 1.0
    }, 
    {
     "wordEnd": 33.909999999999997, 
     "wordId": "THINK", 
     "wordStart": 33.689999999999998, 
     "wordConfidence": 1.0
    }, 
    {
     "wordEnd": 34.579999999999998, 
     "wordId": "INDIVIDUAL", 
     "wordStart": 33.969999999999999, 
     "wordConfidence": 0.97999999999999998
    }, 
    {
     "wordEnd": 36.07, 
     "wordId": "EXPECTING", 
     "wordStart": 35.359999999999999, 
     "wordConfidence": 0.93000000000000005
    }
   ], 
   "endTime": 36.100000000000001, 
   "speakerId": "s0001", 
   "startTime": 6.7000000000000002
  }, 
  {
   "classId": "speech", 
   "spokenWords": [
    {
     "wordEnd": 37.090000000000003, 
     "wordId": "IF", 
     "wordStart": 36.909999999999997, 
     "wordConfidence": 1.0
    }, 
    {
     "wordEnd": 37.200000000000003, 
     "wordId": "HE", 
     "wordStart": 37.090000000000003, 
     "wordConfidence": 0.76000000000000001
    }, 
    {
     "wordEnd": 37.420000000000002, 
     "wordId": "BE", 
     "wordStart": 37.210000000000001, 
     "wordConfidence": 0.59999999999999998
    }, 
    {
     "wordEnd": 37.840000000000003, 
     "wordId": "NOT", 
     "wordStart": 37.43, 
     "wordConfidence": 0.90000000000000002
    }, 
    {
     "wordEnd": 38.200000000000003, 
     "wordId": "TO", 
     "wordStart": 37.899999999999999, 
     "wordConfidence": 0.93999999999999995
    }, 
    {
     "wordEnd": 38.840000000000003, 
     "wordId": "EXTEND", 
     "wordStart": 38.240000000000002, 
     "wordConfidence": 1.0
    }, 
    {
     "wordEnd": 38.93, 
     "wordId": "TO", 
     "wordStart": 38.840000000000003, 
     "wordConfidence": 1.0
    }, 
    {
     "wordEnd": 39.090000000000003, 
     "wordId": "ANY", 
     "wordStart": 38.93, 
     "wordConfidence": 1.0
    }, 
    {
     "wordEnd": 39.32, 
     "wordId": "GREAT", 
     "wordStart": 39.090000000000003, 
     "wordConfidence": 1.0
    }, 
    {
     "wordEnd": 39.780000000000001, 
     "wordId": "EXTENT", 
     "wordStart": 39.32, 
     "wordConfidence": 1.0
    }, 
    {
     "wordEnd": 40.0, 
     "wordId": "THE", 
     "wordStart": 39.780000000000001, 
     "wordConfidence": 0.92000000000000004
    }, 
    {
     "wordEnd": 40.560000000000002, 
     "wordId": "PURCHASE", 
     "wordStart": 40.130000000000003, 
     "wordConfidence": 0.34000000000000002
    }, 
    {
     "wordEnd": 40.719999999999999, 
     "wordId": "I", 
     "wordStart": 40.590000000000003, 
     "wordConfidence": 0.88
    }, 
    {
     "wordEnd": 40.880000000000003, 
     "wordId": "AM", 
     "wordStart": 40.719999999999999, 
     "wordConfidence": 0.87
    }, 
    {
     "wordEnd": 41.109999999999999, 
     "wordId": "WHICH", 
     "wordStart": 40.899999999999999, 
     "wordConfidence": 1.0
    }, 
    {
     "wordEnd": 41.270000000000003, 
     "wordId": "THEY", 
     "wordStart": 41.109999999999999, 
     "wordConfidence": 1.0
    }, 
    {
     "wordEnd": 41.57, 
     "wordId": "DID", 
     "wordStart": 41.270000000000003, 
     "wordConfidence": 1.0
    }, 
    {
     "wordEnd": 41.82, 
     "wordId": "BUT", 
     "wordStart": 41.600000000000001, 
     "wordConfidence": 1.0
    }, 
    {
     "wordEnd": 41.979999999999997, 
     "wordId": "THEY", 
     "wordStart": 41.82, 
     "wordConfidence": 1.0
    }, 
    {
     "wordEnd": 42.289999999999999, 
     "wordId": "DID", 
     "wordStart": 41.979999999999997, 
     "wordConfidence": 1.0
    }, 
    {
     "wordEnd": 42.520000000000003, 
     "wordId": "SAY", 
     "wordStart": 42.380000000000003, 
     "wordConfidence": 0.70999999999999996
    }, 
    {
     "wordEnd": 42.640000000000001, 
     "wordId": "THEY", 
     "wordStart": 42.520000000000003, 
     "wordConfidence": 1.0
    }, 
    {
     "wordEnd": 42.770000000000003, 
     "wordId": "WERE", 
     "wordStart": 42.640000000000001, 
     "wordConfidence": 1.0
    }, 
    {
     "wordEnd": 42.899999999999999, 
     "wordId": "GOING", 
     "wordStart": 42.770000000000003, 
     "wordConfidence": 0.98999999999999999
    }, 
    {
     "wordEnd": 42.979999999999997, 
     "wordId": "TO", 
     "wordStart": 42.899999999999999, 
     "wordConfidence": 0.98999999999999999
    }, 
    {
     "wordEnd": 43.359999999999999, 
     "wordId": "BLOW", 
     "wordStart": 43.030000000000001, 
     "wordConfidence": 0.58999999999999997
    }, 
    {
     "wordEnd": 43.460000000000001, 
     "wordId": "THE", 
     "wordStart": 43.369999999999997, 
     "wordConfidence": 0.52000000000000002
    }, 
    {
     "wordEnd": 43.719999999999999, 
     "wordId": "PAY", 
     "wordStart": 43.460000000000001, 
     "wordConfidence": 0.56000000000000005
    }
   ], 
   "endTime": 43.780000000000001, 
   "speakerId": "s0001", 
   "startTime": 36.789999999999999
  }, 
  {
   "classId": "speech", 
   "spokenWords": [
    {
     "wordEnd": 45.219999999999999, 
     "wordId": "AFTER", 
     "wordStart": 44.689999999999998, 
     "wordConfidence": 1.0
    }, 
    {
     "wordEnd": 45.719999999999999, 
     "wordId": "A", 
     "wordStart": 45.5, 
     "wordConfidence": 0.96999999999999997
    }, 
    {
     "wordEnd": 46.219999999999999, 
     "wordId": "MARCH", 
     "wordStart": 45.719999999999999, 
     "wordConfidence": 0.87
    }, 
    {
     "wordEnd": 46.380000000000003, 
     "wordId": "BUT", 
     "wordStart": 46.25, 
     "wordConfidence": 0.53000000000000003
    }, 
    {
     "wordEnd": 46.549999999999997, 
     "wordId": "THEY", 
     "wordStart": 46.390000000000001, 
     "wordConfidence": 1.0
    }, 
    {
     "wordEnd": 47.030000000000001, 
     "wordId": "EXPECT", 
     "wordStart": 46.549999999999997, 
     "wordConfidence": 1.0
    }, 
    {
     "wordEnd": 47.159999999999997, 
     "wordId": "THAT", 
     "wordStart": 47.049999999999997, 
     "wordConfidence": 0.90000000000000002
    }, 
    {
     "wordEnd": 47.659999999999997, 
     "wordId": "YOU", 
     "wordStart": 47.439999999999998, 
     "wordConfidence": 1.0
    }, 
    {
     "wordEnd": 47.810000000000002, 
     "wordId": "COULD", 
     "wordStart": 47.659999999999997, 
     "wordConfidence": 1.0
    }, 
    {
     "wordEnd": 47.939999999999998, 
     "wordId": "BE", 
     "wordStart": 47.810000000000002, 
     "wordConfidence": 1.0
    }, 
    {
     "wordEnd": 48.270000000000003, 
     "wordId": "PLAN", 
     "wordStart": 47.939999999999998, 
     "wordConfidence": 0.62
    }, 
    {
     "wordEnd": 48.390000000000001, 
     "wordId": "IT'S", 
     "wordStart": 48.280000000000001, 
     "wordConfidence": 0.40000000000000002
    }, 
    {
     "wordEnd": 48.630000000000003, 
     "wordId": "NOT", 
     "wordStart": 48.390000000000001, 
     "wordConfidence": 1.0
    }, 
    {
     "wordEnd": 48.899999999999999, 
     "wordId": "GOING", 
     "wordStart": 48.630000000000003, 
     "wordConfidence": 1.0
    }, 
    {
     "wordEnd": 48.979999999999997, 
     "wordId": "TO", 
     "wordStart": 48.899999999999999, 
     "wordConfidence": 1.0
    }, 
    {
     "wordEnd": 49.100000000000001, 
     "wordId": "BE", 
     "wordStart": 48.979999999999997, 
     "wordConfidence": 1.0
    }, 
    {
     "wordEnd": 49.469999999999999, 
     "wordId": "TIME", 
     "wordStart": 49.100000000000001, 
     "wordConfidence": 1.0
    }, 
    {
     "wordEnd": 49.609999999999999, 
     "wordId": "WHERE", 
     "wordStart": 49.469999999999999, 
     "wordConfidence": 0.64000000000000001
    }, 
    {
     "wordEnd": 50.060000000000002, 
     "wordId": "IT'S", 
     "wordStart": 49.710000000000001, 
     "wordConfidence": 1.0
    }, 
    {
     "wordEnd": 50.270000000000003, 
     "wordId": "GOING", 
     "wordStart": 50.060000000000002, 
     "wordConfidence": 1.0
    }, 
    {
     "wordEnd": 50.359999999999999, 
     "wordId": "TO", 
     "wordStart": 50.270000000000003, 
     "wordConfidence": 1.0
    }, 
    {
     "wordEnd": 50.590000000000003, 
     "wordId": "HAVE", 
     "wordStart": 50.359999999999999, 
     "wordConfidence": 1.0
    }, 
    {
     "wordEnd": 51.43, 
     "wordId": "VERY", 
     "wordStart": 50.920000000000002, 
     "wordConfidence": 1.0
    }, 
    {
     "wordEnd": 51.82, 
     "wordId": "HEAVY", 
     "wordStart": 51.43, 
     "wordConfidence": 1.0
    }, 
    {
     "wordEnd": 52.299999999999997, 
     "wordId": "VOLUMES", 
     "wordStart": 51.82, 
     "wordConfidence": 0.98999999999999999
    }, 
    {
     "wordEnd": 52.390000000000001, 
     "wordId": "OF", 
     "wordStart": 52.299999999999997, 
     "wordConfidence": 0.95999999999999996
    }, 
    {
     "wordEnd": 52.960000000000001, 
     "wordId": "PURCHASES", 
     "wordStart": 52.390000000000001, 
     "wordConfidence": 0.98999999999999999
    }
   ], 
   "endTime": 53.049999999999997, 
   "speakerId": "s0001", 
   "startTime": 44.310000000000002
  }, 
  {
   "classId": "speech", 
   "spokenWords": [
    {
     "wordEnd": 53.880000000000003, 
     "wordId": "FOR", 
     "wordStart": 53.719999999999999, 
     "wordConfidence": 1.0
    }, 
    {
     "wordEnd": 54.109999999999999, 
     "wordId": "QUITE", 
     "wordStart": 53.880000000000003, 
     "wordConfidence": 1.0
    }, 
    {
     "wordEnd": 54.149999999999999, 
     "wordId": "A", 
     "wordStart": 54.109999999999999, 
     "wordConfidence": 1.0
    }, 
    {
     "wordEnd": 54.329999999999998, 
     "wordId": "FEW", 
     "wordStart": 54.149999999999999, 
     "wordConfidence": 1.0
    }, 
    {
     "wordEnd": 54.609999999999999, 
     "wordId": "YEARS", 
     "wordStart": 54.329999999999998, 
     "wordConfidence": 1.0
    }, 
    {
     "wordEnd": 54.93, 
     "wordId": "NOW", 
     "wordStart": 54.609999999999999, 
     "wordConfidence": 1.0
    }, 
    {
     "wordEnd": 55.399999999999999, 
     "wordId": "BUT", 
     "wordStart": 55.119999999999997, 
     "wordConfidence": 1.0
    }, 
    {
     "wordEnd": 55.780000000000001, 
     "wordId": "I", 
     "wordStart": 55.590000000000003, 
     "wordConfidence": 1.0
    }, 
    {
     "wordEnd": 56.07, 
     "wordId": "THINK", 
     "wordStart": 55.780000000000001, 
     "wordConfidence": 1.0
    }, 
    {
     "wordEnd": 56.229999999999997, 
     "wordId": "THE", 
     "wordStart": 56.07, 
     "wordConfidence": 0.96999999999999997
    }, 
    {
     "wordEnd": 56.729999999999997, 
     "wordId": "FIRST", 
     "wordStart": 56.450000000000003, 
     "wordConfidence": 0.97999999999999998
    }, 
    {
     "wordEnd": 57.039999999999999, 
     "wordId": "FENCE", 
     "wordStart": 56.729999999999997, 
     "wordConfidence": 0.92000000000000004
    }, 
    {
     "wordEnd": 57.140000000000001, 
     "wordId": "HE", 
     "wordStart": 57.030000000000001, 
     "wordConfidence": 0.56999999999999995
    }, 
    {
     "wordEnd": 57.640000000000001, 
     "wordId": "PERHAPS", 
     "wordStart": 57.149999999999999, 
     "wordConfidence": 1.0
    }, 
    {
     "wordEnd": 58.090000000000003, 
     "wordId": "START", 
     "wordStart": 57.829999999999998, 
     "wordConfidence": 0.81999999999999995
    }, 
    {
     "wordEnd": 58.560000000000002, 
     "wordId": "SLOWING", 
     "wordStart": 58.149999999999999, 
     "wordConfidence": 0.93999999999999995
    }, 
    {
     "wordEnd": 58.990000000000002, 
     "wordId": "DOWN", 
     "wordStart": 58.560000000000002, 
     "wordConfidence": 1.0
    }, 
    {
     "wordEnd": 59.390000000000001, 
     "wordId": "SOMETIME", 
     "wordStart": 59.020000000000003, 
     "wordConfidence": 0.56999999999999995
    }, 
    {
     "wordEnd": 59.789999999999999, 
     "wordId": "NEXT", 
     "wordStart": 59.5, 
     "wordConfidence": 1.0
    }, 
    {
     "wordEnd": 60.0, 
     "wordId": "YEAR", 
     "wordStart": 59.789999999999999, 
     "wordConfidence": 1.0
    }, 
    {
     "wordEnd": 60.399999999999999, 
     "wordId": "IT", 
     "wordStart": 60.219999999999999, 
     "wordConfidence": 0.70999999999999996
    }, 
    {
     "wordEnd": 60.880000000000003, 
     "wordId": "HAPPENING", 
     "wordStart": 60.399999999999999, 
     "wordConfidence": 1.0
    }, 
    {
     "wordEnd": 61.0, 
     "wordId": "IN", 
     "wordStart": 60.880000000000003, 
     "wordConfidence": 0.90000000000000002
    }, 
    {
     "wordEnd": 61.140000000000001, 
     "wordId": "THERE", 
     "wordStart": 61.009999999999998, 
     "wordConfidence": 0.72999999999999998
    }, 
    {
     "wordEnd": 61.340000000000003, 
     "wordId": "BUT", 
     "wordStart": 61.200000000000003, 
     "wordConfidence": 0.76000000000000001
    }, 
    {
     "wordEnd": 61.390000000000001, 
     "wordId": "I", 
     "wordStart": 61.350000000000001, 
     "wordConfidence": 0.65000000000000002
    }, 
    {
     "wordEnd": 61.530000000000001, 
     "wordId": "THINK", 
     "wordStart": 61.390000000000001, 
     "wordConfidence": 0.65000000000000002
    }, 
    {
     "wordEnd": 61.68, 
     "wordId": "WHAT", 
     "wordStart": 61.530000000000001, 
     "wordConfidence": 0.54000000000000004
    }, 
    {
     "wordEnd": 62.149999999999999, 
     "wordId": "MARK", 
     "wordStart": 61.799999999999997, 
     "wordConfidence": 0.65000000000000002
    }, 
    {
     "wordEnd": 62.270000000000003, 
     "wordId": "WAS", 
     "wordStart": 62.149999999999999, 
     "wordConfidence": 0.96999999999999997
    }, 
    {
     "wordEnd": 62.479999999999997, 
     "wordId": "TRYING", 
     "wordStart": 62.270000000000003, 
     "wordConfidence": 1.0
    }, 
    {
     "wordEnd": 62.579999999999998, 
     "wordId": "TO", 
     "wordStart": 62.479999999999997, 
     "wordConfidence": 1.0
    }, 
    {
     "wordEnd": 62.780000000000001, 
     "wordId": "CHEW", 
     "wordStart": 62.579999999999998, 
     "wordConfidence": 1.0
    }, 
    {
     "wordEnd": 63.0, 
     "wordId": "ON", 
     "wordStart": 62.780000000000001, 
     "wordConfidence": 1.0
    }
   ], 
   "endTime": 63.020000000000003, 
   "speakerId": "s0001", 
   "startTime": 53.539999999999999
  }, 
  {
   "classId": "speech", 
   "spokenWords": [
    {
     "wordEnd": 63.490000000000002, 
     "wordId": "AND", 
     "wordStart": 63.390000000000001, 
     "wordConfidence": 0.94999999999999996
    }, 
    {
     "wordEnd": 63.850000000000001, 
     "wordId": "YET", 
     "wordStart": 63.5, 
     "wordConfidence": 1.0
    }, 
    {
     "wordEnd": 64.319999999999993, 
     "wordId": "MORE", 
     "wordStart": 63.880000000000003, 
     "wordConfidence": 1.0
    }, 
    {
     "wordEnd": 65.019999999999996, 
     "wordId": "RECORD", 
     "wordStart": 64.349999999999994, 
     "wordConfidence": 0.98999999999999999
    }, 
    {
     "wordEnd": 65.629999999999995, 
     "wordId": "CLOSING", 
     "wordStart": 65.049999999999997, 
     "wordConfidence": 1.0
    }, 
    {
     "wordEnd": 65.969999999999999, 
     "wordId": "HARD", 
     "wordStart": 65.629999999999995, 
     "wordConfidence": 0.55000000000000004
    }, 
    {
     "wordEnd": 66.280000000000001, 
     "wordId": "EYES", 
     "wordStart": 65.969999999999999, 
     "wordConfidence": 0.56999999999999995
    }, 
    {
     "wordEnd": 66.870000000000005, 
     "wordId": "FOR", 
     "wordStart": 66.290000000000006, 
     "wordConfidence": 0.98999999999999999
    }, 
    {
     "wordEnd": 67.030000000000001, 
     "wordId": "THE", 
     "wordStart": 66.870000000000005, 
     "wordConfidence": 0.92000000000000004
    }, 
    {
     "wordEnd": 67.530000000000001, 
     "wordId": "THAN", 
     "wordStart": 67.400000000000006, 
     "wordConfidence": 0.78000000000000003
    }, 
    {
     "wordEnd": 68.040000000000006, 
     "wordId": "AZTEC", 
     "wordStart": 67.650000000000006, 
     "wordConfidence": 1.0
    }, 
    {
     "wordEnd": 68.140000000000001, 
     "wordId": "THE", 
     "wordStart": 68.040000000000006, 
     "wordConfidence": 0.79000000000000004
    }, 
    {
     "wordEnd": 68.890000000000001, 
     "wordId": "TECHNOLOGY", 
     "wordStart": 68.140000000000001, 
     "wordConfidence": 1.0
    }, 
    {
     "wordEnd": 69.849999999999994, 
     "wordId": "INDEX", 
     "wordStart": 69.189999999999998, 
     "wordConfidence": 1.0
    }, 
    {
     "wordEnd": 70.469999999999999, 
     "wordId": "WHAT'S", 
     "wordStart": 70.200000000000003, 
     "wordConfidence": 1.0
    }, 
    {
     "wordEnd": 70.700000000000003, 
     "wordId": "GOING", 
     "wordStart": 70.469999999999999, 
     "wordConfidence": 1.0
    }, 
    {
     "wordEnd": 70.829999999999998, 
     "wordId": "ON", 
     "wordStart": 70.700000000000003, 
     "wordConfidence": 1.0
    }, 
    {
     "wordEnd": 71.030000000000001, 
     "wordId": "HERE", 
     "wordStart": 70.829999999999998, 
     "wordConfidence": 1.0
    }, 
    {
     "wordEnd": 71.290000000000006, 
     "wordId": "I", 
     "wordStart": 71.060000000000002, 
     "wordConfidence": 1.0
    }, 
    {
     "wordEnd": 71.459999999999994, 
     "wordId": "SEE", 
     "wordStart": 71.290000000000006, 
     "wordConfidence": 1.0
    }, 
    {
     "wordEnd": 71.560000000000002, 
     "wordId": "THE", 
     "wordStart": 71.459999999999994, 
     "wordConfidence": 0.98999999999999999
    }, 
    {
     "wordEnd": 71.950000000000003, 
     "wordId": "BANKS", 
     "wordStart": 71.560000000000002, 
     "wordConfidence": 0.98999999999999999
    }, 
    {
     "wordEnd": 72.049999999999997, 
     "wordId": "IN", 
     "wordStart": 71.950000000000003, 
     "wordConfidence": 1.0
    }, 
    {
     "wordEnd": 72.609999999999999, 
     "wordId": "PARTICULAR", 
     "wordStart": 72.049999999999997, 
     "wordConfidence": 1.0
    }, 
    {
     "wordEnd": 72.829999999999998, 
     "wordId": "SEEM", 
     "wordStart": 72.609999999999999, 
     "wordConfidence": 0.90000000000000002
    }, 
    {
     "wordEnd": 72.939999999999998, 
     "wordId": "TO", 
     "wordStart": 72.829999999999998, 
     "wordConfidence": 1.0
    }, 
    {
     "wordEnd": 73.040000000000006, 
     "wordId": "HAVE", 
     "wordStart": 72.939999999999998, 
     "wordConfidence": 1.0
    }, 
    {
     "wordEnd": 73.680000000000007, 
     "wordId": "BENEFITED", 
     "wordStart": 73.040000000000006, 
     "wordConfidence": 1.0
    }, 
    {
     "wordEnd": 74.140000000000001, 
     "wordId": "FROM", 
     "wordStart": 73.680000000000007, 
     "wordConfidence": 1.0
    }, 
    {
     "wordEnd": 74.459999999999994, 
     "wordId": "THAT", 
     "wordStart": 74.25, 
     "wordConfidence": 0.90000000000000002
    }, 
    {
     "wordEnd": 74.760000000000005, 
     "wordId": "DONALD", 
     "wordStart": 74.489999999999995, 
     "wordConfidence": 0.96999999999999997
    }, 
    {
     "wordEnd": 75.159999999999997, 
     "wordId": "TRUMP'S", 
     "wordStart": 74.760000000000005, 
     "wordConfidence": 0.96999999999999997
    }, 
    {
     "wordEnd": 75.709999999999994, 
     "wordId": "ELECTION", 
     "wordStart": 75.189999999999998, 
     "wordConfidence": 1.0
    }, 
    {
     "wordEnd": 76.109999999999999, 
     "wordId": "VICTORY", 
     "wordStart": 75.709999999999994, 
     "wordConfidence": 1.0
    }, 
    {
     "wordEnd": 76.530000000000001, 
     "wordId": "GOLDMAN", 
     "wordStart": 76.109999999999999, 
     "wordConfidence": 1.0
    }, 
    {
     "wordEnd": 76.920000000000002, 
     "wordId": "SACHS", 
     "wordStart": 76.530000000000001, 
     "wordConfidence": 1.0
    }, 
    {
     "wordEnd": 77.170000000000002, 
     "wordId": "UP", 
     "wordStart": 76.950000000000003, 
     "wordConfidence": 1.0
    }, 
    {
     "wordEnd": 77.760000000000005, 
     "wordId": "THIRTY", 
     "wordStart": 77.170000000000002, 
     "wordConfidence": 1.0
    }, 
    {
     "wordEnd": 78.280000000000001, 
     "wordId": "THREE", 
     "wordStart": 77.760000000000005, 
     "wordConfidence": 1.0
    }, 
    {
     "wordEnd": 78.700000000000003, 
     "wordId": "PER", 
     "wordStart": 78.280000000000001, 
     "wordConfidence": 0.51000000000000001
    }, 
    {
     "wordEnd": 78.969999999999999, 
     "wordId": "CENT", 
     "wordStart": 78.700000000000003, 
     "wordConfidence": 0.51000000000000001
    }, 
    {
     "wordEnd": 79.900000000000006, 
     "wordId": "SINCE", 
     "wordStart": 79.359999999999999, 
     "wordConfidence": 1.0
    }, 
    {
     "wordEnd": 80.310000000000002, 
     "wordId": "THE", 
     "wordStart": 80.120000000000005, 
     "wordConfidence": 1.0
    }, 
    {
     "wordEnd": 80.810000000000002, 
     "wordId": "U.S.", 
     "wordStart": 80.310000000000002, 
     "wordConfidence": 1.0
    }, 
    {
     "wordEnd": 81.359999999999999, 
     "wordId": "ELECTION", 
     "wordStart": 80.840000000000003, 
     "wordConfidence": 1.0
    }, 
    {
     "wordEnd": 81.579999999999998, 
     "wordId": "WHAT", 
     "wordStart": 81.359999999999999, 
     "wordConfidence": 0.98999999999999999
    }, 
    {
     "wordEnd": 81.780000000000001, 
     "wordId": "WHAT'S", 
     "wordStart": 81.579999999999998, 
     "wordConfidence": 1.0
    }, 
    {
     "wordEnd": 82.049999999999997, 
     "wordId": "GOING", 
     "wordStart": 81.780000000000001, 
     "wordConfidence": 1.0
    }, 
    {
     "wordEnd": 82.200000000000003, 
     "wordId": "ON", 
     "wordStart": 82.049999999999997, 
     "wordConfidence": 1.0
    }
   ], 
   "endTime": 82.219999999999999, 
   "speakerId": "s0001", 
   "startTime": 63.340000000000003
  }, 
  {
   "classId": "speech", 
   "spokenWords": [
    {
     "wordEnd": 83.170000000000002, 
     "wordId": "WELL", 
     "wordStart": 82.989999999999995, 
     "wordConfidence": 0.81000000000000005
    }, 
    {
     "wordEnd": 83.400000000000006, 
     "wordId": "WHAT", 
     "wordStart": 83.200000000000003, 
     "wordConfidence": 0.96999999999999997
    }, 
    {
     "wordEnd": 83.5, 
     "wordId": "IS", 
     "wordStart": 83.400000000000006, 
     "wordConfidence": 0.96999999999999997
    }, 
    {
     "wordEnd": 83.769999999999996, 
     "wordId": "GOING", 
     "wordStart": 83.5, 
     "wordConfidence": 1.0
    }, 
    {
     "wordEnd": 84.049999999999997, 
     "wordId": "ON", 
     "wordStart": 83.769999999999996, 
     "wordConfidence": 1.0
    }, 
    {
     "wordEnd": 84.299999999999997, 
     "wordId": "THERE", 
     "wordStart": 84.049999999999997, 
     "wordConfidence": 0.97999999999999998
    }
   ], 
   "endTime": 84.430000000000007, 
   "speakerId": "s0001", 
   "startTime": 82.930000000000007
  }, 
  {
   "classId": "speech", 
   "spokenWords": [
    {
     "wordEnd": 86.719999999999999, 
     "wordId": "EMBRACE", 
     "wordStart": 86.090000000000003, 
     "wordConfidence": 0.79000000000000004
    }, 
    {
     "wordEnd": 87.040000000000006, 
     "wordId": "MEANT", 
     "wordStart": 86.810000000000002, 
     "wordConfidence": 1.0
    }, 
    {
     "wordEnd": 87.280000000000001, 
     "wordId": "BY", 
     "wordStart": 87.040000000000006, 
     "wordConfidence": 1.0
    }, 
    {
     "wordEnd": 87.370000000000005, 
     "wordId": "THE", 
     "wordStart": 87.280000000000001, 
     "wordConfidence": 0.96999999999999997
    }, 
    {
     "wordEnd": 87.989999999999995, 
     "wordId": "MARKET", 
     "wordStart": 87.370000000000005, 
     "wordConfidence": 1.0
    }
   ], 
   "endTime": 88.650000000000006, 
   "speakerId": "s0001", 
   "startTime": 85.370000000000005
  }, 
  {
   "classId": "speech", 
   "spokenWords": [
    {
     "wordEnd": 89.629999999999995, 
     "wordId": "PREPPING", 
     "wordStart": 89.370000000000005, 
     "wordConfidence": 0.59999999999999998
    }, 
    {
     "wordEnd": 89.950000000000003, 
     "wordId": "PREP", 
     "wordStart": 89.709999999999994, 
     "wordConfidence": 0.34000000000000002
    }, 
    {
     "wordEnd": 90.409999999999997, 
     "wordId": "TRUMPET", 
     "wordStart": 90.069999999999993, 
     "wordConfidence": 0.34999999999999998
    }, 
    {
     "wordEnd": 90.629999999999995, 
     "wordId": "GOING", 
     "wordStart": 90.439999999999998, 
     "wordConfidence": 1.0
    }, 
    {
     "wordEnd": 90.719999999999999, 
     "wordId": "TO", 
     "wordStart": 90.629999999999995, 
     "wordConfidence": 1.0
    }, 
    {
     "wordEnd": 91.25, 
     "wordId": "REPRESENT", 
     "wordStart": 90.890000000000001, 
     "wordConfidence": 0.40000000000000002
    }, 
    {
     "wordEnd": 92.030000000000001, 
     "wordId": "SOMETHING", 
     "wordStart": 91.709999999999994, 
     "wordConfidence": 0.41999999999999998
    }, 
    {
     "wordEnd": 92.629999999999995, 
     "wordId": "ALL", 
     "wordStart": 92.329999999999998, 
     "wordConfidence": 0.97999999999999998
    }, 
    {
     "wordEnd": 94.209999999999994, 
     "wordId": "CONSERVATIVE", 
     "wordStart": 93.519999999999996, 
     "wordConfidence": 1.0
    }, 
    {
     "wordEnd": 94.719999999999999, 
     "wordId": "REPUBLICAN", 
     "wordStart": 94.209999999999994, 
     "wordConfidence": 0.96999999999999997
    }, 
    {
     "wordEnd": 94.959999999999994, 
     "wordId": "MINUTES'", 
     "wordStart": 94.719999999999999, 
     "wordConfidence": 0.54000000000000004
    }, 
    {
     "wordEnd": 95.510000000000005, 
     "wordId": "DURATION", 
     "wordStart": 94.959999999999994, 
     "wordConfidence": 1.0
    }, 
    {
     "wordEnd": 95.769999999999996, 
     "wordId": "WHICH", 
     "wordStart": 95.510000000000005, 
     "wordConfidence": 1.0
    }, 
    {
     "wordEnd": 96.180000000000007, 
     "wordId": "WILL", 
     "wordStart": 95.769999999999996, 
     "wordConfidence": 0.98999999999999999
    }, 
    {
     "wordEnd": 97.120000000000005, 
     "wordId": "REDUCE", 
     "wordStart": 96.629999999999995, 
     "wordConfidence": 0.94999999999999996
    }, 
    {
     "wordEnd": 97.299999999999997, 
     "wordId": "THE", 
     "wordStart": 97.170000000000002, 
     "wordConfidence": 0.62
    }, 
    {
     "wordEnd": 97.650000000000006, 
     "wordId": "DEGREE", 
     "wordStart": 97.310000000000002, 
     "wordConfidence": 1.0
    }
   ], 
   "endTime": 97.670000000000002, 
   "speakerId": "s0001", 
   "startTime": 89.219999999999999
  }, 
  {
   "classId": "speech", 
   "spokenWords": [
    {
     "wordEnd": 98.739999999999995, 
     "wordId": "REGULATION", 
     "wordStart": 98.150000000000006, 
     "wordConfidence": 1.0
    }, 
    {
     "wordEnd": 98.849999999999994, 
     "wordId": "IN", 
     "wordStart": 98.739999999999995, 
     "wordConfidence": 0.89000000000000001
    }, 
    {
     "wordEnd": 98.920000000000002, 
     "wordId": "THE", 
     "wordStart": 98.849999999999994, 
     "wordConfidence": 0.98999999999999999
    }, 
    {
     "wordEnd": 99.560000000000002, 
     "wordId": "ECONOMY", 
     "wordStart": 98.920000000000002, 
     "wordConfidence": 0.98999999999999999
    }, 
    {
     "wordEnd": 99.769999999999996, 
     "wordId": "AND", 
     "wordStart": 99.569999999999993, 
     "wordConfidence": 0.95999999999999996
    }, 
    {
     "wordEnd": 99.840000000000003, 
     "wordId": "THE", 
     "wordStart": 99.769999999999996, 
     "wordConfidence": 0.98999999999999999
    }, 
    {
     "wordEnd": 100.06999999999999, 
     "wordId": "ONE", 
     "wordStart": 99.840000000000003, 
     "wordConfidence": 1.0
    }, 
    {
     "wordEnd": 100.31, 
     "wordId": "THAT", 
     "wordStart": 100.09999999999999, 
     "wordConfidence": 0.53000000000000003
    }, 
    {
     "wordEnd": 100.5, 
     "wordId": "THERE", 
     "wordStart": 100.41, 
     "wordConfidence": 0.65000000000000002
    }, 
    {
     "wordEnd": 100.69, 
     "wordId": "WAS", 
     "wordStart": 100.53, 
     "wordConfidence": 0.83999999999999997
    }, 
    {
     "wordEnd": 100.88, 
     "wordId": "MOST", 
     "wordStart": 100.69, 
     "wordConfidence": 0.52000000000000002
    }, 
    {
     "wordEnd": 101.44, 
     "wordId": "HEAVILY", 
     "wordStart": 100.88, 
     "wordConfidence": 0.71999999999999997
    }, 
    {
     "wordEnd": 102.12, 
     "wordId": "RE", 
     "wordStart": 101.84999999999999, 
     "wordConfidence": 0.70999999999999996
    }, 
    {
     "wordEnd": 102.75, 
     "wordId": "REGULATED", 
     "wordStart": 102.12, 
     "wordConfidence": 0.73999999999999999
    }, 
    {
     "wordEnd": 102.83, 
     "wordId": "IN", 
     "wordStart": 102.75, 
     "wordConfidence": 1.0
    }, 
    {
     "wordEnd": 102.92, 
     "wordId": "THE", 
     "wordStart": 102.83, 
     "wordConfidence": 1.0
    }, 
    {
     "wordEnd": 103.23, 
     "wordId": "LAST", 
     "wordStart": 102.92, 
     "wordConfidence": 1.0
    }, 
    {
     "wordEnd": 103.45, 
     "wordId": "TEN", 
     "wordStart": 103.23, 
     "wordConfidence": 1.0
    }, 
    {
     "wordEnd": 103.7, 
     "wordId": "YEARS", 
     "wordStart": 103.45, 
     "wordConfidence": 1.0
    }, 
    {
     "wordEnd": 103.95999999999999, 
     "wordId": "THAT", 
     "wordStart": 103.72, 
     "wordConfidence": 0.32000000000000001
    }, 
    {
     "wordEnd": 104.45999999999999, 
     "wordId": "THE", 
     "wordStart": 104.36, 
     "wordConfidence": 0.82999999999999996
    }, 
    {
     "wordEnd": 104.92, 
     "wordId": "FINANCIAL", 
     "wordStart": 104.51000000000001, 
     "wordConfidence": 0.91000000000000003
    }, 
    {
     "wordEnd": 105.34, 
     "wordId": "SECTOR", 
     "wordStart": 104.93000000000001, 
     "wordConfidence": 0.64000000000000001
    }
   ], 
   "endTime": 105.48, 
   "speakerId": "s0001", 
   "startTime": 97.799999999999997
  }, 
  {
   "classId": "speech", 
   "spokenWords": [
    {
     "wordEnd": 107.31999999999999, 
     "wordId": "THAT", 
     "wordStart": 107.13, 
     "wordConfidence": 0.93999999999999995
    }, 
    {
     "wordEnd": 107.45999999999999, 
     "wordId": "YOU", 
     "wordStart": 107.31999999999999, 
     "wordConfidence": 0.94999999999999996
    }, 
    {
     "wordEnd": 107.79000000000001, 
     "wordId": "ASIAN", 
     "wordStart": 107.45999999999999, 
     "wordConfidence": 1.0
    }, 
    {
     "wordEnd": 107.93000000000001, 
     "wordId": "WHICH", 
     "wordStart": 107.79000000000001, 
     "wordConfidence": 0.98999999999999999
    }, 
    {
     "wordEnd": 108.05, 
     "wordId": "HAS", 
     "wordStart": 107.93000000000001, 
     "wordConfidence": 0.92000000000000004
    }, 
    {
     "wordEnd": 108.2, 
     "wordId": "BEEN", 
     "wordStart": 108.05, 
     "wordConfidence": 1.0
    }, 
    {
     "wordEnd": 108.72, 
     "wordId": "RELATIVELY", 
     "wordStart": 108.2, 
     "wordConfidence": 1.0
    }, 
    {
     "wordEnd": 109.22, 
     "wordId": "BELEAGUERED", 
     "wordStart": 108.72, 
     "wordConfidence": 1.0
    }, 
    {
     "wordEnd": 109.29000000000001, 
     "wordId": "A", 
     "wordStart": 109.22, 
     "wordConfidence": 0.34999999999999998
    }, 
    {
     "wordEnd": 109.68000000000001, 
     "wordId": "TIME", 
     "wordStart": 109.28, 
     "wordConfidence": 0.93999999999999995
    }, 
    {
     "wordEnd": 109.92, 
     "wordId": "DOES", 
     "wordStart": 109.72, 
     "wordConfidence": 0.73999999999999999
    }, 
    {
     "wordEnd": 110.20999999999999, 
     "wordId": "SEEM", 
     "wordStart": 110.0, 
     "wordConfidence": 0.88
    }, 
    {
     "wordEnd": 110.31999999999999, 
     "wordId": "TO", 
     "wordStart": 110.22, 
     "wordConfidence": 0.92000000000000004
    }, 
    {
     "wordEnd": 110.55, 
     "wordId": "HAVE", 
     "wordStart": 110.33, 
     "wordConfidence": 0.92000000000000004
    }, 
    {
     "wordEnd": 110.78, 
     "wordId": "A", 
     "wordStart": 110.56, 
     "wordConfidence": 0.94999999999999996
    }, 
    {
     "wordEnd": 111.31, 
     "wordId": "MAJOR", 
     "wordStart": 110.83, 
     "wordConfidence": 0.96999999999999997
    }, 
    {
     "wordEnd": 111.56999999999999, 
     "wordId": "RAY", 
     "wordStart": 111.34999999999999, 
     "wordConfidence": 0.98999999999999999
    }, 
    {
     "wordEnd": 111.67, 
     "wordId": "OF", 
     "wordStart": 111.56999999999999, 
     "wordConfidence": 1.0
    }, 
    {
     "wordEnd": 112.02, 
     "wordId": "HOPE", 
     "wordStart": 111.67, 
     "wordConfidence": 1.0
    }
   ], 
   "endTime": 112.17, 
   "speakerId": "s0001", 
   "startTime": 106.16
  }, 
  {
   "classId": "speech", 
   "spokenWords": [
    {
     "wordEnd": 113.09, 
     "wordId": "REDUCED", 
     "wordStart": 112.56999999999999, 
     "wordConfidence": 0.77000000000000002
    }, 
    {
     "wordEnd": 114.41, 
     "wordId": "INTRUSION", 
     "wordStart": 113.81, 
     "wordConfidence": 0.94999999999999996
    }, 
    {
     "wordEnd": 114.62, 
     "wordId": "FROM", 
     "wordStart": 114.42, 
     "wordConfidence": 1.0
    }, 
    {
     "wordEnd": 114.72, 
     "wordId": "THE", 
     "wordStart": 114.63, 
     "wordConfidence": 0.85999999999999999
    }, 
    {
     "wordEnd": 114.98999999999999, 
     "wordId": "BETTER", 
     "wordStart": 114.79000000000001, 
     "wordConfidence": 0.53000000000000003
    }, 
    {
     "wordEnd": 115.38, 
     "wordId": "IN", 
     "wordStart": 115.3, 
     "wordConfidence": 0.87
    }, 
    {
     "wordEnd": 115.47, 
     "wordId": "A", 
     "wordStart": 115.38, 
     "wordConfidence": 0.89000000000000001
    }, 
    {
     "wordEnd": 115.70999999999999, 
     "wordId": "ROW", 
     "wordStart": 115.48999999999999, 
     "wordConfidence": 0.53000000000000003
    }, 
    {
     "wordEnd": 116.20999999999999, 
     "wordId": "BACK", 
     "wordStart": 115.8, 
     "wordConfidence": 1.0
    }, 
    {
     "wordEnd": 116.73, 
     "wordId": "OF", 
     "wordStart": 116.40000000000001, 
     "wordConfidence": 0.93999999999999995
    }, 
    {
     "wordEnd": 117.40000000000001, 
     "wordId": "REGULATION", 
     "wordStart": 116.76000000000001, 
     "wordConfidence": 0.98999999999999999
    }
   ], 
   "endTime": 117.42, 
   "speakerId": "s0001", 
   "startTime": 112.52
  }, 
  {
   "classId": "speech", 
   "spokenWords": [
    {
     "wordEnd": 119.18000000000001, 
     "wordId": "IN", 
     "wordStart": 118.76000000000001, 
     "wordConfidence": 1.0
    }, 
    {
     "wordEnd": 119.52, 
     "wordId": "NEW", 
     "wordStart": 119.26000000000001, 
     "wordConfidence": 1.0
    }, 
    {
     "wordEnd": 119.98, 
     "wordId": "YORK", 
     "wordStart": 119.52, 
     "wordConfidence": 1.0
    }, 
    {
     "wordEnd": 120.78, 
     "wordId": "AT", 
     "wordStart": 120.69, 
     "wordConfidence": 1.0
    }, 
    {
     "wordEnd": 120.90000000000001, 
     "wordId": "THE", 
     "wordStart": 120.78, 
     "wordConfidence": 1.0
    }, 
    {
     "wordEnd": 121.04000000000001, 
     "wordId": "END", 
     "wordStart": 120.90000000000001, 
     "wordConfidence": 1.0
    }, 
    {
     "wordEnd": 121.11, 
     "wordId": "OF", 
     "wordStart": 121.04000000000001, 
     "wordConfidence": 1.0
    }, 
    {
     "wordEnd": 121.18000000000001, 
     "wordId": "THE", 
     "wordStart": 121.11, 
     "wordConfidence": 0.98999999999999999
    }, 
    {
     "wordEnd": 121.62, 
     "wordId": "TRADING", 
     "wordStart": 121.18000000000001, 
     "wordConfidence": 1.0
    }, 
    {
     "wordEnd": 121.88, 
     "wordId": "DAY", 
     "wordStart": 121.62, 
     "wordConfidence": 1.0
    }, 
    {
     "wordEnd": 121.98, 
     "wordId": "THE", 
     "wordStart": 121.88, 
     "wordConfidence": 0.70999999999999996
    }, 
    {
     "wordEnd": 122.45, 
     "wordId": "DEL", 
     "wordStart": 121.98, 
     "wordConfidence": 0.56999999999999995
    }, 
    {
     "wordEnd": 123.0, 
     "wordId": "FINISHED", 
     "wordStart": 122.48999999999999, 
     "wordConfidence": 1.0
    }, 
    {
     "wordEnd": 123.19, 
     "wordId": "UP", 
     "wordStart": 123.0, 
     "wordConfidence": 1.0
    }, 
    {
     "wordEnd": 123.26000000000001, 
     "wordId": "A", 
     "wordStart": 123.19, 
     "wordConfidence": 1.0
    }, 
    {
     "wordEnd": 123.63, 
     "wordId": "THIRD", 
     "wordStart": 123.26000000000001, 
     "wordConfidence": 1.0
    }, 
    {
     "wordEnd": 123.70999999999999, 
     "wordId": "OF", 
     "wordStart": 123.63, 
     "wordConfidence": 1.0
    }, 
    {
     "wordEnd": 123.76000000000001, 
     "wordId": "A", 
     "wordStart": 123.70999999999999, 
     "wordConfidence": 0.98999999999999999
    }, 
    {
     "wordEnd": 123.91, 
     "wordId": "PER", 
     "wordStart": 123.76000000000001, 
     "wordConfidence": 1.0
    }, 
    {
     "wordEnd": 124.27, 
     "wordId": "CENT", 
     "wordStart": 123.91, 
     "wordConfidence": 1.0
    }, 
    {
     "wordEnd": 124.45999999999999, 
     "wordId": "AT", 
     "wordStart": 124.27, 
     "wordConfidence": 0.71999999999999997
    }, 
    {
     "wordEnd": 125.04000000000001, 
     "wordId": "NINETEEN", 
     "wordStart": 124.48, 
     "wordConfidence": 1.0
    }, 
    {
     "wordEnd": 125.53, 
     "wordId": "THOUSAND", 
     "wordStart": 125.04000000000001, 
     "wordConfidence": 1.0
    }, 
    {
     "wordEnd": 125.95999999999999, 
     "wordId": "SIX", 
     "wordStart": 125.53, 
     "wordConfidence": 1.0
    }, 
    {
     "wordEnd": 126.38, 
     "wordId": "HUNDRED", 
     "wordStart": 125.95999999999999, 
     "wordConfidence": 1.0
    }, 
    {
     "wordEnd": 127.01000000000001, 
     "wordId": "AND", 
     "wordStart": 126.69, 
     "wordConfidence": 1.0
    }, 
    {
     "wordEnd": 127.89, 
     "wordId": "FOURTEEN", 
     "wordStart": 127.01000000000001, 
     "wordConfidence": 1.0
    }, 
    {
     "wordEnd": 128.28, 
     "wordId": "EARLIER", 
     "wordStart": 127.92, 
     "wordConfidence": 0.75
    }, 
    {
     "wordEnd": 128.37, 
     "wordId": "AT", 
     "wordStart": 128.28, 
     "wordConfidence": 0.68000000000000005
    }, 
    {
     "wordEnd": 128.96000000000001, 
     "wordId": "LONDON'S", 
     "wordStart": 128.38, 
     "wordConfidence": 1.0
    }, 
    {
     "wordEnd": 129.38999999999999, 
     "wordId": "MAIN", 
     "wordStart": 129.0, 
     "wordConfidence": 1.0
    }, 
    {
     "wordEnd": 129.63, 
     "wordId": "SHARE", 
     "wordStart": 129.41999999999999, 
     "wordConfidence": 0.93000000000000005
    }, 
    {
     "wordEnd": 129.88, 
     "wordId": "INDEX", 
     "wordStart": 129.63, 
     "wordConfidence": 0.93999999999999995
    }, 
    {
     "wordEnd": 129.99000000000001, 
     "wordId": "THAT", 
     "wordStart": 129.88, 
     "wordConfidence": 0.98999999999999999
    }, 
    {
     "wordEnd": 130.11000000000001, 
     "wordId": "WAS", 
     "wordStart": 129.99000000000001, 
     "wordConfidence": 1.0
    }, 
    {
     "wordEnd": 130.37, 
     "wordId": "ALSO", 
     "wordStart": 130.11000000000001, 
     "wordConfidence": 1.0
    }, 
    {
     "wordEnd": 130.72, 
     "wordId": "HIGHER", 
     "wordStart": 130.37, 
     "wordConfidence": 0.62
    }, 
    {
     "wordEnd": 131.11000000000001, 
     "wordId": "IT", 
     "wordStart": 130.97999999999999, 
     "wordConfidence": 0.90000000000000002
    }, 
    {
     "wordEnd": 131.21000000000001, 
     "wordId": "WAS", 
     "wordStart": 131.11000000000001, 
     "wordConfidence": 1.0
    }, 
    {
     "wordEnd": 131.28999999999999, 
     "wordId": "UP", 
     "wordStart": 131.21000000000001, 
     "wordConfidence": 0.60999999999999999
    }, 
    {
     "wordEnd": 131.55000000000001, 
     "wordId": "NOT", 
     "wordStart": 131.31999999999999, 
     "wordConfidence": 0.93999999999999995
    }, 
    {
     "wordEnd": 131.78999999999999, 
     "wordId": "POINT", 
     "wordStart": 131.55000000000001, 
     "wordConfidence": 1.0
    }, 
    {
     "wordEnd": 132.21000000000001, 
     "wordId": "FOUR", 
     "wordStart": 131.78999999999999, 
     "wordConfidence": 1.0
    }, 
    {
     "wordEnd": 132.34, 
     "wordId": "PER", 
     "wordStart": 132.21000000000001, 
     "wordConfidence": 0.92000000000000004
    }, 
    {
     "wordEnd": 132.66, 
     "wordId": "CENT", 
     "wordStart": 132.34, 
     "wordConfidence": 0.92000000000000004
    }, 
    {
     "wordEnd": 132.86000000000001, 
     "wordId": "AT", 
     "wordStart": 132.66, 
     "wordConfidence": 1.0
    }, 
    {
     "wordEnd": 133.16999999999999, 
     "wordId": "SIX", 
     "wordStart": 132.86000000000001, 
     "wordConfidence": 1.0
    }, 
    {
     "wordEnd": 133.63999999999999, 
     "wordId": "THOUSAND", 
     "wordStart": 133.16999999999999, 
     "wordConfidence": 1.0
    }, 
    {
     "wordEnd": 133.91, 
     "wordId": "NINE", 
     "wordStart": 133.63999999999999, 
     "wordConfidence": 1.0
    }, 
    {
     "wordEnd": 134.24000000000001, 
     "wordId": "HUNDRED", 
     "wordStart": 133.91, 
     "wordConfidence": 1.0
    }, 
    {
     "wordEnd": 134.43000000000001, 
     "wordId": "AND", 
     "wordStart": 134.24000000000001, 
     "wordConfidence": 1.0
    }, 
    {
     "wordEnd": 134.91, 
     "wordId": "THIRTY", 
     "wordStart": 134.43000000000001, 
     "wordConfidence": 1.0
    }, 
    {
     "wordEnd": 135.36000000000001, 
     "wordId": "ONE", 
     "wordStart": 134.91, 
     "wordConfidence": 1.0
    }, 
    {
     "wordEnd": 135.97, 
     "wordId": "GOLD'S", 
     "wordStart": 135.65000000000001, 
     "wordConfidence": 0.72999999999999998
    }, 
    {
     "wordEnd": 136.25999999999999, 
     "wordId": "TRADING", 
     "wordStart": 135.97999999999999, 
     "wordConfidence": 1.0
    }, 
    {
     "wordEnd": 136.33000000000001, 
     "wordId": "AT", 
     "wordStart": 136.25999999999999, 
     "wordConfidence": 1.0
    }, 
    {
     "wordEnd": 136.50999999999999, 
     "wordId": "ONE", 
     "wordStart": 136.33000000000001, 
     "wordConfidence": 1.0
    }, 
    {
     "wordEnd": 136.83000000000001, 
     "wordId": "THOUSAND", 
     "wordStart": 136.50999999999999, 
     "wordConfidence": 1.0
    }, 
    {
     "wordEnd": 136.97, 
     "wordId": "ONE", 
     "wordStart": 136.83000000000001, 
     "wordConfidence": 1.0
    }, 
    {
     "wordEnd": 137.22999999999999, 
     "wordId": "HUNDRED", 
     "wordStart": 136.97, 
     "wordConfidence": 1.0
    }, 
    {
     "wordEnd": 137.30000000000001, 
     "wordId": "AND", 
     "wordStart": 137.22999999999999, 
     "wordConfidence": 1.0
    }, 
    {
     "wordEnd": 137.72999999999999, 
     "wordId": "SEVENTY", 
     "wordStart": 137.30000000000001, 
     "wordConfidence": 1.0
    }, 
    {
     "wordEnd": 137.94999999999999, 
     "wordId": "ONE", 
     "wordStart": 137.72999999999999, 
     "wordConfidence": 1.0
    }, 
    {
     "wordEnd": 138.36000000000001, 
     "wordId": "DOLLARS", 
     "wordStart": 137.94999999999999, 
     "wordConfidence": 1.0
    }, 
    {
     "wordEnd": 138.86000000000001, 
     "wordId": "AN", 
     "wordStart": 138.66, 
     "wordConfidence": 0.98999999999999999
    }, 
    {
     "wordEnd": 139.24000000000001, 
     "wordId": "OUNCE", 
     "wordStart": 138.86000000000001, 
     "wordConfidence": 0.98999999999999999
    }, 
    {
     "wordEnd": 139.46000000000001, 
     "wordId": "AND", 
     "wordStart": 139.25, 
     "wordConfidence": 0.92000000000000004
    }, 
    {
     "wordEnd": 139.66, 
     "wordId": "OIL", 
     "wordStart": 139.47, 
     "wordConfidence": 1.0
    }, 
    {
     "wordEnd": 140.05000000000001, 
     "wordId": "PRICES", 
     "wordStart": 139.66, 
     "wordConfidence": 1.0
    }, 
    {
     "wordEnd": 140.56, 
     "wordId": "CONTINUE", 
     "wordStart": 140.05000000000001, 
     "wordConfidence": 1.0
    }, 
    {
     "wordEnd": 140.74000000000001, 
     "wordId": "THEIR", 
     "wordStart": 140.56, 
     "wordConfidence": 0.84999999999999998
    }, 
    {
     "wordEnd": 141.25999999999999, 
     "wordId": "UPWARDS", 
     "wordStart": 140.77000000000001, 
     "wordConfidence": 1.0
    }, 
    {
     "wordEnd": 141.74000000000001, 
     "wordId": "COURSE", 
     "wordStart": 141.25999999999999, 
     "wordConfidence": 0.91000000000000003
    }, 
    {
     "wordEnd": 142.06999999999999, 
     "wordId": "FEBRUARY", 
     "wordStart": 141.74000000000001, 
     "wordConfidence": 1.0
    }, 
    {
     "wordEnd": 142.19, 
     "wordId": "NEW", 
     "wordStart": 142.06999999999999, 
     "wordConfidence": 0.98999999999999999
    }, 
    {
     "wordEnd": 142.44, 
     "wordId": "YORK", 
     "wordStart": 142.19, 
     "wordConfidence": 1.0
    }, 
    {
     "wordEnd": 142.72, 
     "wordId": "LIGHT", 
     "wordStart": 142.44, 
     "wordConfidence": 0.97999999999999998
    }, 
    {
     "wordEnd": 143.15000000000001, 
     "wordId": "CRUDE", 
     "wordStart": 142.72, 
     "wordConfidence": 0.97999999999999998
    }, 
    {
     "wordEnd": 143.56, 
     "wordId": "AS", 
     "wordStart": 143.36000000000001, 
     "wordConfidence": 0.68000000000000005
    }, 
    {
     "wordEnd": 143.66, 
     "wordId": "UP", 
     "wordStart": 143.56, 
     "wordConfidence": 0.93999999999999995
    }, 
    {
     "wordEnd": 143.72, 
     "wordId": "A", 
     "wordStart": 143.66, 
     "wordConfidence": 0.84999999999999998
    }, 
    {
     "wordEnd": 144.11000000000001, 
     "wordId": "DOLLAR", 
     "wordStart": 143.72, 
     "wordConfidence": 1.0
    }, 
    {
     "wordEnd": 144.63999999999999, 
     "wordId": "AT", 
     "wordStart": 144.34999999999999, 
     "wordConfidence": 0.92000000000000004
    }, 
    {
     "wordEnd": 144.90000000000001, 
     "wordId": "JUST", 
     "wordStart": 144.69, 
     "wordConfidence": 1.0
    }, 
    {
     "wordEnd": 145.06, 
     "wordId": "UNDER", 
     "wordStart": 144.90000000000001, 
     "wordConfidence": 1.0
    }, 
    {
     "wordEnd": 145.37, 
     "wordId": "FIFTY", 
     "wordStart": 145.06, 
     "wordConfidence": 1.0
    }, 
    {
     "wordEnd": 145.56, 
     "wordId": "TWO", 
     "wordStart": 145.37, 
     "wordConfidence": 1.0
    }, 
    {
     "wordEnd": 145.87, 
     "wordId": "DOLLARS", 
     "wordStart": 145.56, 
     "wordConfidence": 1.0
    }
   ], 
   "endTime": 146.00999999999999, 
   "speakerId": "s0001", 
   "startTime": 118.01000000000001
  }
 ]
}
]
