[{
 "speakers": [
  "s0001"
 ], 
 "classes": [
  "speech"
 ], 
 "segments": [
  {
   "classId": "speech", 
   "spokenWords": [
    {
     "wordEnd": 0.34000000000000002, 
     "wordId": "THIS", 
     "wordStart": 0.089999999999999997, 
     "wordConfidence": 1.0
    }, 
    {
     "wordEnd": 0.51000000000000001, 
     "wordId": "IS", 
     "wordStart": 0.34000000000000002, 
     "wordConfidence": 1.0
    }, 
    {
     "wordEnd": 0.57999999999999996, 
     "wordId": "THE", 
     "wordStart": 0.51000000000000001, 
     "wordConfidence": 1.0
    }, 
    {
     "wordEnd": 0.77000000000000002, 
     "wordId": "WALL", 
     "wordStart": 0.57999999999999996, 
     "wordConfidence": 1.0
    }, 
    {
     "wordEnd": 1.01, 
     "wordId": "STREET", 
     "wordStart": 0.77000000000000002, 
     "wordConfidence": 1.0
    }, 
    {
     "wordEnd": 1.47, 
     "wordId": "UPDATE", 
     "wordStart": 1.01, 
     "wordConfidence": 1.0
    }, 
    {
     "wordEnd": 1.7, 
     "wordId": "FROM", 
     "wordStart": 1.47, 
     "wordConfidence": 1.0
    }, 
    {
     "wordEnd": 2.0899999999999999, 
     "wordId": "WORLD", 
     "wordStart": 1.7, 
     "wordConfidence": 1.0
    }, 
    {
     "wordEnd": 2.5099999999999998, 
     "wordId": "BUSINESS", 
     "wordStart": 2.1200000000000001, 
     "wordConfidence": 1.0
    }, 
    {
     "wordEnd": 2.8300000000000001, 
     "wordId": "REPORT", 
     "wordStart": 2.5099999999999998, 
     "wordConfidence": 1.0
    }, 
    {
     "wordEnd": 2.9100000000000001, 
     "wordId": "AT", 
     "wordStart": 2.8300000000000001, 
     "wordConfidence": 1.0
    }, 
    {
     "wordEnd": 2.9900000000000002, 
     "wordId": "THE", 
     "wordStart": 2.9100000000000001, 
     "wordConfidence": 1.0
    }, 
    {
     "wordEnd": 3.4700000000000002, 
     "wordId": "B.B.C.", 
     "wordStart": 2.9900000000000002, 
     "wordConfidence": 1.0
    }, 
    {
     "wordEnd": 3.8300000000000001, 
     "wordId": "WORLD", 
     "wordStart": 3.5099999999999998, 
     "wordConfidence": 1.0
    }, 
    {
     "wordEnd": 4.2400000000000002, 
     "wordId": "SERVICE", 
     "wordStart": 3.8300000000000001, 
     "wordConfidence": 1.0
    }, 
    {
     "wordEnd": 4.4299999999999997, 
     "wordId": "ON", 
     "wordStart": 4.2400000000000002, 
     "wordConfidence": 1.0
    }, 
    {
     "wordEnd": 4.7999999999999998, 
     "wordId": "MONDAY", 
     "wordStart": 4.4299999999999997, 
     "wordConfidence": 1.0
    }, 
    {
     "wordEnd": 4.9199999999999999, 
     "wordId": "THE", 
     "wordStart": 4.7999999999999998, 
     "wordConfidence": 1.0
    }, 
    {
     "wordEnd": 5.29, 
     "wordId": "TWELFTH", 
     "wordStart": 4.9199999999999999, 
     "wordConfidence": 1.0
    }, 
    {
     "wordEnd": 5.3899999999999997, 
     "wordId": "OF", 
     "wordStart": 5.29, 
     "wordConfidence": 1.0
    }, 
    {
     "wordEnd": 5.9699999999999998, 
     "wordId": "DECEMBER", 
     "wordStart": 5.3899999999999997, 
     "wordConfidence": 1.0
    }, 
    {
     "wordEnd": 6.3099999999999996, 
     "wordId": "I'M", 
     "wordStart": 6.0, 
     "wordConfidence": 0.98999999999999999
    }, 
    {
     "wordEnd": 6.4900000000000002, 
     "wordId": "ROB", 
     "wordStart": 6.3099999999999996, 
     "wordConfidence": 1.0
    }, 
    {
     "wordEnd": 6.8799999999999999, 
     "wordId": "YEUNG", 
     "wordStart": 6.4900000000000002, 
     "wordConfidence": 0.68000000000000005
    }, 
    {
     "wordEnd": 7.5199999999999996, 
     "wordId": "LET'S", 
     "wordStart": 7.1600000000000001, 
     "wordConfidence": 1.0
    }, 
    {
     "wordEnd": 7.7199999999999998, 
     "wordId": "TAKE", 
     "wordStart": 7.5199999999999996, 
     "wordConfidence": 1.0
    }, 
    {
     "wordEnd": 7.7800000000000002, 
     "wordId": "A", 
     "wordStart": 7.7199999999999998, 
     "wordConfidence": 1.0
    }, 
    {
     "wordEnd": 7.9299999999999997, 
     "wordId": "LOOK", 
     "wordStart": 7.7800000000000002, 
     "wordConfidence": 1.0
    }, 
    {
     "wordEnd": 8.0199999999999996, 
     "wordId": "AT", 
     "wordStart": 7.9299999999999997, 
     "wordConfidence": 1.0
    }, 
    {
     "wordEnd": 8.0999999999999996, 
     "wordId": "THE", 
     "wordStart": 8.0199999999999996, 
     "wordConfidence": 1.0
    }, 
    {
     "wordEnd": 8.7100000000000009, 
     "wordId": "FINANCIAL", 
     "wordStart": 8.0999999999999996, 
     "wordConfidence": 1.0
    }, 
    {
     "wordEnd": 9.2899999999999991, 
     "wordId": "MARKETS", 
     "wordStart": 8.7400000000000002, 
     "wordConfidence": 1.0
    }, 
    {
     "wordEnd": 9.5399999999999991, 
     "wordId": "NOW", 
     "wordStart": 9.2899999999999991, 
     "wordConfidence": 1.0
    }, 
    {
     "wordEnd": 9.6300000000000008, 
     "wordId": "AND", 
     "wordStart": 9.5399999999999991, 
     "wordConfidence": 0.98999999999999999
    }, 
    {
     "wordEnd": 9.7200000000000006, 
     "wordId": "IN", 
     "wordStart": 9.6300000000000008, 
     "wordConfidence": 1.0
    }, 
    {
     "wordEnd": 9.8000000000000007, 
     "wordId": "THE", 
     "wordStart": 9.7200000000000006, 
     "wordConfidence": 1.0
    }, 
    {
     "wordEnd": 10.23, 
     "wordId": "UNITED", 
     "wordStart": 9.8000000000000007, 
     "wordConfidence": 1.0
    }, 
    {
     "wordEnd": 10.59, 
     "wordId": "STATES", 
     "wordStart": 10.23, 
     "wordConfidence": 1.0
    }, 
    {
     "wordEnd": 10.66, 
     "wordId": "THE", 
     "wordStart": 10.59, 
     "wordConfidence": 1.0
    }, 
    {
     "wordEnd": 10.890000000000001, 
     "wordId": "DOW", 
     "wordStart": 10.66, 
     "wordConfidence": 1.0
    }, 
    {
     "wordEnd": 11.27, 
     "wordId": "JONES", 
     "wordStart": 10.890000000000001, 
     "wordConfidence": 1.0
    }, 
    {
     "wordEnd": 11.77, 
     "wordId": "INDUSTRIAL", 
     "wordStart": 11.27, 
     "wordConfidence": 1.0
    }, 
    {
     "wordEnd": 12.199999999999999, 
     "wordId": "AVERAGE", 
     "wordStart": 11.77, 
     "wordConfidence": 1.0
    }, 
    {
     "wordEnd": 13.16, 
     "wordId": "CLIMBED", 
     "wordStart": 12.630000000000001, 
     "wordConfidence": 0.54000000000000004
    }, 
    {
     "wordEnd": 13.34, 
     "wordId": "TO", 
     "wordStart": 13.18, 
     "wordConfidence": 1.0
    }, 
    {
     "wordEnd": 13.630000000000001, 
     "wordId": "REACH", 
     "wordStart": 13.34, 
     "wordConfidence": 1.0
    }, 
    {
     "wordEnd": 13.85, 
     "wordId": "YET", 
     "wordStart": 13.630000000000001, 
     "wordConfidence": 1.0
    }, 
    {
     "wordEnd": 14.390000000000001, 
     "wordId": "ANOTHER", 
     "wordStart": 13.85, 
     "wordConfidence": 1.0
    }, 
    {
     "wordEnd": 14.93, 
     "wordId": "RECORD", 
     "wordStart": 14.42, 
     "wordConfidence": 1.0
    }, 
    {
     "wordEnd": 15.390000000000001, 
     "wordId": "HI", 
     "wordStart": 14.93, 
     "wordConfidence": 0.5
    }, 
    {
     "wordEnd": 16.050000000000001, 
     "wordId": "PETER", 
     "wordStart": 15.800000000000001, 
     "wordConfidence": 0.93999999999999995
    }, 
    {
     "wordEnd": 16.34, 
     "wordId": "DOWN", 
     "wordStart": 16.050000000000001, 
     "wordConfidence": 0.52000000000000002
    }, 
    {
     "wordEnd": 16.879999999999999, 
     "wordId": "CASES", 
     "wordStart": 16.510000000000002, 
     "wordConfidence": 0.68999999999999995
    }, 
    {
     "wordEnd": 17.120000000000001, 
     "wordId": "FROM", 
     "wordStart": 16.960000000000001, 
     "wordConfidence": 1.0
    }, 
    {
     "wordEnd": 17.379999999999999, 
     "wordId": "OAK", 
     "wordStart": 17.149999999999999, 
     "wordConfidence": 1.0
    }, 
    {
     "wordEnd": 17.609999999999999, 
     "wordId": "BROOK", 
     "wordStart": 17.379999999999999, 
     "wordConfidence": 0.93999999999999995
    }, 
    {
     "wordEnd": 18.210000000000001, 
     "wordId": "INVESTMENTS", 
     "wordStart": 17.609999999999999, 
     "wordConfidence": 0.97999999999999998
    }, 
    {
     "wordEnd": 18.329999999999998, 
     "wordId": "IN", 
     "wordStart": 18.210000000000001, 
     "wordConfidence": 0.98999999999999999
    }, 
    {
     "wordEnd": 18.890000000000001, 
     "wordId": "CHICAGO", 
     "wordStart": 18.329999999999998, 
     "wordConfidence": 1.0
    }, 
    {
     "wordEnd": 19.059999999999999, 
     "wordId": "IN", 
     "wordStart": 18.890000000000001, 
     "wordConfidence": 1.0
    }, 
    {
     "wordEnd": 19.16, 
     "wordId": "THE", 
     "wordStart": 19.059999999999999, 
     "wordConfidence": 1.0
    }, 
    {
     "wordEnd": 19.5, 
     "wordId": "U.S.", 
     "wordStart": 19.16, 
     "wordConfidence": 1.0
    }, 
    {
     "wordEnd": 19.620000000000001, 
     "wordId": "I", 
     "wordStart": 19.5, 
     "wordConfidence": 1.0
    }, 
    {
     "wordEnd": 19.800000000000001, 
     "wordId": "ASKED", 
     "wordStart": 19.620000000000001, 
     "wordConfidence": 1.0
    }, 
    {
     "wordEnd": 19.98, 
     "wordId": "HIM", 
     "wordStart": 19.800000000000001, 
     "wordConfidence": 1.0
    }, 
    {
     "wordEnd": 20.149999999999999, 
     "wordId": "WHAT", 
     "wordStart": 19.98, 
     "wordConfidence": 1.0
    }, 
    {
     "wordEnd": 20.649999999999999, 
     "wordId": "IMPACT", 
     "wordStart": 20.149999999999999, 
     "wordConfidence": 1.0
    }, 
    {
     "wordEnd": 20.879999999999999, 
     "wordId": "THAT", 
     "wordStart": 20.649999999999999, 
     "wordConfidence": 0.98999999999999999
    }, 
    {
     "wordEnd": 21.370000000000001, 
     "wordId": "WEEKEND", 
     "wordStart": 20.879999999999999, 
     "wordConfidence": 1.0
    }, 
    {
     "wordEnd": 21.760000000000002, 
     "wordId": "OIL", 
     "wordStart": 21.399999999999999, 
     "wordConfidence": 1.0
    }, 
    {
     "wordEnd": 22.109999999999999, 
     "wordId": "DEAL", 
     "wordStart": 21.760000000000002, 
     "wordConfidence": 1.0
    }, 
    {
     "wordEnd": 22.600000000000001, 
     "wordId": "HAS", 
     "wordStart": 22.399999999999999, 
     "wordConfidence": 0.97999999999999998
    }, 
    {
     "wordEnd": 22.829999999999998, 
     "wordId": "HAD", 
     "wordStart": 22.600000000000001, 
     "wordConfidence": 1.0
    }, 
    {
     "wordEnd": 23.0, 
     "wordId": "ON", 
     "wordStart": 22.829999999999998, 
     "wordConfidence": 1.0
    }, 
    {
     "wordEnd": 23.399999999999999, 
     "wordId": "ENERGY", 
     "wordStart": 23.0, 
     "wordConfidence": 1.0
    }, 
    {
     "wordEnd": 23.800000000000001, 
     "wordId": "COMPANY", 
     "wordStart": 23.399999999999999, 
     "wordConfidence": 1.0
    }, 
    {
     "wordEnd": 24.280000000000001, 
     "wordId": "SHARES", 
     "wordStart": 23.800000000000001, 
     "wordConfidence": 1.0
    }
   ], 
   "endTime": 24.34, 
   "speakerId": "s0001", 
   "startTime": 0.089999999999999997
  }, 
  {
   "classId": "speech", 
   "spokenWords": [
    {
     "wordEnd": 24.809999999999999, 
     "wordId": "THEY", 
     "wordStart": 24.73, 
     "wordConfidence": 0.55000000000000004
    }, 
    {
     "wordEnd": 24.940000000000001, 
     "wordId": "HAD", 
     "wordStart": 24.809999999999999, 
     "wordConfidence": 0.88
    }, 
    {
     "wordEnd": 24.98, 
     "wordId": "A", 
     "wordStart": 24.940000000000001, 
     "wordConfidence": 1.0
    }, 
    {
     "wordEnd": 25.390000000000001, 
     "wordId": "VERY", 
     "wordStart": 24.98, 
     "wordConfidence": 1.0
    }, 
    {
     "wordEnd": 25.800000000000001, 
     "wordId": "STRONG", 
     "wordStart": 25.390000000000001, 
     "wordConfidence": 1.0
    }, 
    {
     "wordEnd": 26.280000000000001, 
     "wordId": "URGE", 
     "wordStart": 25.890000000000001, 
     "wordConfidence": 0.82999999999999996
    }, 
    {
     "wordEnd": 26.739999999999998, 
     "wordId": "EARLIER", 
     "wordStart": 26.34, 
     "wordConfidence": 0.68999999999999995
    }, 
    {
     "wordEnd": 26.809999999999999, 
     "wordId": "IN", 
     "wordStart": 26.739999999999998, 
     "wordConfidence": 0.88
    }, 
    {
     "wordEnd": 26.899999999999999, 
     "wordId": "THE", 
     "wordStart": 26.809999999999999, 
     "wordConfidence": 0.98999999999999999
    }, 
    {
     "wordEnd": 27.210000000000001, 
     "wordId": "DAY", 
     "wordStart": 26.899999999999999, 
     "wordConfidence": 1.0
    }, 
    {
     "wordEnd": 27.809999999999999, 
     "wordId": "AT", 
     "wordStart": 27.68, 
     "wordConfidence": 0.95999999999999996
    }, 
    {
     "wordEnd": 28.039999999999999, 
     "wordId": "ONE", 
     "wordStart": 27.829999999999998, 
     "wordConfidence": 1.0
    }, 
    {
     "wordEnd": 28.449999999999999, 
     "wordId": "POINT", 
     "wordStart": 28.039999999999999, 
     "wordConfidence": 1.0
    }, 
    {
     "wordEnd": 28.609999999999999, 
     "wordId": "THE", 
     "wordStart": 28.449999999999999, 
     "wordConfidence": 1.0
    }, 
    {
     "wordEnd": 28.899999999999999, 
     "wordId": "ENERGY", 
     "wordStart": 28.609999999999999, 
     "wordConfidence": 1.0
    }, 
    {
     "wordEnd": 29.25, 
     "wordId": "SECTOR", 
     "wordStart": 28.899999999999999, 
     "wordConfidence": 0.95999999999999996
    }, 
    {
     "wordEnd": 29.379999999999999, 
     "wordId": "WITH", 
     "wordStart": 29.25, 
     "wordConfidence": 0.54000000000000004
    }, 
    {
     "wordEnd": 29.66, 
     "wordId": "PURPLE", 
     "wordStart": 29.379999999999999, 
     "wordConfidence": 0.64000000000000001
    }, 
    {
     "wordEnd": 30.210000000000001, 
     "wordId": "ALMOST", 
     "wordStart": 29.68, 
     "wordConfidence": 1.0
    }, 
    {
     "wordEnd": 30.379999999999999, 
     "wordId": "TO", 
     "wordStart": 30.219999999999999, 
     "wordConfidence": 0.33000000000000002
    }, 
    {
     "wordEnd": 30.710000000000001, 
     "wordId": "PUSH", 
     "wordStart": 30.379999999999999, 
     "wordConfidence": 0.5
    }, 
    {
     "wordEnd": 30.899999999999999, 
     "wordId": "THAT", 
     "wordStart": 30.710000000000001, 
     "wordConfidence": 0.46999999999999997
    }, 
    {
     "wordEnd": 31.289999999999999, 
     "wordId": "RATHER", 
     "wordStart": 31.0, 
     "wordConfidence": 0.91000000000000003
    }, 
    {
     "wordEnd": 31.760000000000002, 
     "wordId": "DAY", 
     "wordStart": 31.289999999999999, 
     "wordConfidence": 0.47999999999999998
    }, 
    {
     "wordEnd": 32.859999999999999, 
     "wordId": "POTATOES", 
     "wordStart": 32.289999999999999, 
     "wordConfidence": 0.95999999999999996
    }, 
    {
     "wordEnd": 33.229999999999997, 
     "wordId": "CROUP", 
     "wordStart": 32.859999999999999, 
     "wordConfidence": 0.96999999999999997
    }, 
    {
     "wordEnd": 33.68, 
     "wordId": "ROTAS", 
     "wordStart": 33.229999999999997, 
     "wordConfidence": 0.44
    }, 
    {
     "wordEnd": 34.009999999999998, 
     "wordId": "BACK", 
     "wordStart": 33.689999999999998, 
     "wordConfidence": 0.93999999999999995
    }, 
    {
     "wordEnd": 35.18, 
     "wordId": "DURING", 
     "wordStart": 34.850000000000001, 
     "wordConfidence": 0.57999999999999996
    }, 
    {
     "wordEnd": 35.689999999999998, 
     "wordId": "TRADING", 
     "wordStart": 35.200000000000003, 
     "wordConfidence": 0.93999999999999995
    }
   ], 
   "endTime": 35.719999999999999, 
   "speakerId": "s0001", 
   "startTime": 24.68
  }, 
  {
   "classId": "speech", 
   "spokenWords": [
    {
     "wordEnd": 36.780000000000001, 
     "wordId": "THERE", 
     "wordStart": 36.630000000000003, 
     "wordConfidence": 0.77000000000000002
    }, 
    {
     "wordEnd": 37.049999999999997, 
     "wordId": "WERE", 
     "wordStart": 36.869999999999997, 
     "wordConfidence": 0.28999999999999998
    }, 
    {
     "wordEnd": 37.670000000000002, 
     "wordId": "STILL", 
     "wordStart": 37.43, 
     "wordConfidence": 0.57999999999999996
    }, 
    {
     "wordEnd": 38.109999999999999, 
     "wordId": "FINISH", 
     "wordStart": 37.740000000000002, 
     "wordConfidence": 0.72999999999999998
    }, 
    {
     "wordEnd": 38.460000000000001, 
     "wordId": "TODAY", 
     "wordStart": 38.140000000000001, 
     "wordConfidence": 0.93999999999999995
    }, 
    {
     "wordEnd": 38.670000000000002, 
     "wordId": "UP", 
     "wordStart": 38.460000000000001, 
     "wordConfidence": 1.0
    }, 
    {
     "wordEnd": 39.039999999999999, 
     "wordId": "ABOUT", 
     "wordStart": 38.670000000000002, 
     "wordConfidence": 1.0
    }, 
    {
     "wordEnd": 39.469999999999999, 
     "wordId": "SEVEN", 
     "wordStart": 39.079999999999998, 
     "wordConfidence": 1.0
    }, 
    {
     "wordEnd": 39.869999999999997, 
     "wordId": "TENTHS", 
     "wordStart": 39.5, 
     "wordConfidence": 0.98999999999999999
    }, 
    {
     "wordEnd": 39.969999999999999, 
     "wordId": "OF", 
     "wordStart": 39.869999999999997, 
     "wordConfidence": 0.98999999999999999
    }, 
    {
     "wordEnd": 40.049999999999997, 
     "wordId": "A", 
     "wordStart": 39.969999999999999, 
     "wordConfidence": 1.0
    }, 
    {
     "wordEnd": 40.560000000000002, 
     "wordId": "PRISONER", 
     "wordStart": 40.119999999999997, 
     "wordConfidence": 0.39000000000000001
    }, 
    {
     "wordEnd": 41.299999999999997, 
     "wordId": "BUT", 
     "wordStart": 40.979999999999997, 
     "wordConfidence": 0.75
    }, 
    {
     "wordEnd": 41.649999999999999, 
     "wordId": "DROPPED", 
     "wordStart": 41.329999999999998, 
     "wordConfidence": 0.81999999999999995
    }, 
    {
     "wordEnd": 41.829999999999998, 
     "wordId": "OFF", 
     "wordStart": 41.659999999999997, 
     "wordConfidence": 0.28999999999999998
    }, 
    {
     "wordEnd": 42.5, 
     "wordId": "CONSIDERABLY", 
     "wordStart": 41.82, 
     "wordConfidence": 1.0
    }, 
    {
     "wordEnd": 42.869999999999997, 
     "wordId": "FRUMPY", 
     "wordStart": 42.5, 
     "wordConfidence": 0.48999999999999999
    }, 
    {
     "wordEnd": 43.170000000000002, 
     "wordId": "RELEASE", 
     "wordStart": 42.869999999999997, 
     "wordConfidence": 0.72999999999999998
    }, 
    {
     "wordEnd": 43.5, 
     "wordId": "VERSION", 
     "wordStart": 43.170000000000002, 
     "wordConfidence": 1.0
    }, 
    {
     "wordEnd": 43.840000000000003, 
     "wordId": "I", 
     "wordStart": 43.549999999999997, 
     "wordConfidence": 0.47999999999999998
    }, 
    {
     "wordEnd": 44.280000000000001, 
     "wordId": "SO", 
     "wordStart": 44.079999999999998, 
     "wordConfidence": 0.98999999999999999
    }, 
    {
     "wordEnd": 44.539999999999999, 
     "wordId": "WHAT'S", 
     "wordStart": 44.280000000000001, 
     "wordConfidence": 1.0
    }, 
    {
     "wordEnd": 44.619999999999997, 
     "wordId": "THE", 
     "wordStart": 44.539999999999999, 
     "wordConfidence": 0.52000000000000002
    }, 
    {
     "wordEnd": 44.82, 
     "wordId": "VIEW", 
     "wordStart": 44.619999999999997, 
     "wordConfidence": 1.0
    }, 
    {
     "wordEnd": 44.920000000000002, 
     "wordId": "OF", 
     "wordStart": 44.82, 
     "wordConfidence": 0.93999999999999995
    }, 
    {
     "wordEnd": 45.469999999999999, 
     "wordId": "INVESTORS", 
     "wordStart": 44.920000000000002, 
     "wordConfidence": 0.95999999999999996
    }, 
    {
     "wordEnd": 45.740000000000002, 
     "wordId": "NOW", 
     "wordStart": 45.469999999999999, 
     "wordConfidence": 1.0
    }, 
    {
     "wordEnd": 45.93, 
     "wordId": "THEN", 
     "wordStart": 45.740000000000002, 
     "wordConfidence": 0.94999999999999996
    }, 
    {
     "wordEnd": 46.090000000000003, 
     "wordId": "ALL", 
     "wordStart": 45.93, 
     "wordConfidence": 0.44
    }, 
    {
     "wordEnd": 46.280000000000001, 
     "wordId": "THEY", 
     "wordStart": 46.090000000000003, 
     "wordConfidence": 1.0
    }, 
    {
     "wordEnd": 46.82, 
     "wordId": "BETTING", 
     "wordStart": 46.280000000000001, 
     "wordConfidence": 1.0
    }, 
    {
     "wordEnd": 46.979999999999997, 
     "wordId": "THAT", 
     "wordStart": 46.82, 
     "wordConfidence": 1.0
    }, 
    {
     "wordEnd": 47.060000000000002, 
     "wordId": "THE", 
     "wordStart": 46.979999999999997, 
     "wordConfidence": 1.0
    }, 
    {
     "wordEnd": 47.460000000000001, 
     "wordId": "PRICE", 
     "wordStart": 47.060000000000002, 
     "wordConfidence": 1.0
    }, 
    {
     "wordEnd": 47.579999999999998, 
     "wordId": "OF", 
     "wordStart": 47.460000000000001, 
     "wordConfidence": 1.0
    }, 
    {
     "wordEnd": 47.969999999999999, 
     "wordId": "OIL", 
     "wordStart": 47.579999999999998, 
     "wordConfidence": 1.0
    }, 
    {
     "wordEnd": 48.619999999999997, 
     "wordId": "WILL", 
     "wordStart": 48.289999999999999, 
     "wordConfidence": 0.94999999999999996
    }, 
    {
     "wordEnd": 49.240000000000002, 
     "wordId": "RISE", 
     "wordStart": 48.619999999999997, 
     "wordConfidence": 1.0
    }, 
    {
     "wordEnd": 49.310000000000002, 
     "wordId": "AT", 
     "wordStart": 49.240000000000002, 
     "wordConfidence": 0.52000000000000002
    }, 
    {
     "wordEnd": 49.549999999999997, 
     "wordId": "ALL", 
     "wordStart": 49.310000000000002, 
     "wordConfidence": 0.66000000000000003
    }, 
    {
     "wordEnd": 49.829999999999998, 
     "wordId": "THEY", 
     "wordStart": 49.549999999999997, 
     "wordConfidence": 0.82999999999999996
    }, 
    {
     "wordEnd": 50.780000000000001, 
     "wordId": "SIDING", 
     "wordStart": 50.310000000000002, 
     "wordConfidence": 0.97999999999999998
    }, 
    {
     "wordEnd": 50.969999999999999, 
     "wordId": "WITH", 
     "wordStart": 50.780000000000001, 
     "wordConfidence": 1.0
    }, 
    {
     "wordEnd": 51.219999999999999, 
     "wordId": "THOSE", 
     "wordStart": 50.969999999999999, 
     "wordConfidence": 1.0
    }, 
    {
     "wordEnd": 51.880000000000003, 
     "wordId": "SCEPTICS", 
     "wordStart": 51.219999999999999, 
     "wordConfidence": 1.0
    }, 
    {
     "wordEnd": 51.990000000000002, 
     "wordId": "YOU", 
     "wordStart": 51.880000000000003, 
     "wordConfidence": 0.97999999999999998
    }, 
    {
     "wordEnd": 52.25, 
     "wordId": "THINK", 
     "wordStart": 51.990000000000002, 
     "wordConfidence": 1.0
    }, 
    {
     "wordEnd": 52.350000000000001, 
     "wordId": "THAT", 
     "wordStart": 52.25, 
     "wordConfidence": 0.89000000000000001
    }, 
    {
     "wordEnd": 52.560000000000002, 
     "wordId": "THIS", 
     "wordStart": 52.350000000000001, 
     "wordConfidence": 1.0
    }, 
    {
     "wordEnd": 52.899999999999999, 
     "wordId": "DEAL", 
     "wordStart": 52.560000000000002, 
     "wordConfidence": 1.0
    }, 
    {
     "wordEnd": 53.009999999999998, 
     "wordId": "WOULD", 
     "wordStart": 52.899999999999999, 
     "wordConfidence": 0.58999999999999997
    }, 
    {
     "wordEnd": 53.210000000000001, 
     "wordId": "JUST", 
     "wordStart": 53.009999999999998, 
     "wordConfidence": 1.0
    }, 
    {
     "wordEnd": 53.439999999999998, 
     "wordId": "WON'T", 
     "wordStart": 53.210000000000001, 
     "wordConfidence": 1.0
    }, 
    {
     "wordEnd": 53.729999999999997, 
     "wordId": "WORK", 
     "wordStart": 53.439999999999998, 
     "wordConfidence": 1.0
    }, 
    {
     "wordEnd": 54.049999999999997, 
     "wordId": "OUT", 
     "wordStart": 53.729999999999997, 
     "wordConfidence": 1.0
    }
   ], 
   "endTime": 54.109999999999999, 
   "speakerId": "s0001", 
   "startTime": 36.310000000000002
  }, 
  {
   "classId": "speech", 
   "spokenWords": [
    {
     "wordEnd": 55.490000000000002, 
     "wordId": "I", 
     "wordStart": 55.119999999999997, 
     "wordConfidence": 0.98999999999999999
    }, 
    {
     "wordEnd": 55.710000000000001, 
     "wordId": "THINK", 
     "wordStart": 55.490000000000002, 
     "wordConfidence": 0.96999999999999997
    }, 
    {
     "wordEnd": 55.909999999999997, 
     "wordId": "WE'D", 
     "wordStart": 55.710000000000001, 
     "wordConfidence": 0.78000000000000003
    }, 
    {
     "wordEnd": 56.140000000000001, 
     "wordId": "BE", 
     "wordStart": 55.969999999999999, 
     "wordConfidence": 0.81999999999999995
    }, 
    {
     "wordEnd": 57.039999999999999, 
     "wordId": "SUBSTANTIAL", 
     "wordStart": 56.350000000000001, 
     "wordConfidence": 1.0
    }, 
    {
     "wordEnd": 57.329999999999998, 
     "wordId": "ROD", 
     "wordStart": 57.090000000000003, 
     "wordConfidence": 0.26000000000000001
    }, 
    {
     "wordEnd": 57.539999999999999, 
     "wordId": "UP", 
     "wordStart": 57.32, 
     "wordConfidence": 1.0
    }, 
    {
     "wordEnd": 57.979999999999997, 
     "wordId": "SO", 
     "wordStart": 57.549999999999997, 
     "wordConfidence": 1.0
    }, 
    {
     "wordEnd": 58.219999999999999, 
     "wordId": "I", 
     "wordStart": 58.009999999999998, 
     "wordConfidence": 1.0
    }, 
    {
     "wordEnd": 58.43, 
     "wordId": "THINK", 
     "wordStart": 58.219999999999999, 
     "wordConfidence": 1.0
    }, 
    {
     "wordEnd": 58.549999999999997, 
     "wordId": "IT", 
     "wordStart": 58.43, 
     "wordConfidence": 0.60999999999999999
    }, 
    {
     "wordEnd": 59.039999999999999, 
     "wordId": "COS", 
     "wordStart": 58.869999999999997, 
     "wordConfidence": 0.35999999999999999
    }, 
    {
     "wordEnd": 59.25, 
     "wordId": "KIND", 
     "wordStart": 59.090000000000003, 
     "wordConfidence": 0.28999999999999998
    }, 
    {
     "wordEnd": 59.469999999999999, 
     "wordId": "CREDIT", 
     "wordStart": 59.270000000000003, 
     "wordConfidence": 0.38
    }, 
    {
     "wordEnd": 59.57, 
     "wordId": "A", 
     "wordStart": 59.5, 
     "wordConfidence": 0.65000000000000002
    }, 
    {
     "wordEnd": 59.920000000000002, 
     "wordId": "WHEAT", 
     "wordStart": 59.57, 
     "wordConfidence": 0.47999999999999998
    }, 
    {
     "wordEnd": 60.270000000000003, 
     "wordId": "HE", 
     "wordStart": 60.049999999999997, 
     "wordConfidence": 0.28999999999999998
    }, 
    {
     "wordEnd": 60.600000000000001, 
     "wordId": "MODE", 
     "wordStart": 60.270000000000003, 
     "wordConfidence": 0.83999999999999997
    }, 
    {
     "wordEnd": 60.700000000000003, 
     "wordId": "AT", 
     "wordStart": 60.600000000000001, 
     "wordConfidence": 1.0
    }, 
    {
     "wordEnd": 60.780000000000001, 
     "wordId": "THE", 
     "wordStart": 60.700000000000003, 
     "wordConfidence": 1.0
    }, 
    {
     "wordEnd": 61.240000000000002, 
     "wordId": "MOMENT", 
     "wordStart": 60.780000000000001, 
     "wordConfidence": 0.98999999999999999
    }, 
    {
     "wordEnd": 61.649999999999999, 
     "wordId": "TO", 
     "wordStart": 61.479999999999997, 
     "wordConfidence": 1.0
    }, 
    {
     "wordEnd": 61.880000000000003, 
     "wordId": "SEE", 
     "wordStart": 61.649999999999999, 
     "wordConfidence": 1.0
    }, 
    {
     "wordEnd": 62.149999999999999, 
     "wordId": "HOW", 
     "wordStart": 61.880000000000003, 
     "wordConfidence": 1.0
    }, 
    {
     "wordEnd": 62.630000000000003, 
     "wordId": "WELL", 
     "wordStart": 62.149999999999999, 
     "wordConfidence": 1.0
    }
   ], 
   "endTime": 62.729999999999997, 
   "speakerId": "s0001", 
   "startTime": 54.840000000000003
  }, 
  {
   "classId": "speech", 
   "spokenWords": [
    {
     "wordEnd": 63.359999999999999, 
     "wordId": "THIS", 
     "wordStart": 62.950000000000003, 
     "wordConfidence": 1.0
    }, 
    {
     "wordEnd": 63.590000000000003, 
     "wordId": "ALL", 
     "wordStart": 63.359999999999999, 
     "wordConfidence": 0.98999999999999999
    }, 
    {
     "wordEnd": 63.920000000000002, 
     "wordId": "WORKED", 
     "wordStart": 63.590000000000003, 
     "wordConfidence": 0.75
    }, 
    {
     "wordEnd": 64.069999999999993, 
     "wordId": "OUT", 
     "wordStart": 63.920000000000002, 
     "wordConfidence": 0.98999999999999999
    }, 
    {
     "wordEnd": 64.140000000000001, 
     "wordId": "AT", 
     "wordStart": 64.069999999999993, 
     "wordConfidence": 0.75
    }, 
    {
     "wordEnd": 64.219999999999999, 
     "wordId": "THE", 
     "wordStart": 64.140000000000001, 
     "wordConfidence": 0.68999999999999995
    }, 
    {
     "wordEnd": 64.590000000000003, 
     "wordId": "MOMENT", 
     "wordStart": 64.230000000000004, 
     "wordConfidence": 0.67000000000000004
    }, 
    {
     "wordEnd": 64.989999999999995, 
     "wordId": "BUT", 
     "wordStart": 64.609999999999999, 
     "wordConfidence": 0.41999999999999998
    }, 
    {
     "wordEnd": 65.769999999999996, 
     "wordId": "I", 
     "wordStart": 65.489999999999995, 
     "wordConfidence": 1.0
    }, 
    {
     "wordEnd": 66.0, 
     "wordId": "THINK", 
     "wordStart": 65.769999999999996, 
     "wordConfidence": 1.0
    }, 
    {
     "wordEnd": 66.290000000000006, 
     "wordId": "YOU", 
     "wordStart": 66.099999999999994, 
     "wordConfidence": 0.39000000000000001
    }, 
    {
     "wordEnd": 66.75, 
     "wordId": "DO", 
     "wordStart": 66.560000000000002, 
     "wordConfidence": 0.40000000000000002
    }, 
    {
     "wordEnd": 67.310000000000002, 
     "wordId": "GET", 
     "wordStart": 67.069999999999993, 
     "wordConfidence": 0.38
    }, 
    {
     "wordEnd": 67.670000000000002, 
     "wordId": "TO", 
     "wordStart": 67.489999999999995, 
     "wordConfidence": 0.66000000000000003
    }, 
    {
     "wordEnd": 68.409999999999997, 
     "wordId": "SUPERMAN", 
     "wordStart": 67.819999999999993, 
     "wordConfidence": 0.66000000000000003
    }, 
    {
     "wordEnd": 68.650000000000006, 
     "wordId": "OUT", 
     "wordStart": 68.409999999999997, 
     "wordConfidence": 1.0
    }, 
    {
     "wordEnd": 68.799999999999997, 
     "wordId": "THERE", 
     "wordStart": 68.650000000000006, 
     "wordConfidence": 1.0
    }, 
    {
     "wordEnd": 68.930000000000007, 
     "wordId": "AT", 
     "wordStart": 68.799999999999997, 
     "wordConfidence": 1.0
    }, 
    {
     "wordEnd": 69.010000000000005, 
     "wordId": "THE", 
     "wordStart": 68.930000000000007, 
     "wordConfidence": 1.0
    }, 
    {
     "wordEnd": 69.469999999999999, 
     "wordId": "MOMENT", 
     "wordStart": 69.010000000000005, 
     "wordConfidence": 1.0
    }, 
    {
     "wordEnd": 69.939999999999998, 
     "wordId": "BUT", 
     "wordStart": 69.730000000000004, 
     "wordConfidence": 1.0
    }, 
    {
     "wordEnd": 70.579999999999998, 
     "wordId": "OVERALL", 
     "wordStart": 69.939999999999998, 
     "wordConfidence": 1.0
    }, 
    {
     "wordEnd": 70.920000000000002, 
     "wordId": "I", 
     "wordStart": 70.719999999999999, 
     "wordConfidence": 1.0
    }, 
    {
     "wordEnd": 71.129999999999995, 
     "wordId": "THINK", 
     "wordStart": 70.920000000000002, 
     "wordConfidence": 0.96999999999999997
    }, 
    {
     "wordEnd": 71.219999999999999, 
     "wordId": "THE", 
     "wordStart": 71.129999999999995, 
     "wordConfidence": 1.0
    }, 
    {
     "wordEnd": 71.700000000000003, 
     "wordId": "INVESTORS", 
     "wordStart": 71.219999999999999, 
     "wordConfidence": 0.98999999999999999
    }, 
    {
     "wordEnd": 71.879999999999995, 
     "wordId": "WERE", 
     "wordStart": 71.700000000000003, 
     "wordConfidence": 0.48999999999999999
    }, 
    {
     "wordEnd": 72.659999999999997, 
     "wordId": "OPTIMISTICALLY", 
     "wordStart": 71.900000000000006, 
     "wordConfidence": 0.69999999999999996
    }, 
    {
     "wordEnd": 73.140000000000001, 
     "wordId": "PERHAPS", 
     "wordStart": 72.700000000000003, 
     "wordConfidence": 0.97999999999999998
    }, 
    {
     "wordEnd": 73.290000000000006, 
     "wordId": "THIS", 
     "wordStart": 73.140000000000001, 
     "wordConfidence": 0.81999999999999995
    }, 
    {
     "wordEnd": 73.400000000000006, 
     "wordId": "WILL", 
     "wordStart": 73.290000000000006, 
     "wordConfidence": 1.0
    }, 
    {
     "wordEnd": 73.650000000000006, 
     "wordId": "WORK", 
     "wordStart": 73.400000000000006, 
     "wordConfidence": 1.0
    }, 
    {
     "wordEnd": 73.819999999999993, 
     "wordId": "OUT", 
     "wordStart": 73.650000000000006, 
     "wordConfidence": 1.0
    }
   ], 
   "endTime": 73.840000000000003, 
   "speakerId": "s0001", 
   "startTime": 62.950000000000003
  }, 
  {
   "classId": "speech", 
   "spokenWords": [
    {
     "wordEnd": 74.430000000000007, 
     "wordId": "THE", 
     "wordStart": 74.319999999999993, 
     "wordConfidence": 1.0
    }, 
    {
     "wordEnd": 74.599999999999994, 
     "wordId": "BIG", 
     "wordStart": 74.430000000000007, 
     "wordConfidence": 1.0
    }, 
    {
     "wordEnd": 74.879999999999995, 
     "wordId": "EVENT", 
     "wordStart": 74.599999999999994, 
     "wordConfidence": 1.0
    }, 
    {
     "wordEnd": 74.959999999999994, 
     "wordId": "OF", 
     "wordStart": 74.879999999999995, 
     "wordConfidence": 1.0
    }, 
    {
     "wordEnd": 75.040000000000006, 
     "wordId": "THE", 
     "wordStart": 74.959999999999994, 
     "wordConfidence": 1.0
    }, 
    {
     "wordEnd": 75.290000000000006, 
     "wordId": "WEEK", 
     "wordStart": 75.040000000000006, 
     "wordConfidence": 1.0
    }, 
    {
     "wordEnd": 75.400000000000006, 
     "wordId": "IS", 
     "wordStart": 75.290000000000006, 
     "wordConfidence": 1.0
    }, 
    {
     "wordEnd": 75.510000000000005, 
     "wordId": "OF", 
     "wordStart": 75.400000000000006, 
     "wordConfidence": 1.0
    }, 
    {
     "wordEnd": 75.859999999999999, 
     "wordId": "COURSE", 
     "wordStart": 75.510000000000005, 
     "wordConfidence": 1.0
    }, 
    {
     "wordEnd": 76.030000000000001, 
     "wordId": "THE", 
     "wordStart": 75.859999999999999, 
     "wordConfidence": 0.98999999999999999
    }, 
    {
     "wordEnd": 76.510000000000005, 
     "wordId": "FEDERAL", 
     "wordStart": 76.030000000000001, 
     "wordConfidence": 1.0
    }, 
    {
     "wordEnd": 77.209999999999994, 
     "wordId": "RESERVE'S", 
     "wordStart": 76.510000000000005, 
     "wordConfidence": 1.0
    }, 
    {
     "wordEnd": 77.829999999999998, 
     "wordId": "MEETING", 
     "wordStart": 77.409999999999997, 
     "wordConfidence": 1.0
    }, 
    {
     "wordEnd": 78.0, 
     "wordId": "ON", 
     "wordStart": 77.829999999999998, 
     "wordConfidence": 1.0
    }, 
    {
     "wordEnd": 78.5, 
     "wordId": "WEDNESDAY", 
     "wordStart": 78.0, 
     "wordConfidence": 1.0
    }, 
    {
     "wordEnd": 78.680000000000007, 
     "wordId": "THEY'RE", 
     "wordStart": 78.5, 
     "wordConfidence": 0.77000000000000002
    }, 
    {
     "wordEnd": 79.340000000000003, 
     "wordId": "EXPECTED", 
     "wordStart": 78.689999999999998, 
     "wordConfidence": 1.0
    }, 
    {
     "wordEnd": 79.620000000000005, 
     "wordId": "TO", 
     "wordStart": 79.340000000000003, 
     "wordConfidence": 1.0
    }, 
    {
     "wordEnd": 80.239999999999995, 
     "wordId": "SAY", 
     "wordStart": 79.939999999999998, 
     "wordConfidence": 0.88
    }, 
    {
     "wordEnd": 80.480000000000004, 
     "wordId": "THEIR", 
     "wordStart": 80.269999999999996, 
     "wordConfidence": 0.42999999999999999
    }, 
    {
     "wordEnd": 81.140000000000001, 
     "wordId": "INCREASING", 
     "wordStart": 80.489999999999995, 
     "wordConfidence": 1.0
    }, 
    {
     "wordEnd": 81.620000000000005, 
     "wordId": "INTEREST", 
     "wordStart": 81.140000000000001, 
     "wordConfidence": 1.0
    }, 
    {
     "wordEnd": 81.879999999999995, 
     "wordId": "RATES", 
     "wordStart": 81.620000000000005, 
     "wordConfidence": 0.98999999999999999
    }, 
    {
     "wordEnd": 81.969999999999999, 
     "wordId": "FOR", 
     "wordStart": 81.879999999999995, 
     "wordConfidence": 1.0
    }, 
    {
     "wordEnd": 82.060000000000002, 
     "wordId": "THE", 
     "wordStart": 81.969999999999999, 
     "wordConfidence": 1.0
    }, 
    {
     "wordEnd": 82.420000000000002, 
     "wordId": "FIRST", 
     "wordStart": 82.060000000000002, 
     "wordConfidence": 1.0
    }, 
    {
     "wordEnd": 82.819999999999993, 
     "wordId": "TIME", 
     "wordStart": 82.420000000000002, 
     "wordConfidence": 1.0
    }, 
    {
     "wordEnd": 83.299999999999997, 
     "wordId": "IN", 
     "wordStart": 83.120000000000005, 
     "wordConfidence": 1.0
    }, 
    {
     "wordEnd": 83.390000000000001, 
     "wordId": "A", 
     "wordStart": 83.299999999999997, 
     "wordConfidence": 1.0
    }, 
    {
     "wordEnd": 83.819999999999993, 
     "wordId": "YEAR", 
     "wordStart": 83.390000000000001, 
     "wordConfidence": 1.0
    }, 
    {
     "wordEnd": 84.25, 
     "wordId": "WHAT", 
     "wordStart": 84.049999999999997, 
     "wordConfidence": 1.0
    }, 
    {
     "wordEnd": 84.629999999999995, 
     "wordId": "IMPACT", 
     "wordStart": 84.25, 
     "wordConfidence": 1.0
    }, 
    {
     "wordEnd": 84.700000000000003, 
     "wordId": "IS", 
     "wordStart": 84.629999999999995, 
     "wordConfidence": 1.0
    }, 
    {
     "wordEnd": 84.870000000000005, 
     "wordId": "THAT", 
     "wordStart": 84.700000000000003, 
     "wordConfidence": 1.0
    }, 
    {
     "wordEnd": 85.120000000000005, 
     "wordId": "HAVING", 
     "wordStart": 84.870000000000005, 
     "wordConfidence": 1.0
    }, 
    {
     "wordEnd": 85.219999999999999, 
     "wordId": "ON", 
     "wordStart": 85.120000000000005, 
     "wordConfidence": 1.0
    }, 
    {
     "wordEnd": 85.299999999999997, 
     "wordId": "THE", 
     "wordStart": 85.219999999999999, 
     "wordConfidence": 0.98999999999999999
    }, 
    {
     "wordEnd": 85.840000000000003, 
     "wordId": "MARKET", 
     "wordStart": 85.299999999999997, 
     "wordConfidence": 1.0
    }, 
    {
     "wordEnd": 86.260000000000005, 
     "wordId": "WELL", 
     "wordStart": 85.959999999999994, 
     "wordConfidence": 0.96999999999999997
    }, 
    {
     "wordEnd": 86.829999999999998, 
     "wordId": "TODAY", 
     "wordStart": 86.269999999999996, 
     "wordConfidence": 1.0
    }, 
    {
     "wordEnd": 87.5, 
     "wordId": "FUNNY", 
     "wordStart": 87.129999999999995, 
     "wordConfidence": 0.41999999999999998
    }, 
    {
     "wordEnd": 87.719999999999999, 
     "wordId": "AT", 
     "wordStart": 87.530000000000001, 
     "wordConfidence": 1.0
    }, 
    {
     "wordEnd": 87.849999999999994, 
     "wordId": "ALL", 
     "wordStart": 87.719999999999999, 
     "wordConfidence": 1.0
    }, 
    {
     "wordEnd": 88.060000000000002, 
     "wordId": "FOR", 
     "wordStart": 87.849999999999994, 
     "wordConfidence": 1.0
    }, 
    {
     "wordEnd": 88.25, 
     "wordId": "OUR", 
     "wordStart": 88.060000000000002, 
     "wordConfidence": 0.96999999999999997
    }, 
    {
     "wordEnd": 88.489999999999995, 
     "wordId": "SUPER", 
     "wordStart": 88.25, 
     "wordConfidence": 0.93999999999999995
    }, 
    {
     "wordEnd": 88.879999999999995, 
     "wordId": "WORST", 
     "wordStart": 88.489999999999995, 
     "wordConfidence": 0.95999999999999996
    }, 
    {
     "wordEnd": 89.430000000000007, 
     "wordId": "PERFORMING", 
     "wordStart": 88.879999999999995, 
     "wordConfidence": 0.87
    }, 
    {
     "wordEnd": 89.829999999999998, 
     "wordId": "SECTOR", 
     "wordStart": 89.439999999999998, 
     "wordConfidence": 0.40999999999999998
    }, 
    {
     "wordEnd": 89.920000000000002, 
     "wordId": "IN", 
     "wordStart": 89.840000000000003, 
     "wordConfidence": 0.47999999999999998
    }, 
    {
     "wordEnd": 89.989999999999995, 
     "wordId": "THE", 
     "wordStart": 89.920000000000002, 
     "wordConfidence": 1.0
    }, 
    {
     "wordEnd": 90.400000000000006, 
     "wordId": "MARKET", 
     "wordStart": 89.989999999999995, 
     "wordConfidence": 0.93000000000000005
    }, 
    {
     "wordEnd": 90.510000000000005, 
     "wordId": "THEY", 
     "wordStart": 90.400000000000006, 
     "wordConfidence": 0.98999999999999999
    }, 
    {
     "wordEnd": 90.650000000000006, 
     "wordId": "WERE", 
     "wordStart": 90.510000000000005, 
     "wordConfidence": 0.85999999999999999
    }, 
    {
     "wordEnd": 90.840000000000003, 
     "wordId": "DOWN", 
     "wordStart": 90.650000000000006, 
     "wordConfidence": 0.48999999999999999
    }, 
    {
     "wordEnd": 91.109999999999999, 
     "wordId": "ABOUT", 
     "wordStart": 90.840000000000003, 
     "wordConfidence": 1.0
    }, 
    {
     "wordEnd": 91.519999999999996, 
     "wordId": "NINE", 
     "wordStart": 91.209999999999994, 
     "wordConfidence": 0.34000000000000002
    }, 
    {
     "wordEnd": 92.609999999999999, 
     "wordId": "SO", 
     "wordStart": 92.319999999999993, 
     "wordConfidence": 1.0
    }, 
    {
     "wordEnd": 93.040000000000006, 
     "wordId": "I", 
     "wordStart": 92.849999999999994, 
     "wordConfidence": 1.0
    }, 
    {
     "wordEnd": 93.400000000000006, 
     "wordId": "THINK", 
     "wordStart": 93.040000000000006, 
     "wordConfidence": 1.0
    }, 
    {
     "wordEnd": 93.590000000000003, 
     "wordId": "ER", 
     "wordStart": 93.400000000000006, 
     "wordConfidence": 0.95999999999999996
    }, 
    {
     "wordEnd": 94.120000000000005, 
     "wordId": "PERHAPS", 
     "wordStart": 93.590000000000003, 
     "wordConfidence": 1.0
    }, 
    {
     "wordEnd": 94.409999999999997, 
     "wordId": "SOME", 
     "wordStart": 94.189999999999998, 
     "wordConfidence": 1.0
    }, 
    {
     "wordEnd": 94.489999999999995, 
     "wordId": "OF", 
     "wordStart": 94.409999999999997, 
     "wordConfidence": 1.0
    }, 
    {
     "wordEnd": 94.730000000000004, 
     "wordId": "THOSE", 
     "wordStart": 94.489999999999995, 
     "wordConfidence": 1.0
    }, 
    {
     "wordEnd": 94.980000000000004, 
     "wordId": "THE", 
     "wordStart": 94.730000000000004, 
     "wordConfidence": 0.46000000000000002
    }, 
    {
     "wordEnd": 95.390000000000001, 
     "wordId": "BURSAR", 
     "wordStart": 94.980000000000004, 
     "wordConfidence": 0.40999999999999998
    }
   ], 
   "endTime": 95.689999999999998, 
   "speakerId": "s0001", 
   "startTime": 74.269999999999996
  }, 
  {
   "classId": "speech", 
   "spokenWords": [
    {
     "wordEnd": 95.939999999999998, 
     "wordId": "THEY", 
     "wordStart": 95.829999999999998, 
     "wordConfidence": 0.56999999999999995
    }, 
    {
     "wordEnd": 96.140000000000001, 
     "wordId": "HAD", 
     "wordStart": 95.939999999999998, 
     "wordConfidence": 0.81000000000000005
    }, 
    {
     "wordEnd": 96.310000000000002, 
     "wordId": "BEEN", 
     "wordStart": 96.140000000000001, 
     "wordConfidence": 1.0
    }, 
    {
     "wordEnd": 97.329999999999998, 
     "wordId": "ANTICIPATING", 
     "wordStart": 96.310000000000002, 
     "wordConfidence": 1.0
    }, 
    {
     "wordEnd": 98.120000000000005, 
     "wordId": "THIS", 
     "wordStart": 97.840000000000003, 
     "wordConfidence": 1.0
    }, 
    {
     "wordEnd": 98.489999999999995, 
     "wordId": "INCREASE", 
     "wordStart": 98.150000000000006, 
     "wordConfidence": 0.39000000000000001
    }, 
    {
     "wordEnd": 98.909999999999997, 
     "wordId": "HILARY", 
     "wordStart": 98.620000000000005, 
     "wordConfidence": 0.19
    }, 
    {
     "wordEnd": 99.260000000000005, 
     "wordId": "IF", 
     "wordStart": 99.079999999999998, 
     "wordConfidence": 0.97999999999999998
    }, 
    {
     "wordEnd": 99.430000000000007, 
     "wordId": "YOU", 
     "wordStart": 99.260000000000005, 
     "wordConfidence": 0.95999999999999996
    }, 
    {
     "wordEnd": 99.680000000000007, 
     "wordId": "TAKE", 
     "wordStart": 99.430000000000007, 
     "wordConfidence": 0.96999999999999997
    }, 
    {
     "wordEnd": 99.760000000000005, 
     "wordId": "A", 
     "wordStart": 99.680000000000007, 
     "wordConfidence": 1.0
    }, 
    {
     "wordEnd": 99.969999999999999, 
     "wordId": "LITTLE", 
     "wordStart": 99.760000000000005, 
     "wordConfidence": 1.0
    }, 
    {
     "wordEnd": 100.11, 
     "wordId": "BIT", 
     "wordStart": 99.969999999999999, 
     "wordConfidence": 1.0
    }, 
    {
     "wordEnd": 100.17, 
     "wordId": "OF", 
     "wordStart": 100.11, 
     "wordConfidence": 1.0
    }, 
    {
     "wordEnd": 100.43000000000001, 
     "wordId": "MONEY", 
     "wordStart": 100.17, 
     "wordConfidence": 0.98999999999999999
    }, 
    {
     "wordEnd": 100.68000000000001, 
     "wordId": "OFF", 
     "wordStart": 100.43000000000001, 
     "wordConfidence": 1.0
    }, 
    {
     "wordEnd": 100.75, 
     "wordId": "THE", 
     "wordStart": 100.68000000000001, 
     "wordConfidence": 1.0
    }, 
    {
     "wordEnd": 101.33, 
     "wordId": "TABLE", 
     "wordStart": 100.75, 
     "wordConfidence": 1.0
    }, 
    {
     "wordEnd": 102.0, 
     "wordId": "IN", 
     "wordStart": 101.79000000000001, 
     "wordConfidence": 1.0
    }, 
    {
     "wordEnd": 102.23999999999999, 
     "wordId": "FRONT", 
     "wordStart": 102.0, 
     "wordConfidence": 0.97999999999999998
    }, 
    {
     "wordEnd": 102.3, 
     "wordId": "OF", 
     "wordStart": 102.23999999999999, 
     "wordConfidence": 1.0
    }, 
    {
     "wordEnd": 102.43000000000001, 
     "wordId": "THE", 
     "wordStart": 102.3, 
     "wordConfidence": 1.0
    }, 
    {
     "wordEnd": 102.81, 
     "wordId": "ACTUAL", 
     "wordStart": 102.43000000000001, 
     "wordConfidence": 0.97999999999999998
    }, 
    {
     "wordEnd": 103.08, 
     "wordId": "ABOUT", 
     "wordStart": 102.81, 
     "wordConfidence": 0.55000000000000004
    }, 
    {
     "wordEnd": 103.22, 
     "wordId": "BUT", 
     "wordStart": 103.09999999999999, 
     "wordConfidence": 0.46000000000000002
    }, 
    {
     "wordEnd": 103.67, 
     "wordId": "JUST", 
     "wordStart": 103.22, 
     "wordConfidence": 0.64000000000000001
    }, 
    {
     "wordEnd": 103.79000000000001, 
     "wordId": "TO", 
     "wordStart": 103.68000000000001, 
     "wordConfidence": 1.0
    }, 
    {
     "wordEnd": 104.16, 
     "wordId": "PROTECT", 
     "wordStart": 103.79000000000001, 
     "wordConfidence": 1.0
    }, 
    {
     "wordEnd": 104.65000000000001, 
     "wordId": "THEMSELVES", 
     "wordStart": 104.16, 
     "wordConfidence": 1.0
    }, 
    {
     "wordEnd": 104.98999999999999, 
     "wordId": "AGAINST", 
     "wordStart": 104.65000000000001, 
     "wordConfidence": 1.0
    }, 
    {
     "wordEnd": 105.18000000000001, 
     "wordId": "ANY", 
     "wordStart": 104.98999999999999, 
     "wordConfidence": 1.0
    }, 
    {
     "wordEnd": 105.42, 
     "wordId": "REAL", 
     "wordStart": 105.18000000000001, 
     "wordConfidence": 0.98999999999999999
    }, 
    {
     "wordEnd": 105.93000000000001, 
     "wordId": "SO", 
     "wordStart": 105.56, 
     "wordConfidence": 0.90000000000000002
    }, 
    {
     "wordEnd": 106.06, 
     "wordId": "I", 
     "wordStart": 105.95999999999999, 
     "wordConfidence": 1.0
    }, 
    {
     "wordEnd": 106.23, 
     "wordId": "THINK", 
     "wordStart": 106.06, 
     "wordConfidence": 1.0
    }, 
    {
     "wordEnd": 106.34999999999999, 
     "wordId": "IT'S", 
     "wordStart": 106.23, 
     "wordConfidence": 0.59999999999999998
    }, 
    {
     "wordEnd": 106.76000000000001, 
     "wordId": "UNLIKELY", 
     "wordStart": 106.37, 
     "wordConfidence": 0.5
    }, 
    {
     "wordEnd": 107.09, 
     "wordId": "THAT", 
     "wordStart": 106.89, 
     "wordConfidence": 0.81000000000000005
    }, 
    {
     "wordEnd": 107.44, 
     "wordId": "THE", 
     "wordStart": 107.2, 
     "wordConfidence": 0.91000000000000003
    }, 
    {
     "wordEnd": 107.8, 
     "wordId": "FEDERAL", 
     "wordStart": 107.5, 
     "wordConfidence": 0.51000000000000001
    }, 
    {
     "wordEnd": 108.54000000000001, 
     "wordId": "NARC", 
     "wordStart": 108.20999999999999, 
     "wordConfidence": 0.47999999999999998
    }, 
    {
     "wordEnd": 109.0, 
     "wordId": "RAGE", 
     "wordStart": 108.68000000000001, 
     "wordConfidence": 0.33000000000000002
    }, 
    {
     "wordEnd": 109.26000000000001, 
     "wordId": "RATE", 
     "wordStart": 109.0, 
     "wordConfidence": 0.75
    }, 
    {
     "wordEnd": 109.43000000000001, 
     "wordId": "AT", 
     "wordStart": 109.28, 
     "wordConfidence": 1.0
    }, 
    {
     "wordEnd": 109.59999999999999, 
     "wordId": "THIS", 
     "wordStart": 109.43000000000001, 
     "wordConfidence": 1.0
    }, 
    {
     "wordEnd": 110.0, 
     "wordId": "POINT", 
     "wordStart": 109.59999999999999, 
     "wordConfidence": 1.0
    }
   ], 
   "endTime": 110.20999999999999, 
   "speakerId": "s0001", 
   "startTime": 95.75
  }, 
  {
   "classId": "speech", 
   "spokenWords": [
    {
     "wordEnd": 111.03, 
     "wordId": "AND", 
     "wordStart": 110.76000000000001, 
     "wordConfidence": 1.0
    }, 
    {
     "wordEnd": 111.64, 
     "wordId": "ONCE", 
     "wordStart": 111.06999999999999, 
     "wordConfidence": 0.63
    }, 
    {
     "wordEnd": 112.37, 
     "wordId": "RATES", 
     "wordStart": 111.92, 
     "wordConfidence": 1.0
    }, 
    {
     "wordEnd": 112.56, 
     "wordId": "GO", 
     "wordStart": 112.37, 
     "wordConfidence": 1.0
    }, 
    {
     "wordEnd": 112.70999999999999, 
     "wordId": "UP", 
     "wordStart": 112.56, 
     "wordConfidence": 1.0
    }, 
    {
     "wordEnd": 112.93000000000001, 
     "wordId": "THIS", 
     "wordStart": 112.70999999999999, 
     "wordConfidence": 1.0
    }, 
    {
     "wordEnd": 113.18000000000001, 
     "wordId": "WEEK", 
     "wordStart": 112.93000000000001, 
     "wordConfidence": 0.98999999999999999
    }, 
    {
     "wordEnd": 113.33, 
     "wordId": "IF", 
     "wordStart": 113.18000000000001, 
     "wordConfidence": 1.0
    }, 
    {
     "wordEnd": 113.59999999999999, 
     "wordId": "INDEED", 
     "wordStart": 113.33, 
     "wordConfidence": 1.0
    }, 
    {
     "wordEnd": 113.73, 
     "wordId": "THEY", 
     "wordStart": 113.59999999999999, 
     "wordConfidence": 0.95999999999999996
    }, 
    {
     "wordEnd": 114.05, 
     "wordId": "DIG", 
     "wordStart": 113.75, 
     "wordConfidence": 0.81999999999999995
    }, 
    {
     "wordEnd": 114.29000000000001, 
     "wordId": "UP", 
     "wordStart": 114.06999999999999, 
     "wordConfidence": 0.91000000000000003
    }, 
    {
     "wordEnd": 114.45, 
     "wordId": "THIS", 
     "wordStart": 114.29000000000001, 
     "wordConfidence": 0.80000000000000004
    }, 
    {
     "wordEnd": 114.7, 
     "wordId": "WEEK", 
     "wordStart": 114.45999999999999, 
     "wordConfidence": 0.81999999999999995
    }, 
    {
     "wordEnd": 114.98, 
     "wordId": "AS", 
     "wordStart": 114.70999999999999, 
     "wordConfidence": 0.90000000000000002
    }, 
    {
     "wordEnd": 115.78, 
     "wordId": "MANY", 
     "wordStart": 115.25, 
     "wordConfidence": 1.0
    }, 
    {
     "wordEnd": 116.15000000000001, 
     "wordId": "PERHAPS", 
     "wordStart": 115.78, 
     "wordConfidence": 1.0
    }, 
    {
     "wordEnd": 116.56, 
     "wordId": "MOST", 
     "wordStart": 116.15000000000001, 
     "wordConfidence": 1.0
    }, 
    {
     "wordEnd": 116.84999999999999, 
     "wordId": "STOCK", 
     "wordStart": 116.58, 
     "wordConfidence": 0.71999999999999997
    }, 
    {
     "wordEnd": 117.41, 
     "wordId": "MARKET", 
     "wordStart": 116.86, 
     "wordConfidence": 0.71999999999999997
    }, 
    {
     "wordEnd": 117.81999999999999, 
     "wordId": "WATCHERS", 
     "wordStart": 117.43000000000001, 
     "wordConfidence": 0.71999999999999997
    }, 
    {
     "wordEnd": 118.48999999999999, 
     "wordId": "EXPECT", 
     "wordStart": 117.81999999999999, 
     "wordConfidence": 1.0
    }, 
    {
     "wordEnd": 119.26000000000001, 
     "wordId": "WHEN", 
     "wordStart": 118.97, 
     "wordConfidence": 1.0
    }, 
    {
     "wordEnd": 119.36, 
     "wordId": "DO", 
     "wordStart": 119.26000000000001, 
     "wordConfidence": 0.96999999999999997
    }, 
    {
     "wordEnd": 119.5, 
     "wordId": "THEY", 
     "wordStart": 119.36, 
     "wordConfidence": 1.0
    }, 
    {
     "wordEnd": 119.7, 
     "wordId": "GO", 
     "wordStart": 119.5, 
     "wordConfidence": 1.0
    }, 
    {
     "wordEnd": 119.84999999999999, 
     "wordId": "UP", 
     "wordStart": 119.7, 
     "wordConfidence": 1.0
    }, 
    {
     "wordEnd": 120.26000000000001, 
     "wordId": "AGAIN", 
     "wordStart": 119.84999999999999, 
     "wordConfidence": 1.0
    }, 
    {
     "wordEnd": 120.53, 
     "wordId": "WHAT'S", 
     "wordStart": 120.26000000000001, 
     "wordConfidence": 0.97999999999999998
    }, 
    {
     "wordEnd": 120.63, 
     "wordId": "THE", 
     "wordStart": 120.53, 
     "wordConfidence": 0.98999999999999999
    }, 
    {
     "wordEnd": 120.97, 
     "wordId": "PATH", 
     "wordStart": 120.63, 
     "wordConfidence": 1.0
    }, 
    {
     "wordEnd": 121.06, 
     "wordId": "OF", 
     "wordStart": 120.97, 
     "wordConfidence": 1.0
    }, 
    {
     "wordEnd": 121.51000000000001, 
     "wordId": "AMERICAN", 
     "wordStart": 121.06, 
     "wordConfidence": 1.0
    }, 
    {
     "wordEnd": 121.92, 
     "wordId": "INTEREST", 
     "wordStart": 121.51000000000001, 
     "wordConfidence": 1.0
    }, 
    {
     "wordEnd": 122.20999999999999, 
     "wordId": "RATES", 
     "wordStart": 121.92, 
     "wordConfidence": 1.0
    }, 
    {
     "wordEnd": 122.36, 
     "wordId": "OVER", 
     "wordStart": 122.20999999999999, 
     "wordConfidence": 1.0
    }, 
    {
     "wordEnd": 122.43000000000001, 
     "wordId": "THE", 
     "wordStart": 122.36, 
     "wordConfidence": 1.0
    }, 
    {
     "wordEnd": 122.75, 
     "wordId": "NEXT", 
     "wordStart": 122.43000000000001, 
     "wordConfidence": 1.0
    }, 
    {
     "wordEnd": 122.97, 
     "wordId": "YEAR", 
     "wordStart": 122.75, 
     "wordConfidence": 1.0
    }, 
    {
     "wordEnd": 123.11, 
     "wordId": "OR", 
     "wordStart": 122.97, 
     "wordConfidence": 0.98999999999999999
    }, 
    {
     "wordEnd": 123.20999999999999, 
     "wordId": "SO", 
     "wordStart": 123.11, 
     "wordConfidence": 0.98999999999999999
    }
   ], 
   "endTime": 123.31, 
   "speakerId": "s0001", 
   "startTime": 110.68000000000001
  }, 
  {
   "classId": "speech", 
   "spokenWords": [
    {
     "wordEnd": 124.93000000000001, 
     "wordId": "MOST", 
     "wordStart": 124.48, 
     "wordConfidence": 0.96999999999999997
    }, 
    {
     "wordEnd": 125.13, 
     "wordId": "OF", 
     "wordStart": 124.94, 
     "wordConfidence": 0.96999999999999997
    }, 
    {
     "wordEnd": 125.40000000000001, 
     "wordId": "THE", 
     "wordStart": 125.12, 
     "wordConfidence": 0.95999999999999996
    }, 
    {
     "wordEnd": 126.40000000000001, 
     "wordId": "REPORT", 
     "wordStart": 125.95, 
     "wordConfidence": 0.98999999999999999
    }, 
    {
     "wordEnd": 126.55, 
     "wordId": "BY", 
     "wordStart": 126.40000000000001, 
     "wordConfidence": 0.81999999999999995
    }, 
    {
     "wordEnd": 126.62, 
     "wordId": "A", 
     "wordStart": 126.56, 
     "wordConfidence": 0.72999999999999998
    }, 
    {
     "wordEnd": 126.83, 
     "wordId": "CROWD", 
     "wordStart": 126.63, 
     "wordConfidence": 0.56000000000000005
    }, 
    {
     "wordEnd": 126.91, 
     "wordId": "OF", 
     "wordStart": 126.83, 
     "wordConfidence": 0.62
    }, 
    {
     "wordEnd": 127.12, 
     "wordId": "THEM", 
     "wordStart": 126.98999999999999, 
     "wordConfidence": 0.51000000000000001
    }, 
    {
     "wordEnd": 127.56999999999999, 
     "wordId": "WORK", 
     "wordStart": 127.29000000000001, 
     "wordConfidence": 0.68999999999999995
    }, 
    {
     "wordEnd": 127.78, 
     "wordId": "OUT", 
     "wordStart": 127.56999999999999, 
     "wordConfidence": 0.79000000000000004
    }, 
    {
     "wordEnd": 128.08000000000001, 
     "wordId": "THING", 
     "wordStart": 127.77, 
     "wordConfidence": 0.97999999999999998
    }
   ], 
   "endTime": 128.37, 
   "speakerId": "s0001", 
   "startTime": 124.22
  }, 
  {
   "classId": "speech", 
   "spokenWords": [
    {
     "wordEnd": 129.49000000000001, 
     "wordId": "ADDITIONAL", 
     "wordStart": 128.99000000000001, 
     "wordConfidence": 1.0
    }, 
    {
     "wordEnd": 130.12, 
     "wordId": "INCREASES", 
     "wordStart": 129.49000000000001, 
     "wordConfidence": 1.0
    }, 
    {
     "wordEnd": 130.22999999999999, 
     "wordId": "HER", 
     "wordStart": 130.12, 
     "wordConfidence": 0.31
    }, 
    {
     "wordEnd": 130.46000000000001, 
     "wordId": "TWO", 
     "wordStart": 130.22999999999999, 
     "wordConfidence": 0.59999999999999998
    }, 
    {
     "wordEnd": 130.81, 
     "wordId": "THOUSAND", 
     "wordStart": 130.46000000000001, 
     "wordConfidence": 0.54000000000000004
    }, 
    {
     "wordEnd": 131.11000000000001, 
     "wordId": "FURTHER", 
     "wordStart": 130.86000000000001, 
     "wordConfidence": 0.66000000000000003
    }, 
    {
     "wordEnd": 131.58000000000001, 
     "wordId": "PAIN", 
     "wordStart": 131.13999999999999, 
     "wordConfidence": 1.0
    }
   ], 
   "endTime": 131.59999999999999, 
   "speakerId": "s0001", 
   "startTime": 128.91999999999999
  }, 
  {
   "classId": "speech", 
   "spokenWords": [
    {
     "wordEnd": 132.36000000000001, 
     "wordId": "FOLLOWED", 
     "wordStart": 132.08000000000001, 
     "wordConfidence": 1.0
    }, 
    {
     "wordEnd": 132.59999999999999, 
     "wordId": "BY", 
     "wordStart": 132.36000000000001, 
     "wordConfidence": 1.0
    }, 
    {
     "wordEnd": 133.41, 
     "wordId": "THREE", 
     "wordStart": 132.75, 
     "wordConfidence": 0.90000000000000002
    }, 
    {
     "wordEnd": 134.44, 
     "wordId": "TOOTH", 
     "wordStart": 134.11000000000001, 
     "wordConfidence": 0.92000000000000004
    }, 
    {
     "wordEnd": 134.80000000000001, 
     "wordId": "ALPHA", 
     "wordStart": 134.46000000000001, 
     "wordConfidence": 0.62
    }, 
    {
     "wordEnd": 135.06, 
     "wordId": "EAT", 
     "wordStart": 134.83000000000001, 
     "wordConfidence": 0.77000000000000002
    }, 
    {
     "wordEnd": 135.61000000000001, 
     "wordId": "PAIN", 
     "wordStart": 135.08000000000001, 
     "wordConfidence": 0.80000000000000004
    }, 
    {
     "wordEnd": 136.31, 
     "wordId": "FILM", 
     "wordStart": 136.03, 
     "wordConfidence": 0.71999999999999997
    }, 
    {
     "wordEnd": 136.63999999999999, 
     "wordId": "IDEA", 
     "wordStart": 136.33000000000001, 
     "wordConfidence": 0.54000000000000004
    }, 
    {
     "wordEnd": 136.94999999999999, 
     "wordId": "TOO", 
     "wordStart": 136.66, 
     "wordConfidence": 0.45000000000000001
    }, 
    {
     "wordEnd": 137.19999999999999, 
     "wordId": "BUT", 
     "wordStart": 136.99000000000001, 
     "wordConfidence": 0.79000000000000004
    }, 
    {
     "wordEnd": 137.49000000000001, 
     "wordId": "YOU'RE", 
     "wordStart": 137.19999999999999, 
     "wordConfidence": 0.98999999999999999
    }, 
    {
     "wordEnd": 137.97999999999999, 
     "wordId": "PROBABLY", 
     "wordStart": 137.49000000000001, 
     "wordConfidence": 1.0
    }, 
    {
     "wordEnd": 138.22, 
     "wordId": "BE", 
     "wordStart": 138.03999999999999, 
     "wordConfidence": 0.93999999999999995
    }, 
    {
     "wordEnd": 138.62, 
     "wordId": "ANOTHER", 
     "wordStart": 138.22, 
     "wordConfidence": 0.96999999999999997
    }, 
    {
     "wordEnd": 139.09999999999999, 
     "wordId": "INCREASE", 
     "wordStart": 138.63999999999999, 
     "wordConfidence": 0.80000000000000004
    }, 
    {
     "wordEnd": 139.38, 
     "wordId": "BUT", 
     "wordStart": 139.18000000000001, 
     "wordConfidence": 0.54000000000000004
    }, 
    {
     "wordEnd": 139.72, 
     "wordId": "AROUND", 
     "wordStart": 139.38, 
     "wordConfidence": 0.93000000000000005
    }, 
    {
     "wordEnd": 139.87, 
     "wordId": "THE", 
     "wordStart": 139.77000000000001, 
     "wordConfidence": 0.69999999999999996
    }, 
    {
     "wordEnd": 140.25999999999999, 
     "wordId": "MIDDLE", 
     "wordStart": 139.88999999999999, 
     "wordConfidence": 0.69999999999999996
    }
   ], 
   "endTime": 140.31999999999999, 
   "speakerId": "s0001", 
   "startTime": 132.03
  }, 
  {
   "classId": "speech", 
   "spokenWords": [
    {
     "wordEnd": 141.53999999999999, 
     "wordId": "AND", 
     "wordStart": 141.34, 
     "wordConfidence": 0.93000000000000005
    }, 
    {
     "wordEnd": 141.94, 
     "wordId": "MYSELF", 
     "wordStart": 141.53999999999999, 
     "wordConfidence": 0.75
    }, 
    {
     "wordEnd": 142.08000000000001, 
     "wordId": "I", 
     "wordStart": 142.0, 
     "wordConfidence": 0.48999999999999999
    }, 
    {
     "wordEnd": 142.28, 
     "wordId": "DON'T", 
     "wordStart": 142.08000000000001, 
     "wordConfidence": 0.5
    }, 
    {
     "wordEnd": 142.96000000000001, 
     "wordId": "SEVENTEEN", 
     "wordStart": 142.31, 
     "wordConfidence": 0.98999999999999999
    }, 
    {
     "wordEnd": 143.25, 
     "wordId": "AND", 
     "wordStart": 142.96000000000001, 
     "wordConfidence": 0.85999999999999999
    }, 
    {
     "wordEnd": 143.62, 
     "wordId": "PERHAPS", 
     "wordStart": 143.27000000000001, 
     "wordConfidence": 0.98999999999999999
    }, 
    {
     "wordEnd": 144.02000000000001, 
     "wordId": "AT", 
     "wordStart": 143.81, 
     "wordConfidence": 0.77000000000000002
    }, 
    {
     "wordEnd": 144.15000000000001, 
     "wordId": "THE", 
     "wordStart": 144.05000000000001, 
     "wordConfidence": 0.72999999999999998
    }, 
    {
     "wordEnd": 144.46000000000001, 
     "wordId": "VERY", 
     "wordStart": 144.15000000000001, 
     "wordConfidence": 0.98999999999999999
    }, 
    {
     "wordEnd": 144.61000000000001, 
     "wordId": "END", 
     "wordStart": 144.46000000000001, 
     "wordConfidence": 0.71999999999999997
    }, 
    {
     "wordEnd": 144.68000000000001, 
     "wordId": "HER", 
     "wordStart": 144.61000000000001, 
     "wordConfidence": 0.63
    }, 
    {
     "wordEnd": 145.03, 
     "wordId": "TEETH", 
     "wordStart": 144.69, 
     "wordConfidence": 0.71999999999999997
    }, 
    {
     "wordEnd": 145.22999999999999, 
     "wordId": "OUT", 
     "wordStart": 145.03, 
     "wordConfidence": 1.0
    }, 
    {
     "wordEnd": 145.34999999999999, 
     "wordId": "OF", 
     "wordStart": 145.22999999999999, 
     "wordConfidence": 0.98999999999999999
    }, 
    {
     "wordEnd": 145.66999999999999, 
     "wordId": "A", 
     "wordStart": 145.41999999999999, 
     "wordConfidence": 0.37
    }, 
    {
     "wordEnd": 145.91, 
     "wordId": "TREE", 
     "wordStart": 145.66999999999999, 
     "wordConfidence": 0.48999999999999999
    }, 
    {
     "wordEnd": 146.28, 
     "wordId": "AND", 
     "wordStart": 146.09999999999999, 
     "wordConfidence": 1.0
    }, 
    {
     "wordEnd": 146.34999999999999, 
     "wordId": "ARE", 
     "wordStart": 146.28, 
     "wordConfidence": 1.0
    }, 
    {
     "wordEnd": 146.50999999999999, 
     "wordId": "YOU", 
     "wordStart": 146.34999999999999, 
     "wordConfidence": 1.0
    }, 
    {
     "wordEnd": 147.19, 
     "wordId": "CONFIDENT", 
     "wordStart": 146.50999999999999, 
     "wordConfidence": 1.0
    }, 
    {
     "wordEnd": 147.34, 
     "wordId": "THAT", 
     "wordStart": 147.19, 
     "wordConfidence": 0.98999999999999999
    }, 
    {
     "wordEnd": 147.41999999999999, 
     "wordId": "THE", 
     "wordStart": 147.34, 
     "wordConfidence": 1.0
    }, 
    {
     "wordEnd": 148.09, 
     "wordId": "AMERICAN", 
     "wordStart": 147.41999999999999, 
     "wordConfidence": 1.0
    }, 
    {
     "wordEnd": 148.78999999999999, 
     "wordId": "ECONOMY", 
     "wordStart": 148.28, 
     "wordConfidence": 1.0
    }, 
    {
     "wordEnd": 149.08000000000001, 
     "wordId": "CAN", 
     "wordStart": 148.78999999999999, 
     "wordConfidence": 1.0
    }, 
    {
     "wordEnd": 149.75999999999999, 
     "wordId": "WITHSTAND", 
     "wordStart": 149.08000000000001, 
     "wordConfidence": 1.0
    }, 
    {
     "wordEnd": 149.81999999999999, 
     "wordId": "A", 
     "wordStart": 149.75999999999999, 
     "wordConfidence": 1.0
    }, 
    {
     "wordEnd": 150.13, 
     "wordId": "FEW", 
     "wordStart": 149.81999999999999, 
     "wordConfidence": 1.0
    }, 
    {
     "wordEnd": 150.40000000000001, 
     "wordId": "RATE", 
     "wordStart": 150.13, 
     "wordConfidence": 0.97999999999999998
    }, 
    {
     "wordEnd": 150.90000000000001, 
     "wordId": "RISES", 
     "wordStart": 150.40000000000001, 
     "wordConfidence": 1.0
    }
   ], 
   "endTime": 151.0, 
   "speakerId": "s0001", 
   "startTime": 141.21000000000001
  }, 
  {
   "classId": "speech", 
   "spokenWords": [
    {
     "wordEnd": 151.59, 
     "wordId": "I", 
     "wordStart": 151.47, 
     "wordConfidence": 1.0
    }, 
    {
     "wordEnd": 151.81999999999999, 
     "wordId": "THINK", 
     "wordStart": 151.59, 
     "wordConfidence": 1.0
    }, 
    {
     "wordEnd": 152.02000000000001, 
     "wordId": "HE'D", 
     "wordStart": 151.84, 
     "wordConfidence": 0.64000000000000001
    }, 
    {
     "wordEnd": 152.46000000000001, 
     "wordId": "CARE", 
     "wordStart": 152.09999999999999, 
     "wordConfidence": 0.82999999999999996
    }, 
    {
     "wordEnd": 153.71000000000001, 
     "wordId": "WORKING", 
     "wordStart": 153.31, 
     "wordConfidence": 0.55000000000000004
    }, 
    {
     "wordEnd": 154.15000000000001, 
     "wordId": "VERY", 
     "wordStart": 153.74000000000001, 
     "wordConfidence": 1.0
    }, 
    {
     "wordEnd": 155.16999999999999, 
     "wordId": "GOOD", 
     "wordStart": 154.78999999999999, 
     "wordConfidence": 1.0
    }, 
    {
     "wordEnd": 155.75, 
     "wordId": "EMPLOYMENT", 
     "wordStart": 155.16999999999999, 
     "wordConfidence": 1.0
    }, 
    {
     "wordEnd": 156.08000000000001, 
     "wordId": "BIRTH", 
     "wordStart": 155.81999999999999, 
     "wordConfidence": 0.27000000000000002
    }, 
    {
     "wordEnd": 156.58000000000001, 
     "wordId": "IT", 
     "wordStart": 156.31999999999999, 
     "wordConfidence": 0.55000000000000004
    }
   ], 
   "endTime": 156.91, 
   "speakerId": "s0001", 
   "startTime": 151.38999999999999
  }, 
  {
   "classId": "speech", 
   "spokenWords": [
    {
     "wordEnd": 157.87, 
     "wordId": "PLUMMET", 
     "wordStart": 157.55000000000001, 
     "wordConfidence": 0.97999999999999998
    }, 
    {
     "wordEnd": 158.78999999999999, 
     "wordId": "UTILISATION", 
     "wordStart": 157.87, 
     "wordConfidence": 1.0
    }, 
    {
     "wordEnd": 159.61000000000001, 
     "wordId": "WE'RE", 
     "wordStart": 159.41, 
     "wordConfidence": 0.68999999999999995
    }, 
    {
     "wordEnd": 160.15000000000001, 
     "wordId": "AWFUL", 
     "wordStart": 159.74000000000001, 
     "wordConfidence": 0.72999999999999998
    }, 
    {
     "wordEnd": 160.56, 
     "wordId": "SEEING", 
     "wordStart": 160.13999999999999, 
     "wordConfidence": 0.57999999999999996
    }, 
    {
     "wordEnd": 161.13, 
     "wordId": "STRONG", 
     "wordStart": 160.75, 
     "wordConfidence": 1.0
    }, 
    {
     "wordEnd": 161.63, 
     "wordId": "CONSUMER", 
     "wordStart": 161.13, 
     "wordConfidence": 1.0
    }, 
    {
     "wordEnd": 162.25, 
     "wordId": "CONFIDENCE", 
     "wordStart": 161.63, 
     "wordConfidence": 0.98999999999999999
    }, 
    {
     "wordEnd": 162.36000000000001, 
     "wordId": "AT", 
     "wordStart": 162.25999999999999, 
     "wordConfidence": 0.93000000000000005
    }, 
    {
     "wordEnd": 162.43000000000001, 
     "wordId": "THE", 
     "wordStart": 162.36000000000001, 
     "wordConfidence": 0.96999999999999997
    }, 
    {
     "wordEnd": 162.94, 
     "wordId": "MOMENT", 
     "wordStart": 162.44999999999999, 
     "wordConfidence": 0.89000000000000001
    }, 
    {
     "wordEnd": 164.06, 
     "wordId": "I", 
     "wordStart": 163.63, 
     "wordConfidence": 1.0
    }, 
    {
     "wordEnd": 164.38, 
     "wordId": "THINK", 
     "wordStart": 164.06, 
     "wordConfidence": 0.96999999999999997
    }, 
    {
     "wordEnd": 164.94999999999999, 
     "wordId": "THE", 
     "wordStart": 164.77000000000001, 
     "wordConfidence": 0.53000000000000003
    }, 
    {
     "wordEnd": 165.33000000000001, 
     "wordId": "WAS", 
     "wordStart": 165.03999999999999, 
     "wordConfidence": 0.42999999999999999
    }, 
    {
     "wordEnd": 165.71000000000001, 
     "wordId": "PROBABLY", 
     "wordStart": 165.34999999999999, 
     "wordConfidence": 1.0
    }, 
    {
     "wordEnd": 166.03, 
     "wordId": "RIGHT", 
     "wordStart": 165.71000000000001, 
     "wordConfidence": 0.83999999999999997
    }, 
    {
     "wordEnd": 166.13, 
     "wordId": "TO", 
     "wordStart": 166.03, 
     "wordConfidence": 0.90000000000000002
    }, 
    {
     "wordEnd": 166.25999999999999, 
     "wordId": "BE", 
     "wordStart": 166.13, 
     "wordConfidence": 1.0
    }, 
    {
     "wordEnd": 166.61000000000001, 
     "wordId": "READING", 
     "wordStart": 166.25999999999999, 
     "wordConfidence": 0.55000000000000004
    }
   ], 
   "endTime": 166.88999999999999, 
   "speakerId": "s0001", 
   "startTime": 157.47999999999999
  }, 
  {
   "classId": "speech", 
   "spokenWords": [
    {
     "wordEnd": 167.86000000000001, 
     "wordId": "PETER", 
     "wordStart": 167.61000000000001, 
     "wordConfidence": 0.95999999999999996
    }, 
    {
     "wordEnd": 168.13, 
     "wordId": "JACK", 
     "wordStart": 167.86000000000001, 
     "wordConfidence": 0.80000000000000004
    }, 
    {
     "wordEnd": 168.41, 
     "wordId": "ASK", 
     "wordStart": 168.13999999999999, 
     "wordConfidence": 0.68999999999999995
    }, 
    {
     "wordEnd": 168.81, 
     "wordId": "ESTHER", 
     "wordStart": 168.43000000000001, 
     "wordConfidence": 0.56000000000000005
    }, 
    {
     "wordEnd": 169.44, 
     "wordId": "ON", 
     "wordStart": 169.25, 
     "wordConfidence": 0.82999999999999996
    }, 
    {
     "wordEnd": 169.65000000000001, 
     "wordId": "WALL", 
     "wordStart": 169.46000000000001, 
     "wordConfidence": 0.67000000000000004
    }, 
    {
     "wordEnd": 169.93000000000001, 
     "wordId": "STREET", 
     "wordStart": 169.65000000000001, 
     "wordConfidence": 0.96999999999999997
    }, 
    {
     "wordEnd": 170.00999999999999, 
     "wordId": "THE", 
     "wordStart": 169.93000000000001, 
     "wordConfidence": 1.0
    }, 
    {
     "wordEnd": 170.22999999999999, 
     "wordId": "DOW", 
     "wordStart": 170.00999999999999, 
     "wordConfidence": 1.0
    }, 
    {
     "wordEnd": 170.58000000000001, 
     "wordId": "JONES", 
     "wordStart": 170.22999999999999, 
     "wordConfidence": 1.0
    }, 
    {
     "wordEnd": 170.93000000000001, 
     "wordId": "CLOSED", 
     "wordStart": 170.58000000000001, 
     "wordConfidence": 1.0
    }, 
    {
     "wordEnd": 171.22, 
     "wordId": "UP", 
     "wordStart": 170.96000000000001, 
     "wordConfidence": 0.92000000000000004
    }, 
    {
     "wordEnd": 171.53999999999999, 
     "wordId": "NOUGHT", 
     "wordStart": 171.25, 
     "wordConfidence": 0.98999999999999999
    }, 
    {
     "wordEnd": 171.86000000000001, 
     "wordId": "POINT", 
     "wordStart": 171.53999999999999, 
     "wordConfidence": 1.0
    }, 
    {
     "wordEnd": 172.02000000000001, 
     "wordId": "TO", 
     "wordStart": 171.88, 
     "wordConfidence": 0.37
    }, 
    {
     "wordEnd": 172.33000000000001, 
     "wordId": "PRESENT", 
     "wordStart": 172.03, 
     "wordConfidence": 0.66000000000000003
    }, 
    {
     "wordEnd": 172.56999999999999, 
     "wordId": "AT", 
     "wordStart": 172.33000000000001, 
     "wordConfidence": 0.68000000000000005
    }, 
    {
     "wordEnd": 173.05000000000001, 
     "wordId": "NINETEEN", 
     "wordStart": 172.56999999999999, 
     "wordConfidence": 1.0
    }, 
    {
     "wordEnd": 173.56, 
     "wordId": "THOUSAND", 
     "wordStart": 173.05000000000001, 
     "wordConfidence": 1.0
    }, 
    {
     "wordEnd": 173.91999999999999, 
     "wordId": "SEVEN", 
     "wordStart": 173.59, 
     "wordConfidence": 1.0
    }, 
    {
     "wordEnd": 174.28, 
     "wordId": "HUNDRED", 
     "wordStart": 173.91999999999999, 
     "wordConfidence": 1.0
    }, 
    {
     "wordEnd": 174.33000000000001, 
     "wordId": "AND", 
     "wordStart": 174.28, 
     "wordConfidence": 0.98999999999999999
    }, 
    {
     "wordEnd": 174.75, 
     "wordId": "NINETY", 
     "wordStart": 174.33000000000001, 
     "wordConfidence": 1.0
    }, 
    {
     "wordEnd": 175.18000000000001, 
     "wordId": "SIX", 
     "wordStart": 174.75, 
     "wordConfidence": 1.0
    }, 
    {
     "wordEnd": 175.72999999999999, 
     "wordId": "AND", 
     "wordStart": 175.52000000000001, 
     "wordConfidence": 1.0
    }, 
    {
     "wordEnd": 175.83000000000001, 
     "wordId": "AT", 
     "wordStart": 175.72999999999999, 
     "wordConfidence": 1.0
    }, 
    {
     "wordEnd": 175.93000000000001, 
     "wordId": "THE", 
     "wordStart": 175.83000000000001, 
     "wordConfidence": 1.0
    }, 
    {
     "wordEnd": 176.06999999999999, 
     "wordId": "END", 
     "wordStart": 175.93000000000001, 
     "wordConfidence": 1.0
    }, 
    {
     "wordEnd": 176.18000000000001, 
     "wordId": "OF", 
     "wordStart": 176.06999999999999, 
     "wordConfidence": 1.0
    }, 
    {
     "wordEnd": 176.25999999999999, 
     "wordId": "THE", 
     "wordStart": 176.18000000000001, 
     "wordConfidence": 1.0
    }, 
    {
     "wordEnd": 176.53, 
     "wordId": "DAY", 
     "wordStart": 176.25999999999999, 
     "wordConfidence": 1.0
    }, 
    {
     "wordEnd": 176.72, 
     "wordId": "IN", 
     "wordStart": 176.53, 
     "wordConfidence": 1.0
    }, 
    {
     "wordEnd": 177.08000000000001, 
     "wordId": "LONDON", 
     "wordStart": 176.72, 
     "wordConfidence": 1.0
    }, 
    {
     "wordEnd": 177.16999999999999, 
     "wordId": "THE", 
     "wordStart": 177.08000000000001, 
     "wordConfidence": 1.0
    }, 
    {
     "wordEnd": 177.38, 
     "wordId": "ONE", 
     "wordStart": 177.16999999999999, 
     "wordConfidence": 1.0
    }, 
    {
     "wordEnd": 177.72, 
     "wordId": "HUNDRED", 
     "wordStart": 177.38, 
     "wordConfidence": 1.0
    }, 
    {
     "wordEnd": 177.97, 
     "wordId": "SHARE", 
     "wordStart": 177.72, 
     "wordConfidence": 1.0
    }, 
    {
     "wordEnd": 178.46000000000001, 
     "wordId": "INDEX", 
     "wordStart": 177.97, 
     "wordConfidence": 1.0
    }, 
    {
     "wordEnd": 178.72999999999999, 
     "wordId": "WAS", 
     "wordStart": 178.46000000000001, 
     "wordConfidence": 1.0
    }, 
    {
     "wordEnd": 179.25, 
     "wordId": "DOWN", 
     "wordStart": 178.72999999999999, 
     "wordConfidence": 1.0
    }, 
    {
     "wordEnd": 179.61000000000001, 
     "wordId": "NOUGHT", 
     "wordStart": 179.28, 
     "wordConfidence": 1.0
    }, 
    {
     "wordEnd": 179.90000000000001, 
     "wordId": "POINT", 
     "wordStart": 179.61000000000001, 
     "wordConfidence": 1.0
    }, 
    {
     "wordEnd": 180.19999999999999, 
     "wordId": "NINE", 
     "wordStart": 179.93000000000001, 
     "wordConfidence": 1.0
    }, 
    {
     "wordEnd": 180.44, 
     "wordId": "PER", 
     "wordStart": 180.19999999999999, 
     "wordConfidence": 0.44
    }, 
    {
     "wordEnd": 180.63999999999999, 
     "wordId": "CENT", 
     "wordStart": 180.44999999999999, 
     "wordConfidence": 0.44
    }, 
    {
     "wordEnd": 181.21000000000001, 
     "wordId": "AT", 
     "wordStart": 180.88999999999999, 
     "wordConfidence": 1.0
    }, 
    {
     "wordEnd": 181.75999999999999, 
     "wordId": "SIXTY", 
     "wordStart": 181.21000000000001, 
     "wordConfidence": 1.0
    }, 
    {
     "wordEnd": 182.21000000000001, 
     "wordId": "EIGHT", 
     "wordStart": 181.78999999999999, 
     "wordConfidence": 1.0
    }, 
    {
     "wordEnd": 182.80000000000001, 
     "wordId": "NINETY", 
     "wordStart": 182.28999999999999, 
     "wordConfidence": 1.0
    }
   ], 
   "endTime": 182.88999999999999, 
   "speakerId": "s0001", 
   "startTime": 167.56
  }, 
  {
   "classId": "speech", 
   "spokenWords": [
    {
     "wordEnd": 183.84999999999999, 
     "wordId": "THANK", 
     "wordStart": 183.52000000000001, 
     "wordConfidence": 1.0
    }, 
    {
     "wordEnd": 183.91999999999999, 
     "wordId": "YOU", 
     "wordStart": 183.84999999999999, 
     "wordConfidence": 1.0
    }, 
    {
     "wordEnd": 184.06999999999999, 
     "wordId": "FOR", 
     "wordStart": 183.91999999999999, 
     "wordConfidence": 1.0
    }, 
    {
     "wordEnd": 184.68000000000001, 
     "wordId": "DOWNLOADING", 
     "wordStart": 184.06999999999999, 
     "wordConfidence": 1.0
    }, 
    {
     "wordEnd": 184.84, 
     "wordId": "FROM", 
     "wordStart": 184.68000000000001, 
     "wordConfidence": 1.0
    }, 
    {
     "wordEnd": 184.94, 
     "wordId": "THE", 
     "wordStart": 184.84, 
     "wordConfidence": 1.0
    }, 
    {
     "wordEnd": 185.38999999999999, 
     "wordId": "B.B.C.", 
     "wordStart": 184.94, 
     "wordConfidence": 1.0
    }, 
    {
     "wordEnd": 185.68000000000001, 
     "wordId": "WORLD", 
     "wordStart": 185.38999999999999, 
     "wordConfidence": 1.0
    }, 
    {
     "wordEnd": 186.16999999999999, 
     "wordId": "SERVICE", 
     "wordStart": 185.68000000000001, 
     "wordConfidence": 1.0
    }, 
    {
     "wordEnd": 186.38, 
     "wordId": "YOU", 
     "wordStart": 186.28, 
     "wordConfidence": 0.91000000000000003
    }, 
    {
     "wordEnd": 186.52000000000001, 
     "wordId": "CAN", 
     "wordStart": 186.38, 
     "wordConfidence": 1.0
    }, 
    {
     "wordEnd": 186.88999999999999, 
     "wordId": "FIND", 
     "wordStart": 186.52000000000001, 
     "wordConfidence": 1.0
    }, 
    {
     "wordEnd": 186.94, 
     "wordId": "A", 
     "wordStart": 186.88999999999999, 
     "wordConfidence": 1.0
    }, 
    {
     "wordEnd": 187.16999999999999, 
     "wordId": "WHOLE", 
     "wordStart": 186.94, 
     "wordConfidence": 1.0
    }, 
    {
     "wordEnd": 187.53999999999999, 
     "wordId": "WORLD", 
     "wordStart": 187.16999999999999, 
     "wordConfidence": 1.0
    }, 
    {
     "wordEnd": 187.63, 
     "wordId": "OF", 
     "wordStart": 187.53999999999999, 
     "wordConfidence": 1.0
    }, 
    {
     "wordEnd": 188.37, 
     "wordId": "INFORMATION", 
     "wordStart": 187.63, 
     "wordConfidence": 0.98999999999999999
    }, 
    {
     "wordEnd": 188.66, 
     "wordId": "FROM", 
     "wordStart": 188.37, 
     "wordConfidence": 1.0
    }, 
    {
     "wordEnd": 189.31, 
     "wordId": "SCIENCE", 
     "wordStart": 188.66, 
     "wordConfidence": 0.96999999999999997
    }, 
    {
     "wordEnd": 189.88, 
     "wordId": "ARTS", 
     "wordStart": 189.34, 
     "wordConfidence": 0.98999999999999999
    }, 
    {
     "wordEnd": 190.55000000000001, 
     "wordId": "BUSINESS", 
     "wordStart": 190.06, 
     "wordConfidence": 1.0
    }, 
    {
     "wordEnd": 190.69, 
     "wordId": "AND", 
     "wordStart": 190.55000000000001, 
     "wordConfidence": 1.0
    }, 
    {
     "wordEnd": 191.38, 
     "wordId": "TECHNOLOGY", 
     "wordStart": 190.69, 
     "wordConfidence": 1.0
    }, 
    {
     "wordEnd": 191.87, 
     "wordId": "DOES", 
     "wordStart": 191.66999999999999, 
     "wordConfidence": 0.65000000000000002
    }, 
    {
     "wordEnd": 192.02000000000001, 
     "wordId": "GO", 
     "wordStart": 191.87, 
     "wordConfidence": 1.0
    }, 
    {
     "wordEnd": 192.31, 
     "wordId": "TO", 
     "wordStart": 192.02000000000001, 
     "wordConfidence": 1.0
    }, 
    {
     "wordEnd": 192.84999999999999, 
     "wordId": "B.B.C.", 
     "wordStart": 192.31, 
     "wordConfidence": 1.0
    }, 
    {
     "wordEnd": 193.13, 
     "wordId": "WORLD", 
     "wordStart": 192.84999999999999, 
     "wordConfidence": 1.0
    }, 
    {
     "wordEnd": 193.47, 
     "wordId": "SERVICE", 
     "wordStart": 193.13, 
     "wordConfidence": 1.0
    }, 
    {
     "wordEnd": 193.63999999999999, 
     "wordId": "DOT", 
     "wordStart": 193.47, 
     "wordConfidence": 1.0
    }, 
    {
     "wordEnd": 193.99000000000001, 
     "wordId": "COM", 
     "wordStart": 193.63999999999999, 
     "wordConfidence": 1.0
    }, 
    {
     "wordEnd": 194.65000000000001, 
     "wordId": "SLASH", 
     "wordStart": 194.08000000000001, 
     "wordConfidence": 1.0
    }, 
    {
     "wordEnd": 195.38999999999999, 
     "wordId": "PODCAST", 
     "wordStart": 194.68000000000001, 
     "wordConfidence": 0.62
    }
   ], 
   "endTime": 195.44, 
   "speakerId": "s0001", 
   "startTime": 183.44999999999999
  }
 ]
}
]
