[{
 "speakers": [
  "s0001"
 ], 
 "classes": [
  "speech"
 ], 
 "segments": [
  {
   "classId": "speech", 
   "spokenWords": [
    {
     "wordEnd": 0.47999999999999998, 
     "wordId": "THIS", 
     "wordStart": 0.17999999999999999, 
     "wordConfidence": 1.0
    }, 
    {
     "wordEnd": 0.81000000000000005, 
     "wordId": "IS", 
     "wordStart": 0.51000000000000001, 
     "wordConfidence": 1.0
    }, 
    {
     "wordEnd": 0.96999999999999997, 
     "wordId": "THE", 
     "wordStart": 0.81000000000000005, 
     "wordConfidence": 1.0
    }, 
    {
     "wordEnd": 1.1899999999999999, 
     "wordId": "WALL", 
     "wordStart": 0.96999999999999997, 
     "wordConfidence": 1.0
    }, 
    {
     "wordEnd": 1.4399999999999999, 
     "wordId": "STREET", 
     "wordStart": 1.1899999999999999, 
     "wordConfidence": 1.0
    }, 
    {
     "wordEnd": 1.8999999999999999, 
     "wordId": "UPDATE", 
     "wordStart": 1.4399999999999999, 
     "wordConfidence": 1.0
    }, 
    {
     "wordEnd": 2.1099999999999999, 
     "wordId": "OF", 
     "wordStart": 1.9299999999999999, 
     "wordConfidence": 0.98999999999999999
    }, 
    {
     "wordEnd": 2.4199999999999999, 
     "wordId": "WORLD", 
     "wordStart": 2.1099999999999999, 
     "wordConfidence": 1.0
    }, 
    {
     "wordEnd": 2.77, 
     "wordId": "BUSINESS", 
     "wordStart": 2.4199999999999999, 
     "wordConfidence": 1.0
    }, 
    {
     "wordEnd": 3.1600000000000001, 
     "wordId": "REPORT", 
     "wordStart": 2.77, 
     "wordConfidence": 1.0
    }, 
    {
     "wordEnd": 3.3599999999999999, 
     "wordId": "FROM", 
     "wordStart": 3.1600000000000001, 
     "wordConfidence": 1.0
    }, 
    {
     "wordEnd": 3.46, 
     "wordId": "THE", 
     "wordStart": 3.3599999999999999, 
     "wordConfidence": 1.0
    }, 
    {
     "wordEnd": 3.9399999999999999, 
     "wordId": "B.B.C.", 
     "wordStart": 3.46, 
     "wordConfidence": 0.98999999999999999
    }, 
    {
     "wordEnd": 4.2599999999999998, 
     "wordId": "WORLD", 
     "wordStart": 3.9399999999999999, 
     "wordConfidence": 1.0
    }, 
    {
     "wordEnd": 4.8099999999999996, 
     "wordId": "SERVICE", 
     "wordStart": 4.2599999999999998, 
     "wordConfidence": 1.0
    }, 
    {
     "wordEnd": 5.1900000000000004, 
     "wordId": "I'M", 
     "wordStart": 4.8399999999999999, 
     "wordConfidence": 0.98999999999999999
    }, 
    {
     "wordEnd": 5.5599999999999996, 
     "wordId": "MIKE", 
     "wordStart": 5.2300000000000004, 
     "wordConfidence": 1.0
    }, 
    {
     "wordEnd": 6.0999999999999996, 
     "wordId": "JOHNSON", 
     "wordStart": 5.5599999999999996, 
     "wordConfidence": 1.0
    }, 
    {
     "wordEnd": 6.5999999999999996, 
     "wordId": "WHO", 
     "wordStart": 6.2300000000000004, 
     "wordConfidence": 1.0
    }, 
    {
     "wordEnd": 7.0800000000000001, 
     "wordId": "LIKES", 
     "wordStart": 6.6299999999999999, 
     "wordConfidence": 1.0
    }, 
    {
     "wordEnd": 7.5800000000000001, 
     "wordId": "HIGHER", 
     "wordStart": 7.0800000000000001, 
     "wordConfidence": 1.0
    }, 
    {
     "wordEnd": 8.3300000000000001, 
     "wordId": "INTEREST", 
     "wordStart": 7.6900000000000004, 
     "wordConfidence": 1.0
    }, 
    {
     "wordEnd": 8.8100000000000005, 
     "wordId": "RATES", 
     "wordStart": 8.3300000000000001, 
     "wordConfidence": 1.0
    }, 
    {
     "wordEnd": 9.1099999999999994, 
     "wordId": "THE", 
     "wordStart": 8.9700000000000006, 
     "wordConfidence": 0.97999999999999998
    }, 
    {
     "wordEnd": 9.5399999999999991, 
     "wordId": "BOSSES", 
     "wordStart": 9.1099999999999994, 
     "wordConfidence": 0.98999999999999999
    }, 
    {
     "wordEnd": 9.7699999999999996, 
     "wordId": "OF", 
     "wordStart": 9.5399999999999991, 
     "wordConfidence": 0.98999999999999999
    }, 
    {
     "wordEnd": 10.26, 
     "wordId": "BANKS", 
     "wordStart": 9.7699999999999996, 
     "wordConfidence": 0.94999999999999996
    }, 
    {
     "wordEnd": 10.550000000000001, 
     "wordId": "THAT'S", 
     "wordStart": 10.26, 
     "wordConfidence": 0.71999999999999997
    }, 
    {
     "wordEnd": 10.859999999999999, 
     "wordId": "WHO", 
     "wordStart": 10.550000000000001, 
     "wordConfidence": 0.68999999999999995
    }, 
    {
     "wordEnd": 11.42, 
     "wordId": "THEIR", 
     "wordStart": 11.210000000000001, 
     "wordConfidence": 0.46999999999999997
    }, 
    {
     "wordEnd": 11.83, 
     "wordId": "COMPANIES", 
     "wordStart": 11.42, 
     "wordConfidence": 0.97999999999999998
    }, 
    {
     "wordEnd": 12.109999999999999, 
     "wordId": "MAKE", 
     "wordStart": 11.83, 
     "wordConfidence": 1.0
    }, 
    {
     "wordEnd": 12.369999999999999, 
     "wordId": "MORE", 
     "wordStart": 12.109999999999999, 
     "wordConfidence": 1.0
    }, 
    {
     "wordEnd": 12.73, 
     "wordId": "MONEY", 
     "wordStart": 12.369999999999999, 
     "wordConfidence": 1.0
    }, 
    {
     "wordEnd": 13.0, 
     "wordId": "WHEN", 
     "wordStart": 12.73, 
     "wordConfidence": 1.0
    }, 
    {
     "wordEnd": 13.1, 
     "wordId": "THE", 
     "wordStart": 13.0, 
     "wordConfidence": 1.0
    }, 
    {
     "wordEnd": 13.470000000000001, 
     "wordId": "COST", 
     "wordStart": 13.1, 
     "wordConfidence": 1.0
    }, 
    {
     "wordEnd": 13.619999999999999, 
     "wordId": "OF", 
     "wordStart": 13.470000000000001, 
     "wordConfidence": 1.0
    }, 
    {
     "wordEnd": 14.09, 
     "wordId": "BORROWING", 
     "wordStart": 13.619999999999999, 
     "wordConfidence": 1.0
    }, 
    {
     "wordEnd": 14.720000000000001, 
     "wordId": "RISES", 
     "wordStart": 14.09, 
     "wordConfidence": 1.0
    }, 
    {
     "wordEnd": 15.390000000000001, 
     "wordId": "SO", 
     "wordStart": 15.08, 
     "wordConfidence": 1.0
    }, 
    {
     "wordEnd": 15.84, 
     "wordId": "BANKS", 
     "wordStart": 15.390000000000001, 
     "wordConfidence": 0.97999999999999998
    }, 
    {
     "wordEnd": 15.960000000000001, 
     "wordId": "HAVE", 
     "wordStart": 15.84, 
     "wordConfidence": 0.95999999999999996
    }, 
    {
     "wordEnd": 16.280000000000001, 
     "wordId": "HELPED", 
     "wordStart": 15.960000000000001, 
     "wordConfidence": 1.0
    }, 
    {
     "wordEnd": 16.510000000000002, 
     "wordId": "WALL", 
     "wordStart": 16.280000000000001, 
     "wordConfidence": 0.98999999999999999
    }, 
    {
     "wordEnd": 16.829999999999998, 
     "wordId": "STREET", 
     "wordStart": 16.510000000000002, 
     "wordConfidence": 1.0
    }, 
    {
     "wordEnd": 17.199999999999999, 
     "wordId": "SHARES", 
     "wordStart": 16.829999999999998, 
     "wordConfidence": 0.95999999999999996
    }, 
    {
     "wordEnd": 17.73, 
     "wordId": "CLOSE", 
     "wordStart": 17.199999999999999, 
     "wordConfidence": 0.54000000000000004
    }, 
    {
     "wordEnd": 18.07, 
     "wordId": "HIGHER", 
     "wordStart": 17.75, 
     "wordConfidence": 0.81000000000000005
    }, 
    {
     "wordEnd": 18.440000000000001, 
     "wordId": "AFTER", 
     "wordStart": 18.079999999999998, 
     "wordConfidence": 1.0
    }, 
    {
     "wordEnd": 18.52, 
     "wordId": "THE", 
     "wordStart": 18.440000000000001, 
     "wordConfidence": 1.0
    }, 
    {
     "wordEnd": 18.789999999999999, 
     "wordId": "FEDERAL", 
     "wordStart": 18.52, 
     "wordConfidence": 0.95999999999999996
    }, 
    {
     "wordEnd": 19.280000000000001, 
     "wordId": "RESERVE", 
     "wordStart": 18.789999999999999, 
     "wordConfidence": 0.98999999999999999
    }, 
    {
     "wordEnd": 19.800000000000001, 
     "wordId": "INCREASED", 
     "wordStart": 19.309999999999999, 
     "wordConfidence": 1.0
    }, 
    {
     "wordEnd": 20.059999999999999, 
     "wordId": "U.S.", 
     "wordStart": 19.800000000000001, 
     "wordConfidence": 0.97999999999999998
    }, 
    {
     "wordEnd": 20.43, 
     "wordId": "RATES", 
     "wordStart": 20.059999999999999, 
     "wordConfidence": 1.0
    }, 
    {
     "wordEnd": 20.68, 
     "wordId": "ON", 
     "wordStart": 20.43, 
     "wordConfidence": 1.0
    }, 
    {
     "wordEnd": 21.210000000000001, 
     "wordId": "WEDNESDAY", 
     "wordStart": 20.68, 
     "wordConfidence": 1.0
    }
   ], 
   "endTime": 21.289999999999999, 
   "speakerId": "s0001", 
   "startTime": 0.17999999999999999
  }, 
  {
   "classId": "speech", 
   "spokenWords": [
    {
     "wordEnd": 21.73, 
     "wordId": "AND", 
     "wordStart": 21.670000000000002, 
     "wordConfidence": 0.70999999999999996
    }, 
    {
     "wordEnd": 21.969999999999999, 
     "wordId": "ALSO", 
     "wordStart": 21.760000000000002, 
     "wordConfidence": 0.92000000000000004
    }, 
    {
     "wordEnd": 22.260000000000002, 
     "wordId": "SIGNALLED", 
     "wordStart": 21.969999999999999, 
     "wordConfidence": 0.62
    }, 
    {
     "wordEnd": 22.510000000000002, 
     "wordId": "THAT", 
     "wordStart": 22.379999999999999, 
     "wordConfidence": 0.82999999999999996
    }, 
    {
     "wordEnd": 22.809999999999999, 
     "wordId": "TWENTY", 
     "wordStart": 22.510000000000002, 
     "wordConfidence": 1.0
    }, 
    {
     "wordEnd": 23.34, 
     "wordId": "SEVENTEEN", 
     "wordStart": 22.809999999999999, 
     "wordConfidence": 1.0
    }, 
    {
     "wordEnd": 23.550000000000001, 
     "wordId": "COULD", 
     "wordStart": 23.34, 
     "wordConfidence": 1.0
    }, 
    {
     "wordEnd": 23.789999999999999, 
     "wordId": "SEE", 
     "wordStart": 23.550000000000001, 
     "wordConfidence": 1.0
    }, 
    {
     "wordEnd": 23.859999999999999, 
     "wordId": "A", 
     "wordStart": 23.789999999999999, 
     "wordConfidence": 1.0
    }, 
    {
     "wordEnd": 24.280000000000001, 
     "wordId": "FURTHER", 
     "wordStart": 23.859999999999999, 
     "wordConfidence": 1.0
    }, 
    {
     "wordEnd": 24.93, 
     "wordId": "THREE", 
     "wordStart": 24.280000000000001, 
     "wordConfidence": 1.0
    }, 
    {
     "wordEnd": 25.539999999999999, 
     "wordId": "RATE", 
     "wordStart": 25.140000000000001, 
     "wordConfidence": 1.0
    }, 
    {
     "wordEnd": 26.149999999999999, 
     "wordId": "HIKES", 
     "wordStart": 25.539999999999999, 
     "wordConfidence": 0.98999999999999999
    }, 
    {
     "wordEnd": 26.91, 
     "wordId": "CARRY", 
     "wordStart": 26.559999999999999, 
     "wordConfidence": 0.64000000000000001
    }, 
    {
     "wordEnd": 27.300000000000001, 
     "wordId": "LATE", 
     "wordStart": 26.91, 
     "wordConfidence": 0.54000000000000004
    }, 
    {
     "wordEnd": 27.699999999999999, 
     "wordId": "DECISION", 
     "wordStart": 27.32, 
     "wordConfidence": 1.0
    }, 
    {
     "wordEnd": 28.300000000000001, 
     "wordId": "ECONOMICS", 
     "wordStart": 27.699999999999999, 
     "wordConfidence": 1.0
    }, 
    {
     "wordEnd": 28.449999999999999, 
     "wordId": "IN", 
     "wordStart": 28.329999999999998, 
     "wordConfidence": 1.0
    }, 
    {
     "wordEnd": 28.59, 
     "wordId": "NEW", 
     "wordStart": 28.449999999999999, 
     "wordConfidence": 1.0
    }, 
    {
     "wordEnd": 28.899999999999999, 
     "wordId": "YORK", 
     "wordStart": 28.59, 
     "wordConfidence": 1.0
    }, 
    {
     "wordEnd": 29.059999999999999, 
     "wordId": "HAS", 
     "wordStart": 28.899999999999999, 
     "wordConfidence": 1.0
    }, 
    {
     "wordEnd": 29.239999999999998, 
     "wordId": "BEEN", 
     "wordStart": 29.059999999999999, 
     "wordConfidence": 1.0
    }, 
    {
     "wordEnd": 29.489999999999998, 
     "wordId": "GIVING", 
     "wordStart": 29.239999999999998, 
     "wordConfidence": 0.89000000000000001
    }, 
    {
     "wordEnd": 29.649999999999999, 
     "wordId": "ME", 
     "wordStart": 29.489999999999998, 
     "wordConfidence": 0.98999999999999999
    }, 
    {
     "wordEnd": 29.93, 
     "wordId": "HIS", 
     "wordStart": 29.649999999999999, 
     "wordConfidence": 1.0
    }, 
    {
     "wordEnd": 30.199999999999999, 
     "wordId": "VIEW", 
     "wordStart": 29.93, 
     "wordConfidence": 1.0
    }, 
    {
     "wordEnd": 30.289999999999999, 
     "wordId": "OF", 
     "wordStart": 30.199999999999999, 
     "wordConfidence": 1.0
    }, 
    {
     "wordEnd": 30.370000000000001, 
     "wordId": "THE", 
     "wordStart": 30.289999999999999, 
     "wordConfidence": 0.91000000000000003
    }, 
    {
     "wordEnd": 30.600000000000001, 
     "wordId": "DAY'S", 
     "wordStart": 30.370000000000001, 
     "wordConfidence": 0.91000000000000003
    }, 
    {
     "wordEnd": 30.920000000000002, 
     "wordId": "ACTION", 
     "wordStart": 30.600000000000001, 
     "wordConfidence": 1.0
    }, 
    {
     "wordEnd": 31.050000000000001, 
     "wordId": "ON", 
     "wordStart": 30.920000000000002, 
     "wordConfidence": 1.0
    }, 
    {
     "wordEnd": 31.129999999999999, 
     "wordId": "THE", 
     "wordStart": 31.050000000000001, 
     "wordConfidence": 1.0
    }, 
    {
     "wordEnd": 31.530000000000001, 
     "wordId": "FINANCIAL", 
     "wordStart": 31.129999999999999, 
     "wordConfidence": 1.0
    }, 
    {
     "wordEnd": 32.020000000000003, 
     "wordId": "MARKETS", 
     "wordStart": 31.530000000000001, 
     "wordConfidence": 1.0
    }, 
    {
     "wordEnd": 32.450000000000003, 
     "wordId": "HE", 
     "wordStart": 32.25, 
     "wordConfidence": 1.0
    }, 
    {
     "wordEnd": 32.890000000000001, 
     "wordId": "BEGAN", 
     "wordStart": 32.450000000000003, 
     "wordConfidence": 1.0
    }, 
    {
     "wordEnd": 33.079999999999998, 
     "wordId": "WITH", 
     "wordStart": 32.890000000000001, 
     "wordConfidence": 1.0
    }, 
    {
     "wordEnd": 33.270000000000003, 
     "wordId": "A", 
     "wordStart": 33.109999999999999, 
     "wordConfidence": 1.0
    }, 
    {
     "wordEnd": 33.780000000000001, 
     "wordId": "RISING", 
     "wordStart": 33.270000000000003, 
     "wordConfidence": 1.0
    }, 
    {
     "wordEnd": 34.240000000000002, 
     "wordId": "U.S.", 
     "wordStart": 33.810000000000002, 
     "wordConfidence": 0.97999999999999998
    }, 
    {
     "wordEnd": 34.710000000000001, 
     "wordId": "DOLLAR", 
     "wordStart": 34.240000000000002, 
     "wordConfidence": 1.0
    }, 
    {
     "wordEnd": 35.280000000000001, 
     "wordId": "FATHER", 
     "wordStart": 35.039999999999999, 
     "wordConfidence": 0.26000000000000001
    }, 
    {
     "wordEnd": 35.799999999999997, 
     "wordId": "DOLLARS", 
     "wordStart": 35.299999999999997, 
     "wordConfidence": 0.85999999999999999
    }, 
    {
     "wordEnd": 36.270000000000003, 
     "wordId": "REACTING", 
     "wordStart": 35.799999999999997, 
     "wordConfidence": 1.0
    }, 
    {
     "wordEnd": 36.420000000000002, 
     "wordId": "TO", 
     "wordStart": 36.270000000000003, 
     "wordConfidence": 1.0
    }, 
    {
     "wordEnd": 36.509999999999998, 
     "wordId": "HER", 
     "wordStart": 36.420000000000002, 
     "wordConfidence": 0.96999999999999997
    }, 
    {
     "wordEnd": 36.850000000000001, 
     "wordId": "BELIEVE", 
     "wordStart": 36.509999999999998, 
     "wordConfidence": 1.0
    }, 
    {
     "wordEnd": 36.990000000000002, 
     "wordId": "ME", 
     "wordStart": 36.850000000000001, 
     "wordConfidence": 1.0
    }, 
    {
     "wordEnd": 37.109999999999999, 
     "wordId": "YOU", 
     "wordStart": 36.990000000000002, 
     "wordConfidence": 0.93999999999999995
    }, 
    {
     "wordEnd": 37.420000000000002, 
     "wordId": "CAN'T", 
     "wordStart": 37.109999999999999, 
     "wordConfidence": 1.0
    }, 
    {
     "wordEnd": 37.579999999999998, 
     "wordId": "HE'S", 
     "wordStart": 37.420000000000002, 
     "wordConfidence": 0.92000000000000004
    }, 
    {
     "wordEnd": 37.82, 
     "wordId": "GOING", 
     "wordStart": 37.579999999999998, 
     "wordConfidence": 1.0
    }, 
    {
     "wordEnd": 37.909999999999997, 
     "wordId": "TO", 
     "wordStart": 37.82, 
     "wordConfidence": 1.0
    }, 
    {
     "wordEnd": 38.060000000000002, 
     "wordId": "BE", 
     "wordStart": 37.909999999999997, 
     "wordConfidence": 1.0
    }
   ], 
   "endTime": 38.299999999999997, 
   "speakerId": "s0001", 
   "startTime": 21.609999999999999
  }, 
  {
   "classId": "speech", 
   "spokenWords": [
    {
     "wordEnd": 39.409999999999997, 
     "wordId": "STRONGER", 
     "wordStart": 38.740000000000002, 
     "wordConfidence": 1.0
    }, 
    {
     "wordEnd": 39.780000000000001, 
     "wordId": "THROUGH", 
     "wordStart": 39.439999999999998, 
     "wordConfidence": 1.0
    }, 
    {
     "wordEnd": 40.060000000000002, 
     "wordId": "A", 
     "wordStart": 39.920000000000002, 
     "wordConfidence": 1.0
    }, 
    {
     "wordEnd": 40.740000000000002, 
     "wordId": "COMBINATION", 
     "wordStart": 40.060000000000002, 
     "wordConfidence": 0.95999999999999996
    }, 
    {
     "wordEnd": 40.890000000000001, 
     "wordId": "OF", 
     "wordStart": 40.740000000000002, 
     "wordConfidence": 1.0
    }, 
    {
     "wordEnd": 41.539999999999999, 
     "wordId": "PACKS", 
     "wordStart": 41.189999999999998, 
     "wordConfidence": 0.34000000000000002
    }, 
    {
     "wordEnd": 41.890000000000001, 
     "wordId": "CUT", 
     "wordStart": 41.579999999999998, 
     "wordConfidence": 0.90000000000000002
    }, 
    {
     "wordEnd": 42.5, 
     "wordId": "INFRASTRUCTURE", 
     "wordStart": 42.119999999999997, 
     "wordConfidence": 0.40000000000000002
    }, 
    {
     "wordEnd": 42.700000000000003, 
     "wordId": "YOUR", 
     "wordStart": 42.57, 
     "wordConfidence": 0.40999999999999998
    }, 
    {
     "wordEnd": 43.039999999999999, 
     "wordId": "LEAD", 
     "wordStart": 42.700000000000003, 
     "wordConfidence": 0.46999999999999997
    }, 
    {
     "wordEnd": 43.549999999999997, 
     "wordId": "SPENDING", 
     "wordStart": 43.060000000000002, 
     "wordConfidence": 0.98999999999999999
    }, 
    {
     "wordEnd": 43.920000000000002, 
     "wordId": "IN", 
     "wordStart": 43.579999999999998, 
     "wordConfidence": 0.80000000000000004
    }, 
    {
     "wordEnd": 44.719999999999999, 
     "wordId": "REGULATION", 
     "wordStart": 44.07, 
     "wordConfidence": 1.0
    }
   ], 
   "endTime": 44.740000000000002, 
   "speakerId": "s0001", 
   "startTime": 38.600000000000001
  }, 
  {
   "classId": "speech", 
   "spokenWords": [
    {
     "wordEnd": 45.719999999999999, 
     "wordId": "BETWEEN", 
     "wordStart": 45.289999999999999, 
     "wordConfidence": 0.93999999999999995
    }, 
    {
     "wordEnd": 46.270000000000003, 
     "wordId": "GOING", 
     "wordStart": 46.100000000000001, 
     "wordConfidence": 0.98999999999999999
    }, 
    {
     "wordEnd": 46.340000000000003, 
     "wordId": "TO", 
     "wordStart": 46.270000000000003, 
     "wordConfidence": 1.0
    }, 
    {
     "wordEnd": 46.520000000000003, 
     "wordId": "BE", 
     "wordStart": 46.340000000000003, 
     "wordConfidence": 1.0
    }, 
    {
     "wordEnd": 47.560000000000002, 
     "wordId": "YOU", 
     "wordStart": 47.359999999999999, 
     "wordConfidence": 0.47999999999999998
    }, 
    {
     "wordEnd": 48.270000000000003, 
     "wordId": "REGULATION", 
     "wordStart": 47.670000000000002, 
     "wordConfidence": 0.94999999999999996
    }, 
    {
     "wordEnd": 48.390000000000001, 
     "wordId": "IN", 
     "wordStart": 48.270000000000003, 
     "wordConfidence": 0.75
    }, 
    {
     "wordEnd": 49.090000000000003, 
     "wordId": "THE", 
     "wordStart": 48.719999999999999, 
     "wordConfidence": 1.0
    }, 
    {
     "wordEnd": 49.509999999999998, 
     "wordId": "MARKETS", 
     "wordStart": 49.119999999999997, 
     "wordConfidence": 0.78000000000000003
    }, 
    {
     "wordEnd": 49.759999999999998, 
     "wordId": "PEOPLE", 
     "wordStart": 49.509999999999998, 
     "wordConfidence": 0.82999999999999996
    }, 
    {
     "wordEnd": 49.920000000000002, 
     "wordId": "HE'S", 
     "wordStart": 49.759999999999998, 
     "wordConfidence": 0.38
    }, 
    {
     "wordEnd": 50.049999999999997, 
     "wordId": "BEEN", 
     "wordStart": 49.920000000000002, 
     "wordConfidence": 1.0
    }, 
    {
     "wordEnd": 50.189999999999998, 
     "wordId": "HERE", 
     "wordStart": 50.049999999999997, 
     "wordConfidence": 1.0
    }, 
    {
     "wordEnd": 50.340000000000003, 
     "wordId": "TO", 
     "wordStart": 50.189999999999998, 
     "wordConfidence": 0.89000000000000001
    }, 
    {
     "wordEnd": 50.990000000000002, 
     "wordId": "THEM", 
     "wordStart": 50.759999999999998, 
     "wordConfidence": 0.34000000000000002
    }, 
    {
     "wordEnd": 51.969999999999999, 
     "wordId": "ELLINGTON", 
     "wordStart": 51.759999999999998, 
     "wordConfidence": 0.17999999999999999
    }, 
    {
     "wordEnd": 52.210000000000001, 
     "wordId": "ALL", 
     "wordStart": 51.979999999999997, 
     "wordConfidence": 0.65000000000000002
    }, 
    {
     "wordEnd": 52.609999999999999, 
     "wordId": "OUR", 
     "wordStart": 52.219999999999999, 
     "wordConfidence": 0.87
    }, 
    {
     "wordEnd": 53.109999999999999, 
     "wordId": "ART", 
     "wordStart": 52.859999999999999, 
     "wordConfidence": 0.98999999999999999
    }, 
    {
     "wordEnd": 53.219999999999999, 
     "wordId": "WITH", 
     "wordStart": 53.109999999999999, 
     "wordConfidence": 0.87
    }, 
    {
     "wordEnd": 53.299999999999997, 
     "wordId": "THE", 
     "wordStart": 53.229999999999997, 
     "wordConfidence": 0.65000000000000002
    }, 
    {
     "wordEnd": 53.729999999999997, 
     "wordId": "DOLLAR", 
     "wordStart": 53.299999999999997, 
     "wordConfidence": 0.67000000000000004
    }, 
    {
     "wordEnd": 53.969999999999999, 
     "wordId": "IS", 
     "wordStart": 53.740000000000002, 
     "wordConfidence": 0.65000000000000002
    }, 
    {
     "wordEnd": 54.280000000000001, 
     "wordId": "MOVING", 
     "wordStart": 53.990000000000002, 
     "wordConfidence": 1.0
    }, 
    {
     "wordEnd": 54.549999999999997, 
     "wordId": "EITHER", 
     "wordStart": 54.310000000000002, 
     "wordConfidence": 0.52000000000000002
    }, 
    {
     "wordEnd": 54.670000000000002, 
     "wordId": "IN", 
     "wordStart": 54.549999999999997, 
     "wordConfidence": 0.89000000000000001
    }, 
    {
     "wordEnd": 54.75, 
     "wordId": "THE", 
     "wordStart": 54.670000000000002, 
     "wordConfidence": 0.94999999999999996
    }, 
    {
     "wordEnd": 55.039999999999999, 
     "wordId": "BELIEF", 
     "wordStart": 54.75, 
     "wordConfidence": 0.84999999999999998
    }, 
    {
     "wordEnd": 55.189999999999998, 
     "wordId": "THAT", 
     "wordStart": 55.039999999999999, 
     "wordConfidence": 0.85999999999999999
    }, 
    {
     "wordEnd": 55.32, 
     "wordId": "THERE", 
     "wordStart": 55.200000000000003, 
     "wordConfidence": 0.67000000000000004
    }, 
    {
     "wordEnd": 55.549999999999997, 
     "wordId": "COULD", 
     "wordStart": 55.32, 
     "wordConfidence": 1.0
    }, 
    {
     "wordEnd": 55.789999999999999, 
     "wordId": "BE", 
     "wordStart": 55.549999999999997, 
     "wordConfidence": 0.91000000000000003
    }, 
    {
     "wordEnd": 56.090000000000003, 
     "wordId": "A", 
     "wordStart": 55.840000000000003, 
     "wordConfidence": 0.97999999999999998
    }, 
    {
     "wordEnd": 56.600000000000001, 
     "wordId": "STORY", 
     "wordStart": 56.130000000000003, 
     "wordConfidence": 0.95999999999999996
    }, 
    {
     "wordEnd": 56.799999999999997, 
     "wordId": "AND", 
     "wordStart": 56.630000000000003, 
     "wordConfidence": 0.85999999999999999
    }, 
    {
     "wordEnd": 57.520000000000003, 
     "wordId": "I", 
     "wordStart": 57.280000000000001, 
     "wordConfidence": 0.87
    }, 
    {
     "wordEnd": 57.82, 
     "wordId": "ARE", 
     "wordStart": 57.549999999999997, 
     "wordConfidence": 0.75
    }, 
    {
     "wordEnd": 58.109999999999999, 
     "wordId": "OUR", 
     "wordStart": 57.840000000000003, 
     "wordConfidence": 0.91000000000000003
    }, 
    {
     "wordEnd": 58.409999999999997, 
     "wordId": "TRADE", 
     "wordStart": 58.130000000000003, 
     "wordConfidence": 0.98999999999999999
    }, 
    {
     "wordEnd": 58.890000000000001, 
     "wordId": "RESTRICTIONS", 
     "wordStart": 58.409999999999997, 
     "wordConfidence": 1.0
    }, 
    {
     "wordEnd": 59.229999999999997, 
     "wordId": "PERHAPS", 
     "wordStart": 58.890000000000001, 
     "wordConfidence": 1.0
    }, 
    {
     "wordEnd": 59.520000000000003, 
     "wordId": "EVEN", 
     "wordStart": 59.229999999999997, 
     "wordConfidence": 1.0
    }, 
    {
     "wordEnd": 59.670000000000002, 
     "wordId": "A", 
     "wordStart": 59.560000000000002, 
     "wordConfidence": 0.95999999999999996
    }, 
    {
     "wordEnd": 60.189999999999998, 
     "wordId": "TERRACE", 
     "wordStart": 59.670000000000002, 
     "wordConfidence": 0.93000000000000005
    }, 
    {
     "wordEnd": 60.289999999999999, 
     "wordId": "IN", 
     "wordStart": 60.189999999999998, 
     "wordConfidence": 0.94999999999999996
    }, 
    {
     "wordEnd": 60.359999999999999, 
     "wordId": "THE", 
     "wordStart": 60.289999999999999, 
     "wordConfidence": 0.97999999999999998
    }, 
    {
     "wordEnd": 60.740000000000002, 
     "wordId": "DOLLS", 
     "wordStart": 60.359999999999999, 
     "wordConfidence": 0.28999999999999998
    }, 
    {
     "wordEnd": 61.109999999999999, 
     "wordId": "REACT", 
     "wordStart": 60.840000000000003, 
     "wordConfidence": 0.5
    }, 
    {
     "wordEnd": 61.420000000000002, 
     "wordId": "THAT", 
     "wordStart": 61.170000000000002, 
     "wordConfidence": 0.52000000000000002
    }, 
    {
     "wordEnd": 61.719999999999999, 
     "wordId": "WELL", 
     "wordStart": 61.5, 
     "wordConfidence": 0.82999999999999996
    }, 
    {
     "wordEnd": 61.939999999999998, 
     "wordId": "AND", 
     "wordStart": 61.799999999999997, 
     "wordConfidence": 0.65000000000000002
    }, 
    {
     "wordEnd": 62.060000000000002, 
     "wordId": "A", 
     "wordStart": 62.009999999999998, 
     "wordConfidence": 0.60999999999999999
    }, 
    {
     "wordEnd": 62.200000000000003, 
     "wordId": "LOT", 
     "wordStart": 62.060000000000002, 
     "wordConfidence": 0.81000000000000005
    }, 
    {
     "wordEnd": 62.289999999999999, 
     "wordId": "OF", 
     "wordStart": 62.200000000000003, 
     "wordConfidence": 0.78000000000000003
    }, 
    {
     "wordEnd": 62.460000000000001, 
     "wordId": "THIS", 
     "wordStart": 62.289999999999999, 
     "wordConfidence": 1.0
    }, 
    {
     "wordEnd": 62.600000000000001, 
     "wordId": "IS", 
     "wordStart": 62.460000000000001, 
     "wordConfidence": 0.84999999999999998
    }, 
    {
     "wordEnd": 62.979999999999997, 
     "wordId": "ABOUT", 
     "wordStart": 62.600000000000001, 
     "wordConfidence": 0.84999999999999998
    }
   ], 
   "endTime": 63.170000000000002, 
   "speakerId": "s0001", 
   "startTime": 45.090000000000003
  }, 
  {
   "classId": "speech", 
   "spokenWords": [
    {
     "wordEnd": 63.899999999999999, 
     "wordId": "YOU", 
     "wordStart": 63.710000000000001, 
     "wordConfidence": 0.92000000000000004
    }, 
    {
     "wordEnd": 64.0, 
     "wordId": "A", 
     "wordStart": 63.920000000000002, 
     "wordConfidence": 0.63
    }, 
    {
     "wordEnd": 64.450000000000003, 
     "wordId": "CENTRAL", 
     "wordStart": 64.010000000000005, 
     "wordConfidence": 0.97999999999999998
    }, 
    {
     "wordEnd": 64.930000000000007, 
     "wordId": "BANK", 
     "wordStart": 64.450000000000003, 
     "wordConfidence": 1.0
    }, 
    {
     "wordEnd": 65.379999999999995, 
     "wordId": "DROPPING", 
     "wordStart": 64.989999999999995, 
     "wordConfidence": 0.94999999999999996
    }, 
    {
     "wordEnd": 65.519999999999996, 
     "wordId": "SOME", 
     "wordStart": 65.379999999999995, 
     "wordConfidence": 0.94999999999999996
    }, 
    {
     "wordEnd": 65.870000000000005, 
     "wordId": "FAIRLY", 
     "wordStart": 65.519999999999996, 
     "wordConfidence": 1.0
    }, 
    {
     "wordEnd": 66.25, 
     "wordId": "HEAVY", 
     "wordStart": 65.870000000000005, 
     "wordConfidence": 1.0
    }, 
    {
     "wordEnd": 66.650000000000006, 
     "wordId": "HINTS", 
     "wordStart": 66.25, 
     "wordConfidence": 1.0
    }, 
    {
     "wordEnd": 67.090000000000003, 
     "wordId": "ABOUT", 
     "wordStart": 66.650000000000006, 
     "wordConfidence": 0.98999999999999999
    }, 
    {
     "wordEnd": 67.959999999999994, 
     "wordId": "MAYBE", 
     "wordStart": 67.620000000000005, 
     "wordConfidence": 1.0
    }, 
    {
     "wordEnd": 68.329999999999998, 
     "wordId": "THREE", 
     "wordStart": 67.959999999999994, 
     "wordConfidence": 1.0
    }, 
    {
     "wordEnd": 68.670000000000002, 
     "wordId": "INTEREST", 
     "wordStart": 68.329999999999998, 
     "wordConfidence": 1.0
    }, 
    {
     "wordEnd": 68.859999999999999, 
     "wordId": "RATE", 
     "wordStart": 68.670000000000002, 
     "wordConfidence": 1.0
    }, 
    {
     "wordEnd": 69.359999999999999, 
     "wordId": "RISES", 
     "wordStart": 68.859999999999999, 
     "wordConfidence": 1.0
    }, 
    {
     "wordEnd": 69.810000000000002, 
     "wordId": "IN", 
     "wordStart": 69.629999999999995, 
     "wordConfidence": 1.0
    }, 
    {
     "wordEnd": 70.129999999999995, 
     "wordId": "TWENTY", 
     "wordStart": 69.810000000000002, 
     "wordConfidence": 1.0
    }, 
    {
     "wordEnd": 70.540000000000006, 
     "wordId": "SEVENTEEN", 
     "wordStart": 70.129999999999995, 
     "wordConfidence": 1.0
    }, 
    {
     "wordEnd": 70.590000000000003, 
     "wordId": "I", 
     "wordStart": 70.540000000000006, 
     "wordConfidence": 1.0
    }, 
    {
     "wordEnd": 70.769999999999996, 
     "wordId": "GUESS", 
     "wordStart": 70.590000000000003, 
     "wordConfidence": 1.0
    }, 
    {
     "wordEnd": 70.870000000000005, 
     "wordId": "WE'VE", 
     "wordStart": 70.769999999999996, 
     "wordConfidence": 0.56999999999999995
    }, 
    {
     "wordEnd": 70.980000000000004, 
     "wordId": "GOT", 
     "wordStart": 70.870000000000005, 
     "wordConfidence": 0.33000000000000002
    }, 
    {
     "wordEnd": 71.390000000000001, 
     "wordId": "REMEMBER", 
     "wordStart": 70.980000000000004, 
     "wordConfidence": 1.0
    }, 
    {
     "wordEnd": 71.560000000000002, 
     "wordId": "THIS", 
     "wordStart": 71.390000000000001, 
     "wordConfidence": 1.0
    }, 
    {
     "wordEnd": 71.739999999999995, 
     "wordId": "TIME", 
     "wordStart": 71.560000000000002, 
     "wordConfidence": 1.0
    }, 
    {
     "wordEnd": 72.030000000000001, 
     "wordId": "LAST", 
     "wordStart": 71.739999999999995, 
     "wordConfidence": 1.0
    }, 
    {
     "wordEnd": 72.150000000000006, 
     "wordId": "YEAR", 
     "wordStart": 72.030000000000001, 
     "wordConfidence": 1.0
    }, 
    {
     "wordEnd": 72.299999999999997, 
     "wordId": "THAT", 
     "wordStart": 72.150000000000006, 
     "wordConfidence": 1.0
    }, 
    {
     "wordEnd": 72.379999999999995, 
     "wordId": "THE", 
     "wordStart": 72.299999999999997, 
     "wordConfidence": 1.0
    }, 
    {
     "wordEnd": 72.659999999999997, 
     "wordId": "FEDERAL", 
     "wordStart": 72.379999999999995, 
     "wordConfidence": 1.0
    }, 
    {
     "wordEnd": 72.959999999999994, 
     "wordId": "RESERVE", 
     "wordStart": 72.659999999999997, 
     "wordConfidence": 1.0
    }, 
    {
     "wordEnd": 73.099999999999994, 
     "wordId": "AS", 
     "wordStart": 72.959999999999994, 
     "wordConfidence": 0.46999999999999997
    }, 
    {
     "wordEnd": 73.730000000000004, 
     "wordId": "PREDICTING", 
     "wordStart": 73.099999999999994, 
     "wordConfidence": 1.0
    }, 
    {
     "wordEnd": 74.409999999999997, 
     "wordId": "FOR", 
     "wordStart": 74.0, 
     "wordConfidence": 0.81999999999999995
    }, 
    {
     "wordEnd": 74.659999999999997, 
     "wordId": "RATE", 
     "wordStart": 74.409999999999997, 
     "wordConfidence": 1.0
    }, 
    {
     "wordEnd": 75.049999999999997, 
     "wordId": "RISES", 
     "wordStart": 74.659999999999997, 
     "wordConfidence": 1.0
    }, 
    {
     "wordEnd": 75.159999999999997, 
     "wordId": "FOR", 
     "wordStart": 75.049999999999997, 
     "wordConfidence": 1.0
    }, 
    {
     "wordEnd": 75.459999999999994, 
     "wordId": "TWENTY", 
     "wordStart": 75.159999999999997, 
     "wordConfidence": 0.93000000000000005
    }, 
    {
     "wordEnd": 75.920000000000002, 
     "wordId": "SIXTEEN", 
     "wordStart": 75.459999999999994, 
     "wordConfidence": 1.0
    }, 
    {
     "wordEnd": 76.0, 
     "wordId": "AND", 
     "wordStart": 75.920000000000002, 
     "wordConfidence": 0.87
    }, 
    {
     "wordEnd": 76.120000000000005, 
     "wordId": "THEY'RE", 
     "wordStart": 76.0, 
     "wordConfidence": 0.58999999999999997
    }, 
    {
     "wordEnd": 76.299999999999997, 
     "wordId": "ONLY", 
     "wordStart": 76.120000000000005, 
     "wordConfidence": 0.81999999999999995
    }, 
    {
     "wordEnd": 76.609999999999999, 
     "wordId": "TURNED", 
     "wordStart": 76.299999999999997, 
     "wordConfidence": 1.0
    }, 
    {
     "wordEnd": 76.870000000000005, 
     "wordId": "OUT", 
     "wordStart": 76.609999999999999, 
     "wordConfidence": 1.0
    }, 
    {
     "wordEnd": 77.420000000000002, 
     "wordId": "TO", 
     "wordStart": 77.209999999999994, 
     "wordConfidence": 1.0
    }, 
    {
     "wordEnd": 77.620000000000005, 
     "wordId": "BE", 
     "wordStart": 77.420000000000002, 
     "wordConfidence": 1.0
    }, 
    {
     "wordEnd": 77.939999999999998, 
     "wordId": "ONE", 
     "wordStart": 77.620000000000005, 
     "wordConfidence": 0.95999999999999996
    }, 
    {
     "wordEnd": 78.170000000000002, 
     "wordId": "SO", 
     "wordStart": 77.939999999999998, 
     "wordConfidence": 0.98999999999999999
    }, 
    {
     "wordEnd": 78.400000000000006, 
     "wordId": "SO", 
     "wordStart": 78.239999999999995, 
     "wordConfidence": 0.93000000000000005
    }, 
    {
     "wordEnd": 78.709999999999994, 
     "wordId": "EVENTS", 
     "wordStart": 78.409999999999997, 
     "wordConfidence": 1.0
    }, 
    {
     "wordEnd": 78.840000000000003, 
     "wordId": "CAN", 
     "wordStart": 78.709999999999994, 
     "wordConfidence": 1.0
    }, 
    {
     "wordEnd": 79.109999999999999, 
     "wordId": "ALWAYS", 
     "wordStart": 78.840000000000003, 
     "wordConfidence": 1.0
    }, 
    {
     "wordEnd": 79.290000000000006, 
     "wordId": "GET", 
     "wordStart": 79.109999999999999, 
     "wordConfidence": 1.0
    }, 
    {
     "wordEnd": 79.400000000000006, 
     "wordId": "IN", 
     "wordStart": 79.290000000000006, 
     "wordConfidence": 1.0
    }, 
    {
     "wordEnd": 79.489999999999995, 
     "wordId": "THE", 
     "wordStart": 79.400000000000006, 
     "wordConfidence": 0.70999999999999996
    }, 
    {
     "wordEnd": 79.799999999999997, 
     "wordId": "WAY", 
     "wordStart": 79.489999999999995, 
     "wordConfidence": 0.70999999999999996
    }, 
    {
     "wordEnd": 80.079999999999998, 
     "wordId": "CAN'T", 
     "wordStart": 79.810000000000002, 
     "wordConfidence": 1.0
    }, 
    {
     "wordEnd": 80.319999999999993, 
     "wordId": "THEY", 
     "wordStart": 80.079999999999998, 
     "wordConfidence": 1.0
    }, 
    {
     "wordEnd": 80.939999999999998, 
     "wordId": "ABSOLUTELY", 
     "wordStart": 80.510000000000005, 
     "wordConfidence": 0.47999999999999998
    }, 
    {
     "wordEnd": 81.219999999999999, 
     "wordId": "IT'S", 
     "wordStart": 81.0, 
     "wordConfidence": 0.37
    }, 
    {
     "wordEnd": 81.590000000000003, 
     "wordId": "DRAMA", 
     "wordStart": 81.230000000000004, 
     "wordConfidence": 0.75
    }, 
    {
     "wordEnd": 81.739999999999995, 
     "wordId": "AND", 
     "wordStart": 81.599999999999994, 
     "wordConfidence": 0.62
    }, 
    {
     "wordEnd": 82.090000000000003, 
     "wordId": "LIGHT", 
     "wordStart": 81.849999999999994, 
     "wordConfidence": 0.27000000000000002
    }, 
    {
     "wordEnd": 82.420000000000002, 
     "wordId": "AS", 
     "wordStart": 82.140000000000001, 
     "wordConfidence": 0.28000000000000003
    }, 
    {
     "wordEnd": 82.709999999999994, 
     "wordId": "WELL", 
     "wordStart": 82.459999999999994, 
     "wordConfidence": 0.17000000000000001
    }, 
    {
     "wordEnd": 83.140000000000001, 
     "wordId": "IN", 
     "wordStart": 83.060000000000002, 
     "wordConfidence": 1.0
    }, 
    {
     "wordEnd": 83.200000000000003, 
     "wordId": "THE", 
     "wordStart": 83.140000000000001, 
     "wordConfidence": 1.0
    }, 
    {
     "wordEnd": 83.359999999999999, 
     "wordId": "WAY", 
     "wordStart": 83.200000000000003, 
     "wordConfidence": 1.0
    }, 
    {
     "wordEnd": 83.469999999999999, 
     "wordId": "OF", 
     "wordStart": 83.359999999999999, 
     "wordConfidence": 1.0
    }, 
    {
     "wordEnd": 83.609999999999999, 
     "wordId": "OUR", 
     "wordStart": 83.469999999999999, 
     "wordConfidence": 0.91000000000000003
    }, 
    {
     "wordEnd": 84.060000000000002, 
     "wordId": "PLAN", 
     "wordStart": 83.609999999999999, 
     "wordConfidence": 0.93999999999999995
    }, 
    {
     "wordEnd": 85.269999999999996, 
     "wordId": "FIRING", 
     "wordStart": 84.879999999999995, 
     "wordConfidence": 0.68000000000000005
    }, 
    {
     "wordEnd": 85.640000000000001, 
     "wordId": "THREE", 
     "wordStart": 85.340000000000003, 
     "wordConfidence": 0.96999999999999997
    }, 
    {
     "wordEnd": 86.150000000000006, 
     "wordId": "ROUNDS", 
     "wordStart": 85.730000000000004, 
     "wordConfidence": 0.40999999999999998
    }, 
    {
     "wordEnd": 86.599999999999994, 
     "wordId": "UNTIL", 
     "wordStart": 86.180000000000007, 
     "wordConfidence": 0.58999999999999997
    }, 
    {
     "wordEnd": 87.060000000000002, 
     "wordId": "TOMORROW", 
     "wordStart": 86.790000000000006, 
     "wordConfidence": 0.66000000000000003
    }
   ], 
   "endTime": 87.340000000000003, 
   "speakerId": "s0001", 
   "startTime": 63.460000000000001
  }, 
  {
   "classId": "speech", 
   "spokenWords": [
    {
     "wordEnd": 88.040000000000006, 
     "wordId": "A", 
     "wordStart": 87.879999999999995, 
     "wordConfidence": 0.68999999999999995
    }, 
    {
     "wordEnd": 89.090000000000003, 
     "wordId": "VERY", 
     "wordStart": 88.739999999999995, 
     "wordConfidence": 1.0
    }, 
    {
     "wordEnd": 89.629999999999995, 
     "wordId": "EXCITING", 
     "wordStart": 89.090000000000003, 
     "wordConfidence": 1.0
    }, 
    {
     "wordEnd": 90.0, 
     "wordId": "WAY", 
     "wordStart": 89.629999999999995, 
     "wordConfidence": 0.94999999999999996
    }, 
    {
     "wordEnd": 90.329999999999998, 
     "wordId": "BECAUSE", 
     "wordStart": 90.0, 
     "wordConfidence": 0.96999999999999997
    }, 
    {
     "wordEnd": 90.459999999999994, 
     "wordId": "HE'S", 
     "wordStart": 90.359999999999999, 
     "wordConfidence": 0.57999999999999996
    }, 
    {
     "wordEnd": 90.560000000000002, 
     "wordId": "AT", 
     "wordStart": 90.459999999999994, 
     "wordConfidence": 0.68000000000000005
    }, 
    {
     "wordEnd": 90.640000000000001, 
     "wordId": "THE", 
     "wordStart": 90.569999999999993, 
     "wordConfidence": 1.0
    }, 
    {
     "wordEnd": 90.959999999999994, 
     "wordId": "FIRST", 
     "wordStart": 90.640000000000001, 
     "wordConfidence": 1.0
    }, 
    {
     "wordEnd": 91.459999999999994, 
     "wordId": "TIME", 
     "wordStart": 91.170000000000002, 
     "wordConfidence": 1.0
    }, 
    {
     "wordEnd": 91.849999999999994, 
     "wordId": "THAT", 
     "wordStart": 91.640000000000001, 
     "wordConfidence": 0.93999999999999995
    }, 
    {
     "wordEnd": 92.010000000000005, 
     "wordId": "IT", 
     "wordStart": 91.900000000000006, 
     "wordConfidence": 0.96999999999999997
    }, 
    {
     "wordEnd": 92.400000000000006, 
     "wordId": "ACTUALLY", 
     "wordStart": 92.019999999999996, 
     "wordConfidence": 1.0
    }, 
    {
     "wordEnd": 92.75, 
     "wordId": "MOVED", 
     "wordStart": 92.400000000000006, 
     "wordConfidence": 0.52000000000000002
    }, 
    {
     "wordEnd": 93.189999999999998, 
     "wordId": "ROOT", 
     "wordStart": 92.849999999999994, 
     "wordConfidence": 0.19
    }, 
    {
     "wordEnd": 93.75, 
     "wordId": "STRUCTURE", 
     "wordStart": 93.25, 
     "wordConfidence": 1.0
    }, 
    {
     "wordEnd": 94.680000000000007, 
     "wordId": "HIGHER", 
     "wordStart": 94.040000000000006, 
     "wordConfidence": 0.51000000000000001
    }, 
    {
     "wordEnd": 94.870000000000005, 
     "wordId": "AND", 
     "wordStart": 94.719999999999999, 
     "wordConfidence": 0.94999999999999996
    }, 
    {
     "wordEnd": 95.219999999999999, 
     "wordId": "ACTUALLY", 
     "wordStart": 94.870000000000005, 
     "wordConfidence": 0.97999999999999998
    }, 
    {
     "wordEnd": 95.409999999999997, 
     "wordId": "MOVE", 
     "wordStart": 95.219999999999999, 
     "wordConfidence": 0.57999999999999996
    }, 
    {
     "wordEnd": 95.530000000000001, 
     "wordId": "THE", 
     "wordStart": 95.409999999999997, 
     "wordConfidence": 0.96999999999999997
    }, 
    {
     "wordEnd": 96.129999999999995, 
     "wordId": "RESTRUCTURED", 
     "wordStart": 95.579999999999998, 
     "wordConfidence": 0.81000000000000005
    }, 
    {
     "wordEnd": 96.359999999999999, 
     "wordId": "BE", 
     "wordStart": 96.159999999999997, 
     "wordConfidence": 0.95999999999999996
    }, 
    {
     "wordEnd": 96.760000000000005, 
     "wordId": "HIGHER", 
     "wordStart": 96.359999999999999, 
     "wordConfidence": 0.81000000000000005
    }, 
    {
     "wordEnd": 96.890000000000001, 
     "wordId": "THAN", 
     "wordStart": 96.760000000000005, 
     "wordConfidence": 0.76000000000000001
    }, 
    {
     "wordEnd": 97.069999999999993, 
     "wordId": "WHAT", 
     "wordStart": 96.890000000000001, 
     "wordConfidence": 0.82999999999999996
    }, 
    {
     "wordEnd": 97.150000000000006, 
     "wordId": "THE", 
     "wordStart": 97.079999999999998, 
     "wordConfidence": 0.95999999999999996
    }, 
    {
     "wordEnd": 97.510000000000005, 
     "wordId": "MARKET", 
     "wordStart": 97.150000000000006, 
     "wordConfidence": 0.92000000000000004
    }, 
    {
     "wordEnd": 97.709999999999994, 
     "wordId": "IN", 
     "wordStart": 97.510000000000005, 
     "wordConfidence": 0.87
    }, 
    {
     "wordEnd": 98.109999999999999, 
     "wordId": "THINKING", 
     "wordStart": 97.719999999999999, 
     "wordConfidence": 1.0
    }, 
    {
     "wordEnd": 98.439999999999998, 
     "wordId": "THE", 
     "wordStart": 98.340000000000003, 
     "wordConfidence": 0.97999999999999998
    }, 
    {
     "wordEnd": 98.810000000000002, 
     "wordId": "MARKET", 
     "wordStart": 98.439999999999998, 
     "wordConfidence": 1.0
    }, 
    {
     "wordEnd": 98.950000000000003, 
     "wordId": "THAT", 
     "wordStart": 98.810000000000002, 
     "wordConfidence": 0.23000000000000001
    }, 
    {
     "wordEnd": 99.140000000000001, 
     "wordId": "YOU", 
     "wordStart": 98.959999999999994, 
     "wordConfidence": 0.95999999999999996
    }, 
    {
     "wordEnd": 99.400000000000006, 
     "wordId": "CAN", 
     "wordStart": 99.219999999999999, 
     "wordConfidence": 0.41999999999999998
    }, 
    {
     "wordEnd": 99.519999999999996, 
     "wordId": "HEAR", 
     "wordStart": 99.420000000000002, 
     "wordConfidence": 0.40999999999999998
    }, 
    {
     "wordEnd": 99.840000000000003, 
     "wordId": "THAT", 
     "wordStart": 99.579999999999998, 
     "wordConfidence": 0.60999999999999999
    }, 
    {
     "wordEnd": 100.19, 
     "wordId": "AND", 
     "wordStart": 100.01000000000001, 
     "wordConfidence": 0.56999999999999995
    }, 
    {
     "wordEnd": 100.56, 
     "wordId": "LOOKING", 
     "wordStart": 100.23, 
     "wordConfidence": 1.0
    }, 
    {
     "wordEnd": 100.84, 
     "wordId": "FOR", 
     "wordStart": 100.56, 
     "wordConfidence": 1.0
    }, 
    {
     "wordEnd": 101.19, 
     "wordId": "MANY", 
     "wordStart": 100.87, 
     "wordConfidence": 0.54000000000000004
    }, 
    {
     "wordEnd": 101.31999999999999, 
     "wordId": "IF", 
     "wordStart": 101.19, 
     "wordConfidence": 0.98999999999999999
    }, 
    {
     "wordEnd": 101.41, 
     "wordId": "YOU", 
     "wordStart": 101.31999999999999, 
     "wordConfidence": 1.0
    }, 
    {
     "wordEnd": 101.59999999999999, 
     "wordId": "WERE", 
     "wordStart": 101.41, 
     "wordConfidence": 1.0
    }, 
    {
     "wordEnd": 101.84, 
     "wordId": "REALLY", 
     "wordStart": 101.59999999999999, 
     "wordConfidence": 0.93999999999999995
    }, 
    {
     "wordEnd": 102.18000000000001, 
     "wordId": "LIKE", 
     "wordStart": 101.88, 
     "wordConfidence": 0.85999999999999999
    }
   ], 
   "endTime": 102.39, 
   "speakerId": "s0001", 
   "startTime": 87.760000000000005
  }, 
  {
   "classId": "speech", 
   "spokenWords": [
    {
     "wordEnd": 103.59999999999999, 
     "wordId": "THAT", 
     "wordStart": 103.37, 
     "wordConfidence": 0.93000000000000005
    }, 
    {
     "wordEnd": 103.88, 
     "wordId": "YEAR", 
     "wordStart": 103.59999999999999, 
     "wordConfidence": 0.95999999999999996
    }, 
    {
     "wordEnd": 104.08, 
     "wordId": "IN", 
     "wordStart": 103.88, 
     "wordConfidence": 0.92000000000000004
    }, 
    {
     "wordEnd": 104.23, 
     "wordId": "THERE", 
     "wordStart": 104.08, 
     "wordConfidence": 0.80000000000000004
    }, 
    {
     "wordEnd": 104.59, 
     "wordId": "TURNED", 
     "wordStart": 104.23, 
     "wordConfidence": 1.0
    }, 
    {
     "wordEnd": 104.73, 
     "wordId": "OUT", 
     "wordStart": 104.59, 
     "wordConfidence": 1.0
    }, 
    {
     "wordEnd": 104.81, 
     "wordId": "TO", 
     "wordStart": 104.73, 
     "wordConfidence": 1.0
    }, 
    {
     "wordEnd": 104.93000000000001, 
     "wordId": "BE", 
     "wordStart": 104.81, 
     "wordConfidence": 1.0
    }, 
    {
     "wordEnd": 105.16, 
     "wordId": "MORE", 
     "wordStart": 104.93000000000001, 
     "wordConfidence": 1.0
    }, 
    {
     "wordEnd": 105.55, 
     "wordId": "ACCURATE", 
     "wordStart": 105.16, 
     "wordConfidence": 1.0
    }, 
    {
     "wordEnd": 105.68000000000001, 
     "wordId": "IN", 
     "wordStart": 105.55, 
     "wordConfidence": 0.67000000000000004
    }, 
    {
     "wordEnd": 105.76000000000001, 
     "wordId": "THE", 
     "wordStart": 105.68000000000001, 
     "wordConfidence": 0.93999999999999995
    }, 
    {
     "wordEnd": 106.06999999999999, 
     "wordId": "FAIR", 
     "wordStart": 105.76000000000001, 
     "wordConfidence": 0.81000000000000005
    }, 
    {
     "wordEnd": 106.54000000000001, 
     "wordId": "AT", 
     "wordStart": 106.31, 
     "wordConfidence": 0.68000000000000005
    }, 
    {
     "wordEnd": 106.64, 
     "wordId": "THE", 
     "wordStart": 106.56999999999999, 
     "wordConfidence": 1.0
    }, 
    {
     "wordEnd": 106.94, 
     "wordId": "FIRST", 
     "wordStart": 106.64, 
     "wordConfidence": 1.0
    }, 
    {
     "wordEnd": 107.27, 
     "wordId": "TIME", 
     "wordStart": 106.94, 
     "wordConfidence": 0.98999999999999999
    }, 
    {
     "wordEnd": 107.34, 
     "wordId": "THE", 
     "wordStart": 107.27, 
     "wordConfidence": 1.0
    }, 
    {
     "wordEnd": 107.64, 
     "wordId": "MARKET", 
     "wordStart": 107.34, 
     "wordConfidence": 0.97999999999999998
    }, 
    {
     "wordEnd": 107.79000000000001, 
     "wordId": "HAD", 
     "wordStart": 107.64, 
     "wordConfidence": 0.97999999999999998
    }, 
    {
     "wordEnd": 107.92, 
     "wordId": "TO", 
     "wordStart": 107.79000000000001, 
     "wordConfidence": 0.91000000000000003
    }, 
    {
     "wordEnd": 108.45999999999999, 
     "wordId": "READJUST", 
     "wordStart": 107.93000000000001, 
     "wordConfidence": 0.91000000000000003
    }
   ], 
   "endTime": 108.5, 
   "speakerId": "s0001", 
   "startTime": 103.2
  }, 
  {
   "classId": "speech", 
   "spokenWords": [
    {
     "wordEnd": 109.33, 
     "wordId": "BACK", 
     "wordStart": 109.02, 
     "wordConfidence": 1.0
    }, 
    {
     "wordEnd": 109.47, 
     "wordId": "TO", 
     "wordStart": 109.33, 
     "wordConfidence": 1.0
    }, 
    {
     "wordEnd": 109.62, 
     "wordId": "THAT", 
     "wordStart": 109.47, 
     "wordConfidence": 0.76000000000000001
    }, 
    {
     "wordEnd": 110.17, 
     "wordId": "TWO", 
     "wordStart": 109.78, 
     "wordConfidence": 0.37
    }, 
    {
     "wordEnd": 110.55, 
     "wordId": "TO", 
     "wordStart": 110.41, 
     "wordConfidence": 0.85999999999999999
    }, 
    {
     "wordEnd": 110.66, 
     "wordId": "THE", 
     "wordStart": 110.56, 
     "wordConfidence": 0.83999999999999997
    }, 
    {
     "wordEnd": 110.98999999999999, 
     "wordId": "FAIR", 
     "wordStart": 110.7, 
     "wordConfidence": 0.42999999999999999
    }, 
    {
     "wordEnd": 111.29000000000001, 
     "wordId": "WITH", 
     "wordStart": 111.16, 
     "wordConfidence": 1.0
    }, 
    {
     "wordEnd": 111.34999999999999, 
     "wordId": "THE", 
     "wordStart": 111.29000000000001, 
     "wordConfidence": 0.70999999999999996
    }, 
    {
     "wordEnd": 111.5, 
     "wordId": "DO", 
     "wordStart": 111.34, 
     "wordConfidence": 0.71999999999999997
    }, 
    {
     "wordEnd": 111.7, 
     "wordId": "THAT", 
     "wordStart": 111.51000000000001, 
     "wordConfidence": 1.0
    }, 
    {
     "wordEnd": 112.05, 
     "wordId": "I", 
     "wordStart": 111.79000000000001, 
     "wordConfidence": 1.0
    }, 
    {
     "wordEnd": 112.36, 
     "wordId": "DON'T", 
     "wordStart": 112.05, 
     "wordConfidence": 1.0
    }, 
    {
     "wordEnd": 112.56999999999999, 
     "wordId": "BUMP", 
     "wordStart": 112.36, 
     "wordConfidence": 0.28999999999999998
    }, 
    {
     "wordEnd": 112.81, 
     "wordId": "THEN", 
     "wordStart": 112.58, 
     "wordConfidence": 0.70999999999999996
    }, 
    {
     "wordEnd": 113.13, 
     "wordId": "THE", 
     "wordStart": 112.84, 
     "wordConfidence": 0.93999999999999995
    }, 
    {
     "wordEnd": 113.81, 
     "wordId": "BUT", 
     "wordStart": 113.58, 
     "wordConfidence": 0.81000000000000005
    }, 
    {
     "wordEnd": 114.03, 
     "wordId": "YOU", 
     "wordStart": 113.81, 
     "wordConfidence": 0.96999999999999997
    }, 
    {
     "wordEnd": 114.54000000000001, 
     "wordId": "JUST", 
     "wordStart": 114.06999999999999, 
     "wordConfidence": 0.73999999999999999
    }, 
    {
     "wordEnd": 114.76000000000001, 
     "wordId": "HAVE", 
     "wordStart": 114.58, 
     "wordConfidence": 0.37
    }, 
    {
     "wordEnd": 115.08, 
     "wordId": "AREA", 
     "wordStart": 114.83, 
     "wordConfidence": 0.46999999999999997
    }, 
    {
     "wordEnd": 115.31, 
     "wordId": "NO", 
     "wordStart": 115.15000000000001, 
     "wordConfidence": 0.51000000000000001
    }, 
    {
     "wordEnd": 115.53, 
     "wordId": "NO", 
     "wordStart": 115.31, 
     "wordConfidence": 0.67000000000000004
    }, 
    {
     "wordEnd": 115.67, 
     "wordId": "I", 
     "wordStart": 115.55, 
     "wordConfidence": 0.31
    }, 
    {
     "wordEnd": 115.95999999999999, 
     "wordId": "BETTER", 
     "wordStart": 115.69, 
     "wordConfidence": 0.67000000000000004
    }, 
    {
     "wordEnd": 116.31999999999999, 
     "wordId": "KNOW", 
     "wordStart": 116.09, 
     "wordConfidence": 0.31
    }, 
    {
     "wordEnd": 116.64, 
     "wordId": "HE", 
     "wordStart": 116.51000000000001, 
     "wordConfidence": 0.89000000000000001
    }, 
    {
     "wordEnd": 117.01000000000001, 
     "wordId": "TURNED", 
     "wordStart": 116.64, 
     "wordConfidence": 1.0
    }, 
    {
     "wordEnd": 117.05, 
     "wordId": "A", 
     "wordStart": 117.01000000000001, 
     "wordConfidence": 1.0
    }, 
    {
     "wordEnd": 117.34, 
     "wordId": "BIT", 
     "wordStart": 117.05, 
     "wordConfidence": 0.94999999999999996
    }, 
    {
     "wordEnd": 117.52, 
     "wordId": "NOW", 
     "wordStart": 117.34, 
     "wordConfidence": 0.98999999999999999
    }, 
    {
     "wordEnd": 117.64, 
     "wordId": "WITH", 
     "wordStart": 117.52, 
     "wordConfidence": 0.48999999999999999
    }, 
    {
     "wordEnd": 117.7, 
     "wordId": "A", 
     "wordStart": 117.64, 
     "wordConfidence": 0.67000000000000004
    }, 
    {
     "wordEnd": 117.94, 
     "wordId": "BIG", 
     "wordStart": 117.69, 
     "wordConfidence": 1.0
    }, 
    {
     "wordEnd": 118.20999999999999, 
     "wordId": "DEAL", 
     "wordStart": 117.94, 
     "wordConfidence": 0.94999999999999996
    }, 
    {
     "wordEnd": 118.38, 
     "wordId": "BUT", 
     "wordStart": 118.22, 
     "wordConfidence": 0.63
    }, 
    {
     "wordEnd": 118.78, 
     "wordId": "MARK", 
     "wordStart": 118.45999999999999, 
     "wordConfidence": 0.58999999999999997
    }
   ], 
   "endTime": 119.02, 
   "speakerId": "s0001", 
   "startTime": 108.95
  }
 ]
}
]
