[{
 "speakers": [
  "s0001"
 ], 
 "classes": [
  "speech"
 ], 
 "segments": [
  {
   "classId": "speech", 
   "spokenWords": [
    {
     "wordEnd": 0.72999999999999998, 
     "wordId": "THIS", 
     "wordStart": 0.51000000000000001, 
     "wordConfidence": 1.0
    }, 
    {
     "wordEnd": 0.91000000000000003, 
     "wordId": "IS", 
     "wordStart": 0.72999999999999998, 
     "wordConfidence": 1.0
    }, 
    {
     "wordEnd": 1.0900000000000001, 
     "wordId": "THE", 
     "wordStart": 0.91000000000000003, 
     "wordConfidence": 1.0
    }, 
    {
     "wordEnd": 1.3500000000000001, 
     "wordId": "WALL", 
     "wordStart": 1.0900000000000001, 
     "wordConfidence": 1.0
    }, 
    {
     "wordEnd": 1.6699999999999999, 
     "wordId": "STREET", 
     "wordStart": 1.3500000000000001, 
     "wordConfidence": 1.0
    }, 
    {
     "wordEnd": 2.29, 
     "wordId": "UPDATE", 
     "wordStart": 1.7, 
     "wordConfidence": 0.79000000000000004
    }, 
    {
     "wordEnd": 2.52, 
     "wordId": "OF", 
     "wordStart": 2.3199999999999998, 
     "wordConfidence": 1.0
    }, 
    {
     "wordEnd": 2.5800000000000001, 
     "wordId": "THE", 
     "wordStart": 2.52, 
     "wordConfidence": 0.95999999999999996
    }, 
    {
     "wordEnd": 2.7599999999999998, 
     "wordId": "DOWN", 
     "wordStart": 2.5800000000000001, 
     "wordConfidence": 0.65000000000000002
    }, 
    {
     "wordEnd": 3.23, 
     "wordId": "EDITION", 
     "wordStart": 2.8799999999999999, 
     "wordConfidence": 0.91000000000000003
    }, 
    {
     "wordEnd": 3.3300000000000001, 
     "wordId": "OF", 
     "wordStart": 3.2400000000000002, 
     "wordConfidence": 0.98999999999999999
    }, 
    {
     "wordEnd": 3.6499999999999999, 
     "wordId": "WORLD", 
     "wordStart": 3.3300000000000001, 
     "wordConfidence": 1.0
    }, 
    {
     "wordEnd": 4.0099999999999998, 
     "wordId": "BUSINESS", 
     "wordStart": 3.6499999999999999, 
     "wordConfidence": 1.0
    }, 
    {
     "wordEnd": 4.4699999999999998, 
     "wordId": "REPORT", 
     "wordStart": 4.0099999999999998, 
     "wordConfidence": 1.0
    }, 
    {
     "wordEnd": 4.7999999999999998, 
     "wordId": "ON", 
     "wordStart": 4.5999999999999996, 
     "wordConfidence": 1.0
    }, 
    {
     "wordEnd": 5.2000000000000002, 
     "wordId": "FRIDAY", 
     "wordStart": 4.7999999999999998, 
     "wordConfidence": 1.0
    }, 
    {
     "wordEnd": 5.2999999999999998, 
     "wordId": "THE", 
     "wordStart": 5.2000000000000002, 
     "wordConfidence": 1.0
    }, 
    {
     "wordEnd": 5.7000000000000002, 
     "wordId": "SECOND", 
     "wordStart": 5.2999999999999998, 
     "wordConfidence": 1.0
    }, 
    {
     "wordEnd": 5.7800000000000002, 
     "wordId": "OF", 
     "wordStart": 5.7000000000000002, 
     "wordConfidence": 0.96999999999999997
    }, 
    {
     "wordEnd": 6.2300000000000004, 
     "wordId": "DECEMBER", 
     "wordStart": 5.7800000000000002, 
     "wordConfidence": 1.0
    }, 
    {
     "wordEnd": 6.46, 
     "wordId": "I'M", 
     "wordStart": 6.2599999999999998, 
     "wordConfidence": 1.0
    }, 
    {
     "wordEnd": 6.71, 
     "wordId": "ROGER", 
     "wordStart": 6.46, 
     "wordConfidence": 1.0
    }, 
    {
     "wordEnd": 7.0599999999999996, 
     "wordId": "HEARING", 
     "wordStart": 6.71, 
     "wordConfidence": 0.98999999999999999
    }
   ], 
   "endTime": 7.0800000000000001, 
   "speakerId": "s0001", 
   "startTime": 0.51000000000000001
  }, 
  {
   "classId": "speech", 
   "spokenWords": [
    {
     "wordEnd": 8.0299999999999994, 
     "wordId": "LET'S", 
     "wordStart": 7.6900000000000004, 
     "wordConfidence": 1.0
    }, 
    {
     "wordEnd": 8.1500000000000004, 
     "wordId": "HAVE", 
     "wordStart": 8.0299999999999994, 
     "wordConfidence": 1.0
    }, 
    {
     "wordEnd": 8.1999999999999993, 
     "wordId": "A", 
     "wordStart": 8.1500000000000004, 
     "wordConfidence": 1.0
    }, 
    {
     "wordEnd": 8.3200000000000003, 
     "wordId": "LOOK", 
     "wordStart": 8.1999999999999993, 
     "wordConfidence": 1.0
    }, 
    {
     "wordEnd": 8.4000000000000004, 
     "wordId": "AT", 
     "wordStart": 8.3200000000000003, 
     "wordConfidence": 1.0
    }, 
    {
     "wordEnd": 8.5700000000000003, 
     "wordId": "WHAT'S", 
     "wordStart": 8.4000000000000004, 
     "wordConfidence": 1.0
    }, 
    {
     "wordEnd": 8.6999999999999993, 
     "wordId": "BEEN", 
     "wordStart": 8.5700000000000003, 
     "wordConfidence": 1.0
    }, 
    {
     "wordEnd": 9.0700000000000003, 
     "wordId": "HAPPENING", 
     "wordStart": 8.6999999999999993, 
     "wordConfidence": 1.0
    }, 
    {
     "wordEnd": 9.2200000000000006, 
     "wordId": "IN", 
     "wordStart": 9.0700000000000003, 
     "wordConfidence": 1.0
    }, 
    {
     "wordEnd": 9.2799999999999994, 
     "wordId": "THE", 
     "wordStart": 9.2200000000000006, 
     "wordConfidence": 0.98999999999999999
    }, 
    {
     "wordEnd": 9.9299999999999997, 
     "wordId": "MARKETS", 
     "wordStart": 9.2799999999999994, 
     "wordConfidence": 0.93999999999999995
    }, 
    {
     "wordEnd": 10.539999999999999, 
     "wordId": "OVER", 
     "wordStart": 10.25, 
     "wordConfidence": 1.0
    }, 
    {
     "wordEnd": 10.619999999999999, 
     "wordId": "IN", 
     "wordStart": 10.539999999999999, 
     "wordConfidence": 0.90000000000000002
    }, 
    {
     "wordEnd": 10.65, 
     "wordId": "THE", 
     "wordStart": 10.619999999999999, 
     "wordConfidence": 0.5
    }, 
    {
     "wordEnd": 11.07, 
     "wordId": "UNITED", 
     "wordStart": 10.66, 
     "wordConfidence": 1.0
    }, 
    {
     "wordEnd": 11.56, 
     "wordId": "STATES", 
     "wordStart": 11.07, 
     "wordConfidence": 1.0
    }, 
    {
     "wordEnd": 12.42, 
     "wordId": "UNEMPLOYMENT", 
     "wordStart": 11.59, 
     "wordConfidence": 1.0
    }, 
    {
     "wordEnd": 12.77, 
     "wordId": "FIGURES", 
     "wordStart": 12.42, 
     "wordConfidence": 1.0
    }, 
    {
     "wordEnd": 13.02, 
     "wordId": "CAME", 
     "wordStart": 12.77, 
     "wordConfidence": 1.0
    }, 
    {
     "wordEnd": 13.210000000000001, 
     "wordId": "OUT", 
     "wordStart": 13.02, 
     "wordConfidence": 1.0
    }, 
    {
     "wordEnd": 13.67, 
     "wordId": "TODAY", 
     "wordStart": 13.210000000000001, 
     "wordConfidence": 1.0
    }, 
    {
     "wordEnd": 14.390000000000001, 
     "wordId": "NO", 
     "wordStart": 14.16, 
     "wordConfidence": 0.97999999999999998
    }, 
    {
     "wordEnd": 14.76, 
     "wordId": "HUGE", 
     "wordStart": 14.390000000000001, 
     "wordConfidence": 1.0
    }, 
    {
     "wordEnd": 15.369999999999999, 
     "wordId": "SURPRISES", 
     "wordStart": 14.76, 
     "wordConfidence": 0.76000000000000001
    }, 
    {
     "wordEnd": 15.609999999999999, 
     "wordId": "THERE", 
     "wordStart": 15.4, 
     "wordConfidence": 0.93999999999999995
    }, 
    {
     "wordEnd": 15.94, 
     "wordId": "REALLY", 
     "wordStart": 15.609999999999999, 
     "wordConfidence": 1.0
    }, 
    {
     "wordEnd": 16.23, 
     "wordId": "AND", 
     "wordStart": 15.94, 
     "wordConfidence": 0.98999999999999999
    }, 
    {
     "wordEnd": 16.420000000000002, 
     "wordId": "THAT", 
     "wordStart": 16.23, 
     "wordConfidence": 1.0
    }, 
    {
     "wordEnd": 16.57, 
     "wordId": "WAS", 
     "wordStart": 16.420000000000002, 
     "wordConfidence": 1.0
    }, 
    {
     "wordEnd": 16.649999999999999, 
     "wordId": "THE", 
     "wordStart": 16.57, 
     "wordConfidence": 1.0
    }, 
    {
     "wordEnd": 16.960000000000001, 
     "wordId": "EFFECT", 
     "wordStart": 16.649999999999999, 
     "wordConfidence": 1.0
    }, 
    {
     "wordEnd": 17.039999999999999, 
     "wordId": "ON", 
     "wordStart": 16.960000000000001, 
     "wordConfidence": 1.0
    }, 
    {
     "wordEnd": 17.100000000000001, 
     "wordId": "THE", 
     "wordStart": 17.039999999999999, 
     "wordConfidence": 0.97999999999999998
    }, 
    {
     "wordEnd": 17.52, 
     "wordId": "MARKETS", 
     "wordStart": 17.100000000000001, 
     "wordConfidence": 0.93000000000000005
    }, 
    {
     "wordEnd": 17.989999999999998, 
     "wordId": "AS", 
     "wordStart": 17.809999999999999, 
     "wordConfidence": 0.69999999999999996
    }, 
    {
     "wordEnd": 18.25, 
     "wordId": "CHRIS", 
     "wordStart": 17.989999999999998, 
     "wordConfidence": 0.98999999999999999
    }, 
    {
     "wordEnd": 18.390000000000001, 
     "wordId": "LOWE", 
     "wordStart": 18.25, 
     "wordConfidence": 0.97999999999999998
    }, 
    {
     "wordEnd": 18.489999999999998, 
     "wordId": "OF", 
     "wordStart": 18.390000000000001, 
     "wordConfidence": 0.97999999999999998
    }, 
    {
     "wordEnd": 18.77, 
     "wordId": "F.T.", 
     "wordStart": 18.489999999999998, 
     "wordConfidence": 0.96999999999999997
    }, 
    {
     "wordEnd": 18.879999999999999, 
     "wordId": "AND", 
     "wordStart": 18.77, 
     "wordConfidence": 0.46999999999999997
    }, 
    {
     "wordEnd": 19.420000000000002, 
     "wordId": "FINANCIAL", 
     "wordStart": 18.91, 
     "wordConfidence": 1.0
    }, 
    {
     "wordEnd": 19.710000000000001, 
     "wordId": "TOLD", 
     "wordStart": 19.420000000000002, 
     "wordConfidence": 0.81999999999999995
    }, 
    {
     "wordEnd": 19.809999999999999, 
     "wordId": "ME", 
     "wordStart": 19.710000000000001, 
     "wordConfidence": 0.81999999999999995
    }
   ], 
   "endTime": 19.829999999999998, 
   "speakerId": "s0001", 
   "startTime": 7.5999999999999996
  }, 
  {
   "classId": "speech", 
   "spokenWords": [
    {
     "wordEnd": 21.23, 
     "wordId": "IT", 
     "wordStart": 21.129999999999999, 
     "wordConfidence": 1.0
    }, 
    {
     "wordEnd": 21.399999999999999, 
     "wordId": "WAS", 
     "wordStart": 21.23, 
     "wordConfidence": 1.0
    }, 
    {
     "wordEnd": 21.510000000000002, 
     "wordId": "A", 
     "wordStart": 21.399999999999999, 
     "wordConfidence": 1.0
    }, 
    {
     "wordEnd": 21.800000000000001, 
     "wordId": "SIGH", 
     "wordStart": 21.510000000000002, 
     "wordConfidence": 1.0
    }, 
    {
     "wordEnd": 21.98, 
     "wordId": "OF", 
     "wordStart": 21.800000000000001, 
     "wordConfidence": 1.0
    }, 
    {
     "wordEnd": 22.469999999999999, 
     "wordId": "RELIEF", 
     "wordStart": 21.98, 
     "wordConfidence": 1.0
    }, 
    {
     "wordEnd": 22.649999999999999, 
     "wordId": "THAT", 
     "wordStart": 22.469999999999999, 
     "wordConfidence": 0.93000000000000005
    }, 
    {
     "wordEnd": 22.780000000000001, 
     "wordId": "THERE", 
     "wordStart": 22.649999999999999, 
     "wordConfidence": 0.98999999999999999
    }, 
    {
     "wordEnd": 22.949999999999999, 
     "wordId": "WERE", 
     "wordStart": 22.780000000000001, 
     "wordConfidence": 1.0
    }, 
    {
     "wordEnd": 23.149999999999999, 
     "wordId": "NO", 
     "wordStart": 22.949999999999999, 
     "wordConfidence": 1.0
    }, 
    {
     "wordEnd": 23.66, 
     "wordId": "HUGE", 
     "wordStart": 23.149999999999999, 
     "wordConfidence": 1.0
    }, 
    {
     "wordEnd": 24.649999999999999, 
     "wordId": "SURPRISES", 
     "wordStart": 23.66, 
     "wordConfidence": 1.0
    }, 
    {
     "wordEnd": 25.800000000000001, 
     "wordId": "JOB", 
     "wordStart": 25.420000000000002, 
     "wordConfidence": 0.96999999999999997
    }, 
    {
     "wordEnd": 26.25, 
     "wordId": "GROWTH", 
     "wordStart": 25.800000000000001, 
     "wordConfidence": 0.97999999999999998
    }, 
    {
     "wordEnd": 26.48, 
     "wordId": "WAS", 
     "wordStart": 26.25, 
     "wordConfidence": 1.0
    }, 
    {
     "wordEnd": 27.379999999999999, 
     "wordId": "EXACTLY", 
     "wordStart": 26.48, 
     "wordConfidence": 1.0
    }, 
    {
     "wordEnd": 27.559999999999999, 
     "wordId": "AS", 
     "wordStart": 27.379999999999999, 
     "wordConfidence": 1.0
    }, 
    {
     "wordEnd": 28.43, 
     "wordId": "EXPECTED", 
     "wordStart": 27.559999999999999, 
     "wordConfidence": 1.0
    }, 
    {
     "wordEnd": 29.75, 
     "wordId": "EVEN", 
     "wordStart": 29.359999999999999, 
     "wordConfidence": 1.0
    }, 
    {
     "wordEnd": 29.879999999999999, 
     "wordId": "IF", 
     "wordStart": 29.75, 
     "wordConfidence": 0.98999999999999999
    }, 
    {
     "wordEnd": 29.989999999999998, 
     "wordId": "THERE", 
     "wordStart": 29.879999999999999, 
     "wordConfidence": 1.0
    }, 
    {
     "wordEnd": 30.18, 
     "wordId": "WERE", 
     "wordStart": 29.989999999999998, 
     "wordConfidence": 1.0
    }, 
    {
     "wordEnd": 30.600000000000001, 
     "wordId": "SOME", 
     "wordStart": 30.18, 
     "wordConfidence": 1.0
    }, 
    {
     "wordEnd": 31.579999999999998, 
     "wordId": "SURPRISES", 
     "wordStart": 30.699999999999999, 
     "wordConfidence": 1.0
    }, 
    {
     "wordEnd": 31.73, 
     "wordId": "IN", 
     "wordStart": 31.579999999999998, 
     "wordConfidence": 0.98999999999999999
    }, 
    {
     "wordEnd": 32.640000000000001, 
     "wordId": "DISTRIBUTION", 
     "wordStart": 31.73, 
     "wordConfidence": 1.0
    }, 
    {
     "wordEnd": 33.159999999999997, 
     "wordId": "CHARACTER", 
     "wordStart": 32.719999999999999, 
     "wordConfidence": 0.57999999999999996
    }, 
    {
     "wordEnd": 33.609999999999999, 
     "wordId": "OR", 
     "wordStart": 33.229999999999997, 
     "wordConfidence": 0.97999999999999998
    }, 
    {
     "wordEnd": 34.200000000000003, 
     "wordId": "THERE", 
     "wordStart": 34.009999999999998, 
     "wordConfidence": 0.98999999999999999
    }, 
    {
     "wordEnd": 34.549999999999997, 
     "wordId": "REALLY", 
     "wordStart": 34.200000000000003, 
     "wordConfidence": 1.0
    }, 
    {
     "wordEnd": 34.960000000000001, 
     "wordId": "HASN'T", 
     "wordStart": 34.549999999999997, 
     "wordConfidence": 1.0
    }, 
    {
     "wordEnd": 35.32, 
     "wordId": "BEEN", 
     "wordStart": 34.960000000000001, 
     "wordConfidence": 1.0
    }, 
    {
     "wordEnd": 35.869999999999997, 
     "wordId": "ANYTHING", 
     "wordStart": 35.359999999999999, 
     "wordConfidence": 1.0
    }, 
    {
     "wordEnd": 36.299999999999997, 
     "wordId": "CLOSE", 
     "wordStart": 35.869999999999997, 
     "wordConfidence": 1.0
    }, 
    {
     "wordEnd": 36.479999999999997, 
     "wordId": "TO", 
     "wordStart": 36.299999999999997, 
     "wordConfidence": 1.0
    }, 
    {
     "wordEnd": 36.630000000000003, 
     "wordId": "THE", 
     "wordStart": 36.479999999999997, 
     "wordConfidence": 0.93000000000000005
    }, 
    {
     "wordEnd": 37.149999999999999, 
     "wordId": "TYPICAL", 
     "wordStart": 36.729999999999997, 
     "wordConfidence": 0.5
    }
   ], 
   "endTime": 37.340000000000003, 
   "speakerId": "s0001", 
   "startTime": 20.75
  }, 
  {
   "classId": "speech", 
   "spokenWords": [
    {
     "wordEnd": 38.43, 
     "wordId": "HOLIDAY", 
     "wordStart": 37.960000000000001, 
     "wordConfidence": 0.82999999999999996
    }, 
    {
     "wordEnd": 39.170000000000002, 
     "wordId": "HIRING", 
     "wordStart": 38.479999999999997, 
     "wordConfidence": 1.0
    }, 
    {
     "wordEnd": 39.93, 
     "wordId": "BINGEN", 
     "wordStart": 39.329999999999998, 
     "wordConfidence": 0.69999999999999996
    }, 
    {
     "wordEnd": 40.579999999999998, 
     "wordId": "RETAIL", 
     "wordStart": 40.009999999999998, 
     "wordConfidence": 0.90000000000000002
    }, 
    {
     "wordEnd": 41.280000000000001, 
     "wordId": "BY", 
     "wordStart": 41.060000000000002, 
     "wordConfidence": 0.62
    }, 
    {
     "wordEnd": 41.549999999999997, 
     "wordId": "AN", 
     "wordStart": 41.399999999999999, 
     "wordConfidence": 0.78000000000000003
    }, 
    {
     "wordEnd": 42.469999999999999, 
     "wordId": "ACROSS", 
     "wordStart": 42.009999999999998, 
     "wordConfidence": 0.98999999999999999
    }, 
    {
     "wordEnd": 42.57, 
     "wordId": "THE", 
     "wordStart": 42.469999999999999, 
     "wordConfidence": 1.0
    }, 
    {
     "wordEnd": 42.890000000000001, 
     "wordId": "BOARD", 
     "wordStart": 42.57, 
     "wordConfidence": 1.0
    }, 
    {
     "wordEnd": 43.200000000000003, 
     "wordId": "JOB", 
     "wordStart": 42.890000000000001, 
     "wordConfidence": 1.0
    }, 
    {
     "wordEnd": 43.539999999999999, 
     "wordId": "GAMES", 
     "wordStart": 43.200000000000003, 
     "wordConfidence": 0.93000000000000005
    }, 
    {
     "wordEnd": 43.829999999999998, 
     "wordId": "HELP", 
     "wordStart": 43.539999999999999, 
     "wordConfidence": 0.93000000000000005
    }, 
    {
     "wordEnd": 44.020000000000003, 
     "wordId": "Y.", 
     "wordStart": 43.829999999999998, 
     "wordConfidence": 0.56000000000000005
    }, 
    {
     "wordEnd": 44.32, 
     "wordId": "AND", 
     "wordStart": 44.049999999999997, 
     "wordConfidence": 0.81000000000000005
    }, 
    {
     "wordEnd": 44.5, 
     "wordId": "THE", 
     "wordStart": 44.350000000000001, 
     "wordConfidence": 1.0
    }, 
    {
     "wordEnd": 45.159999999999997, 
     "wordId": "UNEMPLOYMENT", 
     "wordStart": 44.5, 
     "wordConfidence": 1.0
    }, 
    {
     "wordEnd": 45.439999999999998, 
     "wordId": "RATE", 
     "wordStart": 45.159999999999997, 
     "wordConfidence": 0.97999999999999998
    }, 
    {
     "wordEnd": 47.039999999999999, 
     "wordId": "UNEXPECTEDLY", 
     "wordStart": 45.740000000000002, 
     "wordConfidence": 1.0
    }, 
    {
     "wordEnd": 47.57, 
     "wordId": "BELL", 
     "wordStart": 47.149999999999999, 
     "wordConfidence": 0.34999999999999998
    }, 
    {
     "wordEnd": 47.990000000000002, 
     "wordId": "FROM", 
     "wordStart": 47.640000000000001, 
     "wordConfidence": 1.0
    }, 
    {
     "wordEnd": 48.270000000000003, 
     "wordId": "FOUR", 
     "wordStart": 48.020000000000003, 
     "wordConfidence": 0.98999999999999999
    }, 
    {
     "wordEnd": 48.710000000000001, 
     "wordId": "POINT", 
     "wordStart": 48.270000000000003, 
     "wordConfidence": 1.0
    }, 
    {
     "wordEnd": 49.219999999999999, 
     "wordId": "NINE", 
     "wordStart": 48.710000000000001, 
     "wordConfidence": 1.0
    }, 
    {
     "wordEnd": 49.439999999999998, 
     "wordId": "TO", 
     "wordStart": 49.280000000000001, 
     "wordConfidence": 0.68000000000000005
    }, 
    {
     "wordEnd": 49.670000000000002, 
     "wordId": "FOUR", 
     "wordStart": 49.439999999999998, 
     "wordConfidence": 1.0
    }, 
    {
     "wordEnd": 50.030000000000001, 
     "wordId": "POINT", 
     "wordStart": 49.670000000000002, 
     "wordConfidence": 1.0
    }, 
    {
     "wordEnd": 50.310000000000002, 
     "wordId": "SIX", 
     "wordStart": 50.030000000000001, 
     "wordConfidence": 1.0
    }, 
    {
     "wordEnd": 50.850000000000001, 
     "wordId": "PERCENT", 
     "wordStart": 50.310000000000002, 
     "wordConfidence": 1.0
    }, 
    {
     "wordEnd": 51.170000000000002, 
     "wordId": "WHICH", 
     "wordStart": 50.880000000000003, 
     "wordConfidence": 0.96999999999999997
    }, 
    {
     "wordEnd": 51.32, 
     "wordId": "IS", 
     "wordStart": 51.170000000000002, 
     "wordConfidence": 0.96999999999999997
    }, 
    {
     "wordEnd": 51.409999999999997, 
     "wordId": "A", 
     "wordStart": 51.329999999999998, 
     "wordConfidence": 0.84999999999999998
    }, 
    {
     "wordEnd": 51.700000000000003, 
     "wordId": "BIG", 
     "wordStart": 51.439999999999998, 
     "wordConfidence": 0.78000000000000003
    }, 
    {
     "wordEnd": 52.100000000000001, 
     "wordId": "DROP", 
     "wordStart": 51.710000000000001, 
     "wordConfidence": 0.78000000000000003
    }, 
    {
     "wordEnd": 52.420000000000002, 
     "wordId": "NOW", 
     "wordStart": 52.100000000000001, 
     "wordConfidence": 0.98999999999999999
    }, 
    {
     "wordEnd": 52.869999999999997, 
     "wordId": "NORMAL", 
     "wordStart": 52.450000000000003, 
     "wordConfidence": 0.97999999999999998
    }, 
    {
     "wordEnd": 53.5, 
     "wordId": "I", 
     "wordStart": 53.200000000000003, 
     "wordConfidence": 0.56000000000000005
    }, 
    {
     "wordEnd": 53.920000000000002, 
     "wordId": "ACTUALLY", 
     "wordStart": 53.619999999999997, 
     "wordConfidence": 1.0
    }, 
    {
     "wordEnd": 54.210000000000001, 
     "wordId": "MAKE", 
     "wordStart": 53.920000000000002, 
     "wordConfidence": 1.0
    }, 
    {
     "wordEnd": 54.539999999999999, 
     "wordId": "PEOPLE", 
     "wordStart": 54.210000000000001, 
     "wordConfidence": 1.0
    }, 
    {
     "wordEnd": 54.600000000000001, 
     "wordId": "A", 
     "wordStart": 54.539999999999999, 
     "wordConfidence": 1.0
    }, 
    {
     "wordEnd": 54.850000000000001, 
     "wordId": "BIT", 
     "wordStart": 54.600000000000001, 
     "wordConfidence": 1.0
    }, 
    {
     "wordEnd": 55.390000000000001, 
     "wordId": "NERVOUS", 
     "wordStart": 54.850000000000001, 
     "wordConfidence": 1.0
    }, 
    {
     "wordEnd": 56.560000000000002, 
     "wordId": "BECAUSE", 
     "wordStart": 55.420000000000002, 
     "wordConfidence": 1.0
    }
   ], 
   "endTime": 57.039999999999999, 
   "speakerId": "s0001", 
   "startTime": 37.939999999999998
  }, 
  {
   "classId": "speech", 
   "spokenWords": [
    {
     "wordEnd": 57.259999999999998, 
     "wordId": "THERE", 
     "wordStart": 57.18, 
     "wordConfidence": 0.56999999999999995
    }, 
    {
     "wordEnd": 57.469999999999999, 
     "wordId": "IS", 
     "wordStart": 57.340000000000003, 
     "wordConfidence": 0.45000000000000001
    }, 
    {
     "wordEnd": 57.579999999999998, 
     "wordId": "A", 
     "wordStart": 57.490000000000002, 
     "wordConfidence": 0.63
    }, 
    {
     "wordEnd": 57.850000000000001, 
     "wordId": "THIRD", 
     "wordStart": 57.579999999999998, 
     "wordConfidence": 0.65000000000000002
    }, 
    {
     "wordEnd": 58.149999999999999, 
     "wordId": "MOVING", 
     "wordStart": 57.850000000000001, 
     "wordConfidence": 0.58999999999999997
    }, 
    {
     "wordEnd": 58.299999999999997, 
     "wordId": "IN", 
     "wordStart": 58.149999999999999, 
     "wordConfidence": 0.98999999999999999
    }, 
    {
     "wordEnd": 58.530000000000001, 
     "wordId": "TWO", 
     "wordStart": 58.299999999999997, 
     "wordConfidence": 0.98999999999999999
    }, 
    {
     "wordEnd": 58.93, 
     "wordId": "WEEKS", 
     "wordStart": 58.530000000000001, 
     "wordConfidence": 1.0
    }, 
    {
     "wordEnd": 59.25, 
     "wordId": "BUT", 
     "wordStart": 58.969999999999999, 
     "wordConfidence": 1.0
    }, 
    {
     "wordEnd": 59.899999999999999, 
     "wordId": "GIVEN", 
     "wordStart": 59.420000000000002, 
     "wordConfidence": 0.96999999999999997
    }, 
    {
     "wordEnd": 60.880000000000003, 
     "wordId": "EXPECTATIONS", 
     "wordStart": 60.020000000000003, 
     "wordConfidence": 1.0
    }, 
    {
     "wordEnd": 61.030000000000001, 
     "wordId": "FOR", 
     "wordStart": 60.880000000000003, 
     "wordConfidence": 0.90000000000000002
    }, 
    {
     "wordEnd": 61.640000000000001, 
     "wordId": "TIGHTENING", 
     "wordStart": 61.030000000000001, 
     "wordConfidence": 1.0
    }, 
    {
     "wordEnd": 62.090000000000003, 
     "wordId": "NOW", 
     "wordStart": 61.780000000000001, 
     "wordConfidence": 1.0
    }, 
    {
     "wordEnd": 62.380000000000003, 
     "wordId": "STAND", 
     "wordStart": 62.090000000000003, 
     "wordConfidence": 0.58999999999999997
    }, 
    {
     "wordEnd": 62.719999999999999, 
     "wordId": "AT", 
     "wordStart": 62.380000000000003, 
     "wordConfidence": 0.57999999999999996
    }, 
    {
     "wordEnd": 63.090000000000003, 
     "wordId": "ONE", 
     "wordStart": 62.789999999999999, 
     "wordConfidence": 1.0
    }, 
    {
     "wordEnd": 63.5, 
     "wordId": "HUNDRED", 
     "wordStart": 63.090000000000003, 
     "wordConfidence": 1.0
    }, 
    {
     "wordEnd": 64.079999999999998, 
     "wordId": "PERCENT", 
     "wordStart": 63.5, 
     "wordConfidence": 1.0
    }, 
    {
     "wordEnd": 64.629999999999995, 
     "wordId": "REALLY", 
     "wordStart": 64.159999999999997, 
     "wordConfidence": 0.98999999999999999
    }
   ], 
   "endTime": 64.700000000000003, 
   "speakerId": "s0001", 
   "startTime": 57.140000000000001
  }, 
  {
   "classId": "speech", 
   "spokenWords": [
    {
     "wordEnd": 65.670000000000002, 
     "wordId": "BUT", 
     "wordStart": 65.469999999999999, 
     "wordConfidence": 0.91000000000000003
    }, 
    {
     "wordEnd": 65.900000000000006, 
     "wordId": "THERE'S", 
     "wordStart": 65.709999999999994, 
     "wordConfidence": 0.94999999999999996
    }, 
    {
     "wordEnd": 66.090000000000003, 
     "wordId": "NO", 
     "wordStart": 65.909999999999997, 
     "wordConfidence": 1.0
    }, 
    {
     "wordEnd": 66.480000000000004, 
     "wordId": "REASON", 
     "wordStart": 66.090000000000003, 
     "wordConfidence": 1.0
    }, 
    {
     "wordEnd": 66.709999999999994, 
     "wordId": "TO", 
     "wordStart": 66.480000000000004, 
     "wordConfidence": 1.0
    }, 
    {
     "wordEnd": 67.340000000000003, 
     "wordId": "INCREASE", 
     "wordStart": 66.709999999999994, 
     "wordConfidence": 1.0
    }, 
    {
     "wordEnd": 67.540000000000006, 
     "wordId": "THE", 
     "wordStart": 67.340000000000003, 
     "wordConfidence": 1.0
    }, 
    {
     "wordEnd": 67.900000000000006, 
     "wordId": "POOP", 
     "wordStart": 67.640000000000001, 
     "wordConfidence": 0.34999999999999998
    }, 
    {
     "wordEnd": 68.370000000000005, 
     "wordId": "BE", 
     "wordStart": 68.099999999999994, 
     "wordConfidence": 0.47999999999999998
    }, 
    {
     "wordEnd": 68.959999999999994, 
     "wordId": "HERE", 
     "wordStart": 68.670000000000002, 
     "wordConfidence": 0.47999999999999998
    }, 
    {
     "wordEnd": 69.400000000000006, 
     "wordId": "THEY'RE", 
     "wordStart": 68.989999999999995, 
     "wordConfidence": 0.68999999999999995
    }, 
    {
     "wordEnd": 69.849999999999994, 
     "wordId": "MY", 
     "wordStart": 69.510000000000005, 
     "wordConfidence": 1.0
    }, 
    {
     "wordEnd": 70.340000000000003, 
     "wordId": "SENSES", 
     "wordStart": 69.849999999999994, 
     "wordConfidence": 0.98999999999999999
    }, 
    {
     "wordEnd": 70.530000000000001, 
     "wordId": "HE", 
     "wordStart": 70.340000000000003, 
     "wordConfidence": 0.78000000000000003
    }, 
    {
     "wordEnd": 70.859999999999999, 
     "wordId": "YOU", 
     "wordStart": 70.590000000000003, 
     "wordConfidence": 0.66000000000000003
    }, 
    {
     "wordEnd": 70.980000000000004, 
     "wordId": "KNOW", 
     "wordStart": 70.879999999999995, 
     "wordConfidence": 0.67000000000000004
    }, 
    {
     "wordEnd": 71.359999999999999, 
     "wordId": "LOOKING", 
     "wordStart": 70.980000000000004, 
     "wordConfidence": 1.0
    }, 
    {
     "wordEnd": 71.519999999999996, 
     "wordId": "AT", 
     "wordStart": 71.359999999999999, 
     "wordConfidence": 1.0
    }, 
    {
     "wordEnd": 72.189999999999998, 
     "wordId": "SECTOR", 
     "wordStart": 71.609999999999999, 
     "wordConfidence": 0.56000000000000005
    }, 
    {
     "wordEnd": 72.730000000000004, 
     "wordId": "WOULD", 
     "wordStart": 72.450000000000003, 
     "wordConfidence": 0.81000000000000005
    }, 
    {
     "wordEnd": 73.590000000000003, 
     "wordId": "INTERESTING", 
     "wordStart": 72.780000000000001, 
     "wordConfidence": 0.98999999999999999
    }, 
    {
     "wordEnd": 74.0, 
     "wordId": "IS", 
     "wordStart": 73.620000000000005, 
     "wordConfidence": 0.95999999999999996
    }, 
    {
     "wordEnd": 74.790000000000006, 
     "wordId": "EVERY", 
     "wordStart": 74.409999999999997, 
     "wordConfidence": 0.98999999999999999
    }, 
    {
     "wordEnd": 75.090000000000003, 
     "wordId": "PING", 
     "wordStart": 74.790000000000006, 
     "wordConfidence": 0.95999999999999996
    }, 
    {
     "wordEnd": 75.379999999999995, 
     "wordId": "IS", 
     "wordStart": 75.090000000000003, 
     "wordConfidence": 0.98999999999999999
    }, 
    {
     "wordEnd": 75.780000000000001, 
     "wordId": "LITTLE", 
     "wordStart": 75.379999999999995, 
     "wordConfidence": 1.0
    }, 
    {
     "wordEnd": 76.579999999999998, 
     "wordId": "CHANGED", 
     "wordStart": 75.780000000000001, 
     "wordConfidence": 1.0
    }, 
    {
     "wordEnd": 77.219999999999999, 
     "wordId": "AND", 
     "wordStart": 76.969999999999999, 
     "wordConfidence": 0.97999999999999998
    }, 
    {
     "wordEnd": 77.390000000000001, 
     "wordId": "IN", 
     "wordStart": 77.219999999999999, 
     "wordConfidence": 1.0
    }, 
    {
     "wordEnd": 77.549999999999997, 
     "wordId": "THE", 
     "wordStart": 77.390000000000001, 
     "wordConfidence": 1.0
    }, 
    {
     "wordEnd": 78.290000000000006, 
     "wordId": "OPPOSITE", 
     "wordStart": 77.579999999999998, 
     "wordConfidence": 1.0
    }, 
    {
     "wordEnd": 79.079999999999998, 
     "wordId": "DIRECTION", 
     "wordStart": 78.290000000000006, 
     "wordConfidence": 1.0
    }
   ], 
   "endTime": 79.5, 
   "speakerId": "s0001", 
   "startTime": 65.170000000000002
  }, 
  {
   "classId": "speech", 
   "spokenWords": [
    {
     "wordEnd": 81.0, 
     "wordId": "THE", 
     "wordStart": 80.560000000000002, 
     "wordConfidence": 0.94999999999999996
    }, 
    {
     "wordEnd": 81.510000000000005, 
     "wordId": "BIGGEST", 
     "wordStart": 81.030000000000001, 
     "wordConfidence": 1.0
    }, 
    {
     "wordEnd": 82.150000000000006, 
     "wordId": "MOVES", 
     "wordStart": 81.510000000000005, 
     "wordConfidence": 0.98999999999999999
    }, 
    {
     "wordEnd": 82.920000000000002, 
     "wordId": "SINCE", 
     "wordStart": 82.480000000000004, 
     "wordConfidence": 1.0
    }, 
    {
     "wordEnd": 83.069999999999993, 
     "wordId": "THE", 
     "wordStart": 82.950000000000003, 
     "wordConfidence": 1.0
    }, 
    {
     "wordEnd": 83.799999999999997, 
     "wordId": "ELECTIONS", 
     "wordStart": 83.069999999999993, 
     "wordConfidence": 0.88
    }, 
    {
     "wordEnd": 84.120000000000005, 
     "wordId": "SO", 
     "wordStart": 83.829999999999998, 
     "wordConfidence": 0.96999999999999997
    }, 
    {
     "wordEnd": 84.310000000000002, 
     "wordId": "FOR", 
     "wordStart": 84.120000000000005, 
     "wordConfidence": 0.98999999999999999
    }, 
    {
     "wordEnd": 84.719999999999999, 
     "wordId": "EXAMPLE", 
     "wordStart": 84.319999999999993, 
     "wordConfidence": 0.87
    }, 
    {
     "wordEnd": 84.989999999999995, 
     "wordId": "THOSE", 
     "wordStart": 84.739999999999995, 
     "wordConfidence": 0.97999999999999998
    }, 
    {
     "wordEnd": 85.069999999999993, 
     "wordId": "A", 
     "wordStart": 84.989999999999995, 
     "wordConfidence": 0.98999999999999999
    }, 
    {
     "wordEnd": 85.239999999999995, 
     "wordId": "BIT", 
     "wordStart": 85.069999999999993, 
     "wordConfidence": 1.0
    }, 
    {
     "wordEnd": 85.349999999999994, 
     "wordId": "OF", 
     "wordStart": 85.239999999999995, 
     "wordConfidence": 1.0
    }, 
    {
     "wordEnd": 85.760000000000005, 
     "wordId": "PROPER", 
     "wordStart": 85.349999999999994, 
     "wordConfidence": 1.0
    }, 
    {
     "wordEnd": 86.159999999999997, 
     "wordId": "TAKING", 
     "wordStart": 85.760000000000005, 
     "wordConfidence": 1.0
    }, 
    {
     "wordEnd": 86.280000000000001, 
     "wordId": "AND", 
     "wordStart": 86.159999999999997, 
     "wordConfidence": 0.55000000000000004
    }, 
    {
     "wordEnd": 87.090000000000003, 
     "wordId": "FINANCIAL", 
     "wordStart": 86.280000000000001, 
     "wordConfidence": 1.0
    }, 
    {
     "wordEnd": 87.439999999999998, 
     "wordId": "THEY", 
     "wordStart": 87.170000000000002, 
     "wordConfidence": 0.98999999999999999
    }, 
    {
     "wordEnd": 87.709999999999994, 
     "wordId": "WOULD", 
     "wordStart": 87.489999999999995, 
     "wordConfidence": 0.79000000000000004
    }, 
    {
     "wordEnd": 87.890000000000001, 
     "wordId": "HAVE", 
     "wordStart": 87.790000000000006, 
     "wordConfidence": 0.79000000000000004
    }, 
    {
     "wordEnd": 88.099999999999994, 
     "wordId": "BEEN", 
     "wordStart": 87.909999999999997, 
     "wordConfidence": 0.79000000000000004
    }, 
    {
     "wordEnd": 88.25, 
     "wordId": "THE", 
     "wordStart": 88.120000000000005, 
     "wordConfidence": 0.96999999999999997
    }, 
    {
     "wordEnd": 88.640000000000001, 
     "wordId": "BIGGEST", 
     "wordStart": 88.25, 
     "wordConfidence": 1.0
    }, 
    {
     "wordEnd": 89.370000000000005, 
     "wordId": "WINNERS", 
     "wordStart": 88.680000000000007, 
     "wordConfidence": 1.0
    }, 
    {
     "wordEnd": 90.219999999999999, 
     "wordId": "IN", 
     "wordStart": 89.930000000000007, 
     "wordConfidence": 1.0
    }, 
    {
     "wordEnd": 90.549999999999997, 
     "wordId": "THIS", 
     "wordStart": 90.219999999999999, 
     "wordConfidence": 1.0
    }, 
    {
     "wordEnd": 91.060000000000002, 
     "wordId": "TRUMPET", 
     "wordStart": 90.549999999999997, 
     "wordConfidence": 0.91000000000000003
    }, 
    {
     "wordEnd": 91.469999999999999, 
     "wordId": "EIRE", 
     "wordStart": 91.060000000000002, 
     "wordConfidence": 0.31
    }, 
    {
     "wordEnd": 93.019999999999996, 
     "wordId": "AND", 
     "wordStart": 92.560000000000002, 
     "wordConfidence": 1.0
    }, 
    {
     "wordEnd": 94.040000000000006, 
     "wordId": "TECHNOLOGY", 
     "wordStart": 93.019999999999996, 
     "wordConfidence": 1.0
    }, 
    {
     "wordEnd": 95.019999999999996, 
     "wordId": "WAS", 
     "wordStart": 94.599999999999994, 
     "wordConfidence": 1.0
    }, 
    {
     "wordEnd": 95.129999999999995, 
     "wordId": "THE", 
     "wordStart": 95.019999999999996, 
     "wordConfidence": 0.93999999999999995
    }, 
    {
     "wordEnd": 95.579999999999998, 
     "wordId": "BIGGEST", 
     "wordStart": 95.129999999999995, 
     "wordConfidence": 1.0
    }, 
    {
     "wordEnd": 95.959999999999994, 
     "wordId": "WIDOW", 
     "wordStart": 95.579999999999998, 
     "wordConfidence": 0.47999999999999998
    }, 
    {
     "wordEnd": 96.590000000000003, 
     "wordId": "TODAY", 
     "wordStart": 95.980000000000004, 
     "wordConfidence": 0.90000000000000002
    }, 
    {
     "wordEnd": 98.069999999999993, 
     "wordId": "TECHNOLOGY", 
     "wordStart": 97.400000000000006, 
     "wordConfidence": 0.92000000000000004
    }, 
    {
     "wordEnd": 98.590000000000003, 
     "wordId": "STARTS", 
     "wordStart": 98.069999999999993, 
     "wordConfidence": 0.28999999999999998
    }
   ], 
   "endTime": 98.659999999999997, 
   "speakerId": "s0001", 
   "startTime": 80.079999999999998
  }, 
  {
   "classId": "speech", 
   "spokenWords": [
    {
     "wordEnd": 99.870000000000005, 
     "wordId": "THEN", 
     "wordStart": 99.670000000000002, 
     "wordConfidence": 0.71999999999999997
    }, 
    {
     "wordEnd": 99.969999999999999, 
     "wordId": "THE", 
     "wordStart": 99.870000000000005, 
     "wordConfidence": 1.0
    }, 
    {
     "wordEnd": 100.40000000000001, 
     "wordId": "BIGGEST", 
     "wordStart": 99.969999999999999, 
     "wordConfidence": 1.0
    }, 
    {
     "wordEnd": 101.04000000000001, 
     "wordId": "LOSER", 
     "wordStart": 100.40000000000001, 
     "wordConfidence": 1.0
    }, 
    {
     "wordEnd": 101.84999999999999, 
     "wordId": "SINCE", 
     "wordStart": 101.16, 
     "wordConfidence": 0.68000000000000005
    }, 
    {
     "wordEnd": 102.38, 
     "wordId": "THE", 
     "wordStart": 102.25, 
     "wordConfidence": 1.0
    }, 
    {
     "wordEnd": 103.02, 
     "wordId": "ELECTION", 
     "wordStart": 102.38, 
     "wordConfidence": 1.0
    }, 
    {
     "wordEnd": 104.0, 
     "wordId": "SO", 
     "wordStart": 103.66, 
     "wordConfidence": 1.0
    }, 
    {
     "wordEnd": 104.31, 
     "wordId": "I", 
     "wordStart": 104.03, 
     "wordConfidence": 1.0
    }, 
    {
     "wordEnd": 104.52, 
     "wordId": "THINK", 
     "wordStart": 104.31, 
     "wordConfidence": 1.0
    }, 
    {
     "wordEnd": 104.61, 
     "wordId": "A", 
     "wordStart": 104.52, 
     "wordConfidence": 1.0
    }, 
    {
     "wordEnd": 104.91, 
     "wordId": "LITTLE", 
     "wordStart": 104.61, 
     "wordConfidence": 1.0
    }, 
    {
     "wordEnd": 105.23, 
     "wordId": "BIT", 
     "wordStart": 104.91, 
     "wordConfidence": 0.96999999999999997
    }, 
    {
     "wordEnd": 106.26000000000001, 
     "wordId": "PERHAPS", 
     "wordStart": 105.75, 
     "wordConfidence": 1.0
    }, 
    {
     "wordEnd": 107.19, 
     "wordId": "REALISING", 
     "wordStart": 106.26000000000001, 
     "wordConfidence": 1.0
    }, 
    {
     "wordEnd": 107.8, 
     "wordId": "THAT", 
     "wordStart": 107.44, 
     "wordConfidence": 0.97999999999999998
    }
   ], 
   "endTime": 108.15000000000001, 
   "speakerId": "s0001", 
   "startTime": 99.590000000000003
  }, 
  {
   "classId": "speech", 
   "spokenWords": [
    {
     "wordEnd": 109.15000000000001, 
     "wordId": "SECTOR", 
     "wordStart": 108.79000000000001, 
     "wordConfidence": 0.91000000000000003
    }, 
    {
     "wordEnd": 109.79000000000001, 
     "wordId": "ROTATION", 
     "wordStart": 109.15000000000001, 
     "wordConfidence": 1.0
    }, 
    {
     "wordEnd": 110.14, 
     "wordId": "MADE", 
     "wordStart": 109.79000000000001, 
     "wordConfidence": 0.98999999999999999
    }, 
    {
     "wordEnd": 110.59, 
     "wordId": "SOUND", 
     "wordStart": 110.18000000000001, 
     "wordConfidence": 0.46000000000000002
    }, 
    {
     "wordEnd": 110.92, 
     "wordId": "BUT", 
     "wordStart": 110.62, 
     "wordConfidence": 1.0
    }, 
    {
     "wordEnd": 111.44, 
     "wordId": "NOT", 
     "wordStart": 111.13, 
     "wordConfidence": 1.0
    }, 
    {
     "wordEnd": 112.04000000000001, 
     "wordId": "QUITE", 
     "wordStart": 111.69, 
     "wordConfidence": 1.0
    }, 
    {
     "wordEnd": 112.18000000000001, 
     "wordId": "AS", 
     "wordStart": 112.04000000000001, 
     "wordConfidence": 1.0
    }, 
    {
     "wordEnd": 112.75, 
     "wordId": "AGGRESSIVE", 
     "wordStart": 112.19, 
     "wordConfidence": 0.90000000000000002
    }, 
    {
     "wordEnd": 113.86, 
     "wordId": "SPENT", 
     "wordStart": 113.54000000000001, 
     "wordConfidence": 0.79000000000000004
    }, 
    {
     "wordEnd": 114.31999999999999, 
     "wordId": "DONE", 
     "wordStart": 114.0, 
     "wordConfidence": 0.89000000000000001
    }, 
    {
     "wordEnd": 114.66, 
     "wordId": "BUT", 
     "wordStart": 114.44, 
     "wordConfidence": 1.0
    }, 
    {
     "wordEnd": 114.97, 
     "wordId": "LOOKING", 
     "wordStart": 114.66, 
     "wordConfidence": 1.0
    }, 
    {
     "wordEnd": 115.14, 
     "wordId": "OVER", 
     "wordStart": 114.97, 
     "wordConfidence": 1.0
    }, 
    {
     "wordEnd": 115.20999999999999, 
     "wordId": "THE", 
     "wordStart": 115.14, 
     "wordConfidence": 1.0
    }, 
    {
     "wordEnd": 115.53, 
     "wordId": "LAST", 
     "wordStart": 115.20999999999999, 
     "wordConfidence": 1.0
    }, 
    {
     "wordEnd": 115.77, 
     "wordId": "THREE", 
     "wordStart": 115.53, 
     "wordConfidence": 1.0
    }, 
    {
     "wordEnd": 116.13, 
     "wordId": "WEEKS", 
     "wordStart": 115.77, 
     "wordConfidence": 1.0
    }, 
    {
     "wordEnd": 116.28, 
     "wordId": "IN", 
     "wordStart": 116.2, 
     "wordConfidence": 0.71999999999999997
    }, 
    {
     "wordEnd": 116.38, 
     "wordId": "THE", 
     "wordStart": 116.31, 
     "wordConfidence": 0.95999999999999996
    }, 
    {
     "wordEnd": 116.67, 
     "wordId": "MAJOR", 
     "wordStart": 116.38, 
     "wordConfidence": 1.0
    }, 
    {
     "wordEnd": 117.20999999999999, 
     "wordId": "INDICES", 
     "wordStart": 116.67, 
     "wordConfidence": 0.96999999999999997
    }, 
    {
     "wordEnd": 117.33, 
     "wordId": "HAVE", 
     "wordStart": 117.20999999999999, 
     "wordConfidence": 0.96999999999999997
    }, 
    {
     "wordEnd": 117.65000000000001, 
     "wordId": "BEEN", 
     "wordStart": 117.33, 
     "wordConfidence": 1.0
    }, 
    {
     "wordEnd": 118.22, 
     "wordId": "REALLY", 
     "wordStart": 117.65000000000001, 
     "wordConfidence": 1.0
    }, 
    {
     "wordEnd": 118.56999999999999, 
     "wordId": "REALLY", 
     "wordStart": 118.25, 
     "wordConfidence": 1.0
    }, 
    {
     "wordEnd": 118.89, 
     "wordId": "HIGH", 
     "wordStart": 118.56999999999999, 
     "wordConfidence": 0.89000000000000001
    }, 
    {
     "wordEnd": 119.15000000000001, 
     "wordId": "HASN'T", 
     "wordStart": 118.92, 
     "wordConfidence": 0.79000000000000004
    }, 
    {
     "wordEnd": 119.84, 
     "wordId": "IT", 
     "wordStart": 119.65000000000001, 
     "wordConfidence": 0.93000000000000005
    }, 
    {
     "wordEnd": 120.04000000000001, 
     "wordId": "MUST", 
     "wordStart": 119.84, 
     "wordConfidence": 1.0
    }, 
    {
     "wordEnd": 120.19, 
     "wordId": "SAY", 
     "wordStart": 120.04000000000001, 
     "wordConfidence": 1.0
    }, 
    {
     "wordEnd": 120.73, 
     "wordId": "SOMETHING", 
     "wordStart": 120.19, 
     "wordConfidence": 1.0
    }, 
    {
     "wordEnd": 121.09999999999999, 
     "wordId": "SURELY", 
     "wordStart": 120.73, 
     "wordConfidence": 0.97999999999999998
    }
   ], 
   "endTime": 121.16, 
   "speakerId": "s0001", 
   "startTime": 108.68000000000001
  }, 
  {
   "classId": "speech", 
   "spokenWords": [
    {
     "wordEnd": 122.3, 
     "wordId": "IF", 
     "wordStart": 122.13, 
     "wordConfidence": 0.45000000000000001
    }, 
    {
     "wordEnd": 122.7, 
     "wordId": "THEY", 
     "wordStart": 122.48999999999999, 
     "wordConfidence": 1.0
    }, 
    {
     "wordEnd": 122.93000000000001, 
     "wordId": "HAVE", 
     "wordStart": 122.7, 
     "wordConfidence": 1.0
    }, 
    {
     "wordEnd": 123.16, 
     "wordId": "BEEN", 
     "wordStart": 122.93000000000001, 
     "wordConfidence": 1.0
    }, 
    {
     "wordEnd": 123.48, 
     "wordId": "REALLY", 
     "wordStart": 123.16, 
     "wordConfidence": 1.0
    }, 
    {
     "wordEnd": 123.90000000000001, 
     "wordId": "HIGH", 
     "wordStart": 123.48, 
     "wordConfidence": 1.0
    }, 
    {
     "wordEnd": 124.61, 
     "wordId": "AND", 
     "wordStart": 124.01000000000001, 
     "wordConfidence": 0.94999999999999996
    }, 
    {
     "wordEnd": 125.34999999999999, 
     "wordId": "FOR", 
     "wordStart": 125.18000000000001, 
     "wordConfidence": 1.0
    }, 
    {
     "wordEnd": 125.59, 
     "wordId": "THOSE", 
     "wordStart": 125.34999999999999, 
     "wordConfidence": 1.0
    }, 
    {
     "wordEnd": 125.69, 
     "wordId": "OF", 
     "wordStart": 125.59, 
     "wordConfidence": 1.0
    }, 
    {
     "wordEnd": 125.95, 
     "wordId": "US", 
     "wordStart": 125.69, 
     "wordConfidence": 1.0
    }, 
    {
     "wordEnd": 126.56999999999999, 
     "wordId": "WHO", 
     "wordStart": 125.95, 
     "wordConfidence": 1.0
    }, 
    {
     "wordEnd": 127.28, 
     "wordId": "ARE", 
     "wordStart": 126.87, 
     "wordConfidence": 1.0
    }, 
    {
     "wordEnd": 127.48999999999999, 
     "wordId": "OUR", 
     "wordStart": 127.31999999999999, 
     "wordConfidence": 0.68000000000000005
    }, 
    {
     "wordEnd": 128.16999999999999, 
     "wordId": "FOLLOWING", 
     "wordStart": 127.48, 
     "wordConfidence": 1.0
    }, 
    {
     "wordEnd": 128.56, 
     "wordId": "THE", 
     "wordStart": 128.34999999999999, 
     "wordConfidence": 0.88
    }, 
    {
     "wordEnd": 128.96000000000001, 
     "wordId": "STORY", 
     "wordStart": 128.56, 
     "wordConfidence": 1.0
    }, 
    {
     "wordEnd": 129.66, 
     "wordId": "CLOSELY", 
     "wordStart": 129.0, 
     "wordConfidence": 0.85999999999999999
    }, 
    {
     "wordEnd": 129.96000000000001, 
     "wordId": "I", 
     "wordStart": 129.68000000000001, 
     "wordConfidence": 1.0
    }, 
    {
     "wordEnd": 130.47, 
     "wordId": "THINK", 
     "wordStart": 129.96000000000001, 
     "wordConfidence": 1.0
    }, 
    {
     "wordEnd": 130.88999999999999, 
     "wordId": "AT", 
     "wordStart": 130.66999999999999, 
     "wordConfidence": 1.0
    }, 
    {
     "wordEnd": 131.13999999999999, 
     "wordId": "THIS", 
     "wordStart": 130.88999999999999, 
     "wordConfidence": 1.0
    }, 
    {
     "wordEnd": 131.47999999999999, 
     "wordId": "POINT", 
     "wordStart": 131.13999999999999, 
     "wordConfidence": 1.0
    }, 
    {
     "wordEnd": 131.75999999999999, 
     "wordId": "THINGS", 
     "wordStart": 131.49000000000001, 
     "wordConfidence": 0.81000000000000005
    }, 
    {
     "wordEnd": 132.03, 
     "wordId": "FEEL", 
     "wordStart": 131.77000000000001, 
     "wordConfidence": 0.45000000000000001
    }, 
    {
     "wordEnd": 132.56999999999999, 
     "wordId": "QUITE", 
     "wordStart": 132.12, 
     "wordConfidence": 0.84999999999999998
    }, 
    {
     "wordEnd": 133.37, 
     "wordId": "OVERDONE", 
     "wordStart": 132.61000000000001, 
     "wordConfidence": 0.79000000000000004
    }, 
    {
     "wordEnd": 134.5, 
     "wordId": "SO", 
     "wordStart": 134.09999999999999, 
     "wordConfidence": 1.0
    }, 
    {
     "wordEnd": 135.13999999999999, 
     "wordId": "LOOKING", 
     "wordStart": 134.77000000000001, 
     "wordConfidence": 1.0
    }, 
    {
     "wordEnd": 135.46000000000001, 
     "wordId": "AHEAD", 
     "wordStart": 135.13999999999999, 
     "wordConfidence": 1.0
    }, 
    {
     "wordEnd": 135.58000000000001, 
     "wordId": "TO", 
     "wordStart": 135.46000000000001, 
     "wordConfidence": 0.95999999999999996
    }, 
    {
     "wordEnd": 135.90000000000001, 
     "wordId": "TWENTY", 
     "wordStart": 135.58000000000001, 
     "wordConfidence": 1.0
    }, 
    {
     "wordEnd": 136.90000000000001, 
     "wordId": "SEVENTEEN", 
     "wordStart": 135.90000000000001, 
     "wordConfidence": 1.0
    }, 
    {
     "wordEnd": 137.72999999999999, 
     "wordId": "THERE", 
     "wordStart": 137.44, 
     "wordConfidence": 0.98999999999999999
    }, 
    {
     "wordEnd": 138.16999999999999, 
     "wordId": "SEEMS", 
     "wordStart": 137.72999999999999, 
     "wordConfidence": 1.0
    }, 
    {
     "wordEnd": 138.30000000000001, 
     "wordId": "TO", 
     "wordStart": 138.16999999999999, 
     "wordConfidence": 1.0
    }, 
    {
     "wordEnd": 138.52000000000001, 
     "wordId": "BE", 
     "wordStart": 138.30000000000001, 
     "wordConfidence": 1.0
    }, 
    {
     "wordEnd": 138.78999999999999, 
     "wordId": "THIS", 
     "wordStart": 138.52000000000001, 
     "wordConfidence": 1.0
    }, 
    {
     "wordEnd": 139.46000000000001, 
     "wordId": "PERCEPTION", 
     "wordStart": 138.78999999999999, 
     "wordConfidence": 1.0
    }, 
    {
     "wordEnd": 139.59999999999999, 
     "wordId": "IN", 
     "wordStart": 139.46000000000001, 
     "wordConfidence": 0.53000000000000003
    }, 
    {
     "wordEnd": 139.69, 
     "wordId": "THE", 
     "wordStart": 139.59999999999999, 
     "wordConfidence": 0.98999999999999999
    }, 
    {
     "wordEnd": 140.19999999999999, 
     "wordId": "MARKET", 
     "wordStart": 139.81999999999999, 
     "wordConfidence": 0.58999999999999997
    }, 
    {
     "wordEnd": 140.40000000000001, 
     "wordId": "THE", 
     "wordStart": 140.22, 
     "wordConfidence": 0.52000000000000002
    }, 
    {
     "wordEnd": 140.81999999999999, 
     "wordId": "TACK", 
     "wordStart": 140.41, 
     "wordConfidence": 0.28000000000000003
    }, 
    {
     "wordEnd": 141.28, 
     "wordId": "SKIRTS", 
     "wordStart": 140.86000000000001, 
     "wordConfidence": 0.55000000000000004
    }, 
    {
     "wordEnd": 141.75999999999999, 
     "wordId": "CARMEN", 
     "wordStart": 141.28999999999999, 
     "wordConfidence": 0.83999999999999997
    }, 
    {
     "wordEnd": 142.59999999999999, 
     "wordId": "JANUARY", 
     "wordStart": 141.77000000000001, 
     "wordConfidence": 1.0
    }, 
    {
     "wordEnd": 142.72, 
     "wordId": "AND", 
     "wordStart": 142.59999999999999, 
     "wordConfidence": 0.93000000000000005
    }, 
    {
     "wordEnd": 142.84, 
     "wordId": "THE", 
     "wordStart": 142.72, 
     "wordConfidence": 0.94999999999999996
    }, 
    {
     "wordEnd": 143.46000000000001, 
     "wordId": "ECONOMY", 
     "wordStart": 142.84, 
     "wordConfidence": 1.0
    }, 
    {
     "wordEnd": 144.00999999999999, 
     "wordId": "ROARS", 
     "wordStart": 143.46000000000001, 
     "wordConfidence": 1.0
    }, 
    {
     "wordEnd": 144.28, 
     "wordId": "FROM", 
     "wordStart": 144.00999999999999, 
     "wordConfidence": 1.0
    }, 
    {
     "wordEnd": 144.72, 
     "wordId": "THERE", 
     "wordStart": 144.28, 
     "wordConfidence": 0.91000000000000003
    }, 
    {
     "wordEnd": 145.88999999999999, 
     "wordId": "IN", 
     "wordStart": 145.53, 
     "wordConfidence": 0.94999999999999996
    }, 
    {
     "wordEnd": 146.47999999999999, 
     "wordId": "FACT", 
     "wordStart": 146.19999999999999, 
     "wordConfidence": 0.94999999999999996
    }, 
    {
     "wordEnd": 146.72999999999999, 
     "wordId": "BY", 
     "wordStart": 146.50999999999999, 
     "wordConfidence": 1.0
    }, 
    {
     "wordEnd": 146.88999999999999, 
     "wordId": "THE", 
     "wordStart": 146.72999999999999, 
     "wordConfidence": 1.0
    }, 
    {
     "wordEnd": 147.38, 
     "wordId": "TIME", 
     "wordStart": 146.88999999999999, 
     "wordConfidence": 1.0
    }, 
    {
     "wordEnd": 147.56999999999999, 
     "wordId": "THEY", 
     "wordStart": 147.38, 
     "wordConfidence": 0.78000000000000003
    }, 
    {
     "wordEnd": 147.99000000000001, 
     "wordId": "PERISH", 
     "wordStart": 147.61000000000001, 
     "wordConfidence": 0.40999999999999998
    }
   ], 
   "endTime": 148.19, 
   "speakerId": "s0001", 
   "startTime": 122.02
  }, 
  {
   "classId": "speech", 
   "spokenWords": [
    {
     "wordEnd": 148.83000000000001, 
     "wordId": "IN", 
     "wordStart": 148.69, 
     "wordConfidence": 0.62
    }, 
    {
     "wordEnd": 149.44999999999999, 
     "wordId": "HARMING", 
     "wordStart": 148.84999999999999, 
     "wordConfidence": 0.73999999999999999
    }, 
    {
     "wordEnd": 149.80000000000001, 
     "wordId": "ALL", 
     "wordStart": 149.44999999999999, 
     "wordConfidence": 1.0
    }, 
    {
     "wordEnd": 149.97, 
     "wordId": "OF", 
     "wordStart": 149.80000000000001, 
     "wordConfidence": 0.98999999999999999
    }, 
    {
     "wordEnd": 150.41999999999999, 
     "wordId": "TRANCE", 
     "wordStart": 149.97999999999999, 
     "wordConfidence": 0.80000000000000004
    }, 
    {
     "wordEnd": 151.36000000000001, 
     "wordId": "APPOINTMENT", 
     "wordStart": 150.41999999999999, 
     "wordConfidence": 0.97999999999999998
    }, 
    {
     "wordEnd": 151.90000000000001, 
     "wordId": "BY", 
     "wordStart": 151.69, 
     "wordConfidence": 1.0
    }, 
    {
     "wordEnd": 152.06, 
     "wordId": "THE", 
     "wordStart": 151.90000000000001, 
     "wordConfidence": 1.0
    }, 
    {
     "wordEnd": 152.52000000000001, 
     "wordId": "TIME", 
     "wordStart": 152.06, 
     "wordConfidence": 1.0
    }, 
    {
     "wordEnd": 152.69999999999999, 
     "wordId": "THEY", 
     "wordStart": 152.52000000000001, 
     "wordConfidence": 0.98999999999999999
    }, 
    {
     "wordEnd": 153.47, 
     "wordId": "FINISH", 
     "wordStart": 152.69999999999999, 
     "wordConfidence": 0.98999999999999999
    }, 
    {
     "wordEnd": 154.37, 
     "wordId": "ATTACKING", 
     "wordStart": 153.50999999999999, 
     "wordConfidence": 0.97999999999999998
    }, 
    {
     "wordEnd": 154.66, 
     "wordId": "AND", 
     "wordStart": 154.41, 
     "wordConfidence": 0.87
    }, 
    {
     "wordEnd": 155.18000000000001, 
     "wordId": "TEARING", 
     "wordStart": 154.66999999999999, 
     "wordConfidence": 1.0
    }, 
    {
     "wordEnd": 155.50999999999999, 
     "wordId": "DOWN", 
     "wordStart": 155.18000000000001, 
     "wordConfidence": 1.0
    }, 
    {
     "wordEnd": 155.59999999999999, 
     "wordId": "THE", 
     "wordStart": 155.50999999999999, 
     "wordConfidence": 0.90000000000000002
    }, 
    {
     "wordEnd": 155.71000000000001, 
     "wordId": "YOUR", 
     "wordStart": 155.59999999999999, 
     "wordConfidence": 0.80000000000000004
    }, 
    {
     "wordEnd": 156.19, 
     "wordId": "PORTABLE", 
     "wordStart": 155.71000000000001, 
     "wordConfidence": 1.0
    }, 
    {
     "wordEnd": 156.66, 
     "wordId": "CURE", 
     "wordStart": 156.19, 
     "wordConfidence": 0.34000000000000002
    }, 
    {
     "wordEnd": 157.09, 
     "wordId": "ACT", 
     "wordStart": 156.72999999999999, 
     "wordConfidence": 0.96999999999999997
    }, 
    {
     "wordEnd": 158.24000000000001, 
     "wordId": "ISIS", 
     "wordStart": 157.5, 
     "wordConfidence": 1.0
    }, 
    {
     "wordEnd": 158.69999999999999, 
     "wordId": "THAT", 
     "wordStart": 158.31, 
     "wordConfidence": 0.82999999999999996
    }, 
    {
     "wordEnd": 159.08000000000001, 
     "wordId": "THOSE", 
     "wordStart": 158.72999999999999, 
     "wordConfidence": 1.0
    }, 
    {
     "wordEnd": 159.53, 
     "wordId": "TURKS", 
     "wordStart": 159.09, 
     "wordConfidence": 0.29999999999999999
    }, 
    {
     "wordEnd": 160.06, 
     "wordId": "TONIGHT'S", 
     "wordStart": 159.56999999999999, 
     "wordConfidence": 0.23999999999999999
    }, 
    {
     "wordEnd": 160.77000000000001, 
     "wordId": "AREN'T", 
     "wordStart": 160.46000000000001, 
     "wordConfidence": 0.96999999999999997
    }, 
    {
     "wordEnd": 161.06, 
     "wordId": "GOING", 
     "wordStart": 160.78, 
     "wordConfidence": 1.0
    }, 
    {
     "wordEnd": 161.16, 
     "wordId": "TO", 
     "wordStart": 161.06, 
     "wordConfidence": 1.0
    }, 
    {
     "wordEnd": 161.66999999999999, 
     "wordId": "PARIS", 
     "wordStart": 161.18000000000001, 
     "wordConfidence": 0.53000000000000003
    }, 
    {
     "wordEnd": 162.09999999999999, 
     "wordId": "UNTIL", 
     "wordStart": 161.69999999999999, 
     "wordConfidence": 0.89000000000000001
    }, 
    {
     "wordEnd": 162.56999999999999, 
     "wordId": "OCTOBER", 
     "wordStart": 162.11000000000001, 
     "wordConfidence": 0.65000000000000002
    }
   ], 
   "endTime": 162.68000000000001, 
   "speakerId": "s0001", 
   "startTime": 148.61000000000001
  }
 ]
}
]
