[{
 "speakers": [
  "s0001"
 ], 
 "classes": [
  "speech"
 ], 
 "segments": [
  {
   "classId": "speech", 
   "spokenWords": [
    {
     "wordEnd": 0.26000000000000001, 
     "wordId": "THIS", 
     "wordStart": 0.050000000000000003, 
     "wordConfidence": 1.0
    }, 
    {
     "wordEnd": 0.38, 
     "wordId": "IS", 
     "wordStart": 0.26000000000000001, 
     "wordConfidence": 1.0
    }, 
    {
     "wordEnd": 0.46999999999999997, 
     "wordId": "THE", 
     "wordStart": 0.38, 
     "wordConfidence": 1.0
    }, 
    {
     "wordEnd": 0.65000000000000002, 
     "wordId": "WALL", 
     "wordStart": 0.46999999999999997, 
     "wordConfidence": 1.0
    }, 
    {
     "wordEnd": 0.96999999999999997, 
     "wordId": "STREET", 
     "wordStart": 0.65000000000000002, 
     "wordConfidence": 1.0
    }, 
    {
     "wordEnd": 1.3100000000000001, 
     "wordId": "UPDATE", 
     "wordStart": 0.96999999999999997, 
     "wordConfidence": 1.0
    }, 
    {
     "wordEnd": 1.73, 
     "wordId": "EDITION", 
     "wordStart": 1.3100000000000001, 
     "wordConfidence": 0.83999999999999997
    }, 
    {
     "wordEnd": 1.97, 
     "wordId": "OF", 
     "wordStart": 1.76, 
     "wordConfidence": 1.0
    }, 
    {
     "wordEnd": 2.3799999999999999, 
     "wordId": "WORLD", 
     "wordStart": 2.0, 
     "wordConfidence": 1.0
    }, 
    {
     "wordEnd": 2.7599999999999998, 
     "wordId": "BUSINESS", 
     "wordStart": 2.3799999999999999, 
     "wordConfidence": 1.0
    }, 
    {
     "wordEnd": 3.2799999999999998, 
     "wordId": "REPORT", 
     "wordStart": 2.7599999999999998, 
     "wordConfidence": 1.0
    }, 
    {
     "wordEnd": 3.79, 
     "wordId": "I'M", 
     "wordStart": 3.4500000000000002, 
     "wordConfidence": 1.0
    }, 
    {
     "wordEnd": 4.25, 
     "wordId": "SUSANNAH", 
     "wordStart": 3.79, 
     "wordConfidence": 0.68000000000000005
    }, 
    {
     "wordEnd": 4.8799999999999999, 
     "wordId": "STREETER", 
     "wordStart": 4.25, 
     "wordConfidence": 0.98999999999999999
    }, 
    {
     "wordEnd": 5.3300000000000001, 
     "wordId": "LET'S", 
     "wordStart": 5.0599999999999996, 
     "wordConfidence": 1.0
    }, 
    {
     "wordEnd": 5.5700000000000003, 
     "wordId": "CHECK", 
     "wordStart": 5.3300000000000001, 
     "wordConfidence": 1.0
    }, 
    {
     "wordEnd": 5.7000000000000002, 
     "wordId": "IN", 
     "wordStart": 5.5700000000000003, 
     "wordConfidence": 0.96999999999999997
    }, 
    {
     "wordEnd": 5.8399999999999999, 
     "wordId": "WITH", 
     "wordStart": 5.7000000000000002, 
     "wordConfidence": 1.0
    }, 
    {
     "wordEnd": 5.9299999999999997, 
     "wordId": "THE", 
     "wordStart": 5.8399999999999999, 
     "wordConfidence": 0.98999999999999999
    }, 
    {
     "wordEnd": 6.4199999999999999, 
     "wordId": "FINANCIAL", 
     "wordStart": 5.9299999999999997, 
     "wordConfidence": 1.0
    }, 
    {
     "wordEnd": 6.7699999999999996, 
     "wordId": "MARKETS", 
     "wordStart": 6.4199999999999999, 
     "wordConfidence": 1.0
    }, 
    {
     "wordEnd": 6.9400000000000004, 
     "wordId": "NOW", 
     "wordStart": 6.7699999999999996, 
     "wordConfidence": 0.37
    }, 
    {
     "wordEnd": 7.1200000000000001, 
     "wordId": "DE", 
     "wordStart": 6.9400000000000004, 
     "wordConfidence": 0.35999999999999999
    }, 
    {
     "wordEnd": 7.5099999999999998, 
     "wordId": "FRESH", 
     "wordStart": 7.1200000000000001, 
     "wordConfidence": 0.63
    }, 
    {
     "wordEnd": 7.8200000000000003, 
     "wordId": "RALLY", 
     "wordStart": 7.5099999999999998, 
     "wordConfidence": 0.93000000000000005
    }, 
    {
     "wordEnd": 7.9500000000000002, 
     "wordId": "ON", 
     "wordStart": 7.8200000000000003, 
     "wordConfidence": 0.87
    }, 
    {
     "wordEnd": 8.1699999999999999, 
     "wordId": "WALL", 
     "wordStart": 7.9500000000000002, 
     "wordConfidence": 1.0
    }, 
    {
     "wordEnd": 8.5999999999999996, 
     "wordId": "STREET", 
     "wordStart": 8.1699999999999999, 
     "wordConfidence": 1.0
    }, 
    {
     "wordEnd": 9.0800000000000001, 
     "wordId": "ALMOST", 
     "wordStart": 8.75, 
     "wordConfidence": 0.89000000000000001
    }, 
    {
     "wordEnd": 9.3900000000000006, 
     "wordId": "PETERED", 
     "wordStart": 9.0899999999999999, 
     "wordConfidence": 1.0
    }, 
    {
     "wordEnd": 9.6199999999999992, 
     "wordId": "OUT", 
     "wordStart": 9.3900000000000006, 
     "wordConfidence": 1.0
    }, 
    {
     "wordEnd": 9.6999999999999993, 
     "wordId": "NEAR", 
     "wordStart": 9.6199999999999992, 
     "wordConfidence": 0.68000000000000005
    }, 
    {
     "wordEnd": 9.8300000000000001, 
     "wordId": "THE", 
     "wordStart": 9.7200000000000006, 
     "wordConfidence": 1.0
    }, 
    {
     "wordEnd": 9.9700000000000006, 
     "wordId": "END", 
     "wordStart": 9.8300000000000001, 
     "wordConfidence": 1.0
    }, 
    {
     "wordEnd": 10.06, 
     "wordId": "OF", 
     "wordStart": 9.9700000000000006, 
     "wordConfidence": 1.0
    }, 
    {
     "wordEnd": 10.52, 
     "wordId": "TRADING", 
     "wordStart": 10.06, 
     "wordConfidence": 1.0
    }
   ], 
   "endTime": 10.6, 
   "speakerId": "s0001", 
   "startTime": 0.0
  }, 
  {
   "classId": "speech", 
   "spokenWords": [
    {
     "wordEnd": 11.44, 
     "wordId": "SCOTT", 
     "wordStart": 11.17, 
     "wordConfidence": 0.70999999999999996
    }, 
    {
     "wordEnd": 11.93, 
     "wordId": "NATIONS", 
     "wordStart": 11.44, 
     "wordConfidence": 0.48999999999999999
    }, 
    {
     "wordEnd": 12.18, 
     "wordId": "CHIEF", 
     "wordStart": 11.94, 
     "wordConfidence": 1.0
    }, 
    {
     "wordEnd": 12.68, 
     "wordId": "INVESTMENT", 
     "wordStart": 12.18, 
     "wordConfidence": 1.0
    }, 
    {
     "wordEnd": 12.949999999999999, 
     "wordId": "OFFICE", 
     "wordStart": 12.68, 
     "wordConfidence": 0.91000000000000003
    }, 
    {
     "wordEnd": 13.210000000000001, 
     "wordId": "SERVE", 
     "wordStart": 12.949999999999999, 
     "wordConfidence": 0.67000000000000004
    }, 
    {
     "wordEnd": 13.59, 
     "wordId": "NATION", 
     "wordStart": 13.210000000000001, 
     "wordConfidence": 1.0
    }, 
    {
     "wordEnd": 13.91, 
     "wordId": "SHARES", 
     "wordStart": 13.59, 
     "wordConfidence": 0.96999999999999997
    }, 
    {
     "wordEnd": 14.02, 
     "wordId": "IN", 
     "wordStart": 13.91, 
     "wordConfidence": 0.97999999999999998
    }, 
    {
     "wordEnd": 14.74, 
     "wordId": "CHICAGO", 
     "wordStart": 14.02, 
     "wordConfidence": 1.0
    }, 
    {
     "wordEnd": 15.23, 
     "wordId": "WHAT", 
     "wordStart": 14.970000000000001, 
     "wordConfidence": 1.0
    }, 
    {
     "wordEnd": 15.470000000000001, 
     "wordId": "PUSH", 
     "wordStart": 15.23, 
     "wordConfidence": 0.68000000000000005
    }, 
    {
     "wordEnd": 15.81, 
     "wordId": "STOCKS", 
     "wordStart": 15.470000000000001, 
     "wordConfidence": 0.35999999999999999
    }, 
    {
     "wordEnd": 16.129999999999999, 
     "wordId": "FORD", 
     "wordStart": 15.82, 
     "wordConfidence": 0.66000000000000003
    }, 
    {
     "wordEnd": 16.289999999999999, 
     "wordId": "EARLY", 
     "wordStart": 16.129999999999999, 
     "wordConfidence": 0.97999999999999998
    }, 
    {
     "wordEnd": 16.390000000000001, 
     "wordId": "IN", 
     "wordStart": 16.289999999999999, 
     "wordConfidence": 1.0
    }, 
    {
     "wordEnd": 16.48, 
     "wordId": "THE", 
     "wordStart": 16.390000000000001, 
     "wordConfidence": 1.0
    }, 
    {
     "wordEnd": 16.859999999999999, 
     "wordId": "DAY", 
     "wordStart": 16.48, 
     "wordConfidence": 1.0
    }, 
    {
     "wordEnd": 17.260000000000002, 
     "wordId": "AND", 
     "wordStart": 17.140000000000001, 
     "wordConfidence": 0.79000000000000004
    }, 
    {
     "wordEnd": 17.5, 
     "wordId": "WHY", 
     "wordStart": 17.34, 
     "wordConfidence": 0.77000000000000002
    }, 
    {
     "wordEnd": 17.600000000000001, 
     "wordId": "THE", 
     "wordStart": 17.5, 
     "wordConfidence": 0.97999999999999998
    }, 
    {
     "wordEnd": 17.949999999999999, 
     "wordId": "DANES", 
     "wordStart": 17.600000000000001, 
     "wordConfidence": 0.92000000000000004
    }, 
    {
     "wordEnd": 18.32, 
     "wordId": "TAILED", 
     "wordStart": 17.949999999999999, 
     "wordConfidence": 1.0
    }, 
    {
     "wordEnd": 18.789999999999999, 
     "wordId": "OFF", 
     "wordStart": 18.32, 
     "wordConfidence": 1.0
    }, 
    {
     "wordEnd": 19.210000000000001, 
     "wordId": "I", 
     "wordStart": 19.02, 
     "wordConfidence": 1.0
    }, 
    {
     "wordEnd": 19.510000000000002, 
     "wordId": "THINK", 
     "wordStart": 19.27, 
     "wordConfidence": 0.75
    }, 
    {
     "wordEnd": 19.93, 
     "wordId": "WE", 
     "wordStart": 19.75, 
     "wordConfidence": 0.95999999999999996
    }, 
    {
     "wordEnd": 20.149999999999999, 
     "wordId": "MUM", 
     "wordStart": 19.93, 
     "wordConfidence": 0.52000000000000002
    }, 
    {
     "wordEnd": 20.32, 
     "wordId": "WHEN", 
     "wordStart": 20.149999999999999, 
     "wordConfidence": 0.96999999999999997
    }, 
    {
     "wordEnd": 20.379999999999999, 
     "wordId": "I", 
     "wordStart": 20.32, 
     "wordConfidence": 1.0
    }, 
    {
     "wordEnd": 20.600000000000001, 
     "wordId": "WAS", 
     "wordStart": 20.379999999999999, 
     "wordConfidence": 1.0
    }, 
    {
     "wordEnd": 21.0, 
     "wordId": "WORKING", 
     "wordStart": 20.629999999999999, 
     "wordConfidence": 0.53000000000000003
    }, 
    {
     "wordEnd": 21.140000000000001, 
     "wordId": "AS", 
     "wordStart": 21.0, 
     "wordConfidence": 0.76000000000000001
    }, 
    {
     "wordEnd": 21.68, 
     "wordId": "A", 
     "wordStart": 21.170000000000002, 
     "wordConfidence": 0.89000000000000001
    }, 
    {
     "wordEnd": 22.27, 
     "wordId": "MOLLUSC", 
     "wordStart": 21.82, 
     "wordConfidence": 0.84999999999999998
    }, 
    {
     "wordEnd": 22.600000000000001, 
     "wordId": "OF", 
     "wordStart": 22.32, 
     "wordConfidence": 0.95999999999999996
    }, 
    {
     "wordEnd": 22.77, 
     "wordId": "THE", 
     "wordStart": 22.609999999999999, 
     "wordConfidence": 0.95999999999999996
    }, 
    {
     "wordEnd": 24.219999999999999, 
     "wordId": "FINISH", 
     "wordStart": 23.710000000000001, 
     "wordConfidence": 0.52000000000000002
    }, 
    {
     "wordEnd": 25.219999999999999, 
     "wordId": "MYRON", 
     "wordStart": 24.719999999999999, 
     "wordConfidence": 0.90000000000000002
    }, 
    {
     "wordEnd": 25.370000000000001, 
     "wordId": "WE", 
     "wordStart": 25.219999999999999, 
     "wordConfidence": 0.98999999999999999
    }, 
    {
     "wordEnd": 25.75, 
     "wordId": "HIRE", 
     "wordStart": 25.370000000000001, 
     "wordConfidence": 0.87
    }, 
    {
     "wordEnd": 26.0, 
     "wordId": "BUT", 
     "wordStart": 25.780000000000001, 
     "wordConfidence": 0.72999999999999998
    }, 
    {
     "wordEnd": 26.449999999999999, 
     "wordId": "MIGRANT", 
     "wordStart": 26.170000000000002, 
     "wordConfidence": 0.54000000000000004
    }, 
    {
     "wordEnd": 26.800000000000001, 
     "wordId": "WORKERS", 
     "wordStart": 26.5, 
     "wordConfidence": 0.53000000000000003
    }, 
    {
     "wordEnd": 27.170000000000002, 
     "wordId": "EQUAL", 
     "wordStart": 26.84, 
     "wordConfidence": 0.66000000000000003
    }, 
    {
     "wordEnd": 27.350000000000001, 
     "wordId": "TO", 
     "wordStart": 27.199999999999999, 
     "wordConfidence": 0.94999999999999996
    }, 
    {
     "wordEnd": 27.530000000000001, 
     "wordId": "THE", 
     "wordStart": 27.34, 
     "wordConfidence": 1.0
    }, 
    {
     "wordEnd": 27.66, 
     "wordId": "END", 
     "wordStart": 27.530000000000001, 
     "wordConfidence": 1.0
    }, 
    {
     "wordEnd": 27.77, 
     "wordId": "OF", 
     "wordStart": 27.66, 
     "wordConfidence": 1.0
    }, 
    {
     "wordEnd": 27.93, 
     "wordId": "OUR", 
     "wordStart": 27.77, 
     "wordConfidence": 0.97999999999999998
    }, 
    {
     "wordEnd": 28.280000000000001, 
     "wordId": "ERA", 
     "wordStart": 27.969999999999999, 
     "wordConfidence": 0.91000000000000003
    }
   ], 
   "endTime": 28.359999999999999, 
   "speakerId": "s0001", 
   "startTime": 11.06
  }, 
  {
   "classId": "speech", 
   "spokenWords": [
    {
     "wordEnd": 29.530000000000001, 
     "wordId": "THE", 
     "wordStart": 29.399999999999999, 
     "wordConfidence": 0.93000000000000005
    }, 
    {
     "wordEnd": 29.789999999999999, 
     "wordId": "COVER", 
     "wordStart": 29.530000000000001, 
     "wordConfidence": 0.53000000000000003
    }, 
    {
     "wordEnd": 30.239999999999998, 
     "wordId": "OPTIONS", 
     "wordStart": 29.809999999999999, 
     "wordConfidence": 0.64000000000000001
    }, 
    {
     "wordEnd": 30.449999999999999, 
     "wordId": "HAD", 
     "wordStart": 30.289999999999999, 
     "wordConfidence": 0.97999999999999998
    }, 
    {
     "wordEnd": 31.030000000000001, 
     "wordId": "EXPIRED", 
     "wordStart": 30.460000000000001, 
     "wordConfidence": 1.0
    }, 
    {
     "wordEnd": 31.57, 
     "wordId": "LAST", 
     "wordStart": 31.210000000000001, 
     "wordConfidence": 0.85999999999999999
    }, 
    {
     "wordEnd": 31.890000000000001, 
     "wordId": "WEEK", 
     "wordStart": 31.579999999999998, 
     "wordConfidence": 0.89000000000000001
    }, 
    {
     "wordEnd": 32.100000000000001, 
     "wordId": "THAT", 
     "wordStart": 31.899999999999999, 
     "wordConfidence": 0.94999999999999996
    }, 
    {
     "wordEnd": 32.329999999999998, 
     "wordId": "WAS", 
     "wordStart": 32.109999999999999, 
     "wordConfidence": 0.94999999999999996
    }, 
    {
     "wordEnd": 32.560000000000002, 
     "wordId": "THE", 
     "wordStart": 32.399999999999999, 
     "wordConfidence": 1.0
    }, 
    {
     "wordEnd": 32.670000000000002, 
     "wordId": "END", 
     "wordStart": 32.560000000000002, 
     "wordConfidence": 1.0
    }, 
    {
     "wordEnd": 32.75, 
     "wordId": "OF", 
     "wordStart": 32.670000000000002, 
     "wordConfidence": 1.0
    }, 
    {
     "wordEnd": 32.840000000000003, 
     "wordId": "THE", 
     "wordStart": 32.75, 
     "wordConfidence": 0.97999999999999998
    }, 
    {
     "wordEnd": 33.039999999999999, 
     "wordId": "YEAR", 
     "wordStart": 32.840000000000003, 
     "wordConfidence": 0.73999999999999999
    }, 
    {
     "wordEnd": 33.420000000000002, 
     "wordId": "MANY", 
     "wordStart": 33.189999999999998, 
     "wordConfidence": 0.47999999999999998
    }, 
    {
     "wordEnd": 33.890000000000001, 
     "wordId": "TRAITOR", 
     "wordStart": 33.43, 
     "wordConfidence": 0.67000000000000004
    }
   ], 
   "endTime": 33.960000000000001, 
   "speakerId": "s0001", 
   "startTime": 28.789999999999999
  }, 
  {
   "classId": "speech", 
   "spokenWords": [
    {
     "wordEnd": 34.710000000000001, 
     "wordId": "SO", 
     "wordStart": 34.57, 
     "wordConfidence": 0.46999999999999997
    }, 
    {
     "wordEnd": 34.920000000000002, 
     "wordId": "I", 
     "wordStart": 34.780000000000001, 
     "wordConfidence": 0.81000000000000005
    }, 
    {
     "wordEnd": 35.170000000000002, 
     "wordId": "THINK", 
     "wordStart": 34.920000000000002, 
     "wordConfidence": 0.81000000000000005
    }, 
    {
     "wordEnd": 35.490000000000002, 
     "wordId": "ARE", 
     "wordStart": 35.280000000000001, 
     "wordConfidence": 0.27000000000000002
    }, 
    {
     "wordEnd": 35.740000000000002, 
     "wordId": "JUST", 
     "wordStart": 35.509999999999998, 
     "wordConfidence": 1.0
    }, 
    {
     "wordEnd": 35.990000000000002, 
     "wordId": "BEING", 
     "wordStart": 35.740000000000002, 
     "wordConfidence": 1.0
    }, 
    {
     "wordEnd": 36.43, 
     "wordId": "CAREFUL", 
     "wordStart": 35.990000000000002, 
     "wordConfidence": 0.98999999999999999
    }, 
    {
     "wordEnd": 36.609999999999999, 
     "wordId": "NO", 
     "wordStart": 36.43, 
     "wordConfidence": 1.0
    }, 
    {
     "wordEnd": 36.829999999999998, 
     "wordId": "ONE", 
     "wordStart": 36.609999999999999, 
     "wordConfidence": 1.0
    }, 
    {
     "wordEnd": 37.049999999999997, 
     "wordId": "WANTS", 
     "wordStart": 36.829999999999998, 
     "wordConfidence": 1.0
    }, 
    {
     "wordEnd": 37.170000000000002, 
     "wordId": "TO", 
     "wordStart": 37.049999999999997, 
     "wordConfidence": 1.0
    }, 
    {
     "wordEnd": 37.68, 
     "wordId": "GO", 
     "wordStart": 37.170000000000002, 
     "wordConfidence": 1.0
    }, 
    {
     "wordEnd": 38.210000000000001, 
     "wordId": "HOME", 
     "wordStart": 37.740000000000002, 
     "wordConfidence": 1.0
    }, 
    {
     "wordEnd": 38.43, 
     "wordId": "YEAH", 
     "wordStart": 38.240000000000002, 
     "wordConfidence": 0.68999999999999995
    }, 
    {
     "wordEnd": 38.939999999999998, 
     "wordId": "THE", 
     "wordStart": 38.810000000000002, 
     "wordConfidence": 0.94999999999999996
    }, 
    {
     "wordEnd": 39.670000000000002, 
     "wordId": "HOLIDAY", 
     "wordStart": 39.100000000000001, 
     "wordConfidence": 0.58999999999999997
    }, 
    {
     "wordEnd": 40.340000000000003, 
     "wordId": "WHICH", 
     "wordStart": 40.009999999999998, 
     "wordConfidence": 0.97999999999999998
    }, 
    {
     "wordEnd": 40.75, 
     "wordId": "WITH", 
     "wordStart": 40.509999999999998, 
     "wordConfidence": 0.64000000000000001
    }, 
    {
     "wordEnd": 40.990000000000002, 
     "wordId": "MUCH", 
     "wordStart": 40.759999999999998, 
     "wordConfidence": 1.0
    }, 
    {
     "wordEnd": 41.100000000000001, 
     "wordId": "OF", 
     "wordStart": 40.990000000000002, 
     "wordConfidence": 0.97999999999999998
    }, 
    {
     "wordEnd": 41.200000000000003, 
     "wordId": "HER", 
     "wordStart": 41.100000000000001, 
     "wordConfidence": 0.92000000000000004
    }, 
    {
     "wordEnd": 41.789999999999999, 
     "wordId": "POSSESSIONS", 
     "wordStart": 41.200000000000003, 
     "wordConfidence": 0.93999999999999995
    }, 
    {
     "wordEnd": 41.880000000000003, 
     "wordId": "ON", 
     "wordStart": 41.789999999999999, 
     "wordConfidence": 0.52000000000000002
    }, 
    {
     "wordEnd": 42.0, 
     "wordId": "THE", 
     "wordStart": 41.869999999999997, 
     "wordConfidence": 0.95999999999999996
    }, 
    {
     "wordEnd": 42.259999999999998, 
     "wordId": "TRUCK", 
     "wordStart": 42.0, 
     "wordConfidence": 0.94999999999999996
    }, 
    {
     "wordEnd": 42.549999999999997, 
     "wordId": "TODAY", 
     "wordStart": 42.259999999999998, 
     "wordConfidence": 1.0
    }, 
    {
     "wordEnd": 42.659999999999997, 
     "wordId": "AT", 
     "wordStart": 42.549999999999997, 
     "wordConfidence": 0.92000000000000004
    }, 
    {
     "wordEnd": 42.740000000000002, 
     "wordId": "AN", 
     "wordStart": 42.659999999999997, 
     "wordConfidence": 0.88
    }, 
    {
     "wordEnd": 43.32, 
     "wordId": "ARCHERY", 
     "wordStart": 42.740000000000002, 
     "wordConfidence": 1.0
    }, 
    {
     "wordEnd": 43.520000000000003, 
     "wordId": "TO", 
     "wordStart": 43.32, 
     "wordConfidence": 0.62
    }, 
    {
     "wordEnd": 43.719999999999999, 
     "wordId": "SCALE", 
     "wordStart": 43.520000000000003, 
     "wordConfidence": 0.63
    }, 
    {
     "wordEnd": 44.030000000000001, 
     "wordId": "BACK", 
     "wordStart": 43.719999999999999, 
     "wordConfidence": 1.0
    }, 
    {
     "wordEnd": 44.119999999999997, 
     "wordId": "A", 
     "wordStart": 44.030000000000001, 
     "wordConfidence": 0.93999999999999995
    }, 
    {
     "wordEnd": 44.310000000000002, 
     "wordId": "BIT", 
     "wordStart": 44.119999999999997, 
     "wordConfidence": 0.93999999999999995
    }, 
    {
     "wordEnd": 44.799999999999997, 
     "wordId": "AND", 
     "wordStart": 44.630000000000003, 
     "wordConfidence": 0.95999999999999996
    }, 
    {
     "wordEnd": 45.350000000000001, 
     "wordId": "ALSO", 
     "wordStart": 44.829999999999998, 
     "wordConfidence": 0.78000000000000003
    }, 
    {
     "wordEnd": 45.700000000000003, 
     "wordId": "THERE", 
     "wordStart": 45.380000000000003, 
     "wordConfidence": 1.0
    }, 
    {
     "wordEnd": 45.899999999999999, 
     "wordId": "WAS", 
     "wordStart": 45.700000000000003, 
     "wordConfidence": 1.0
    }, 
    {
     "wordEnd": 46.280000000000001, 
     "wordId": "NEWS", 
     "wordStart": 45.899999999999999, 
     "wordConfidence": 1.0
    }, 
    {
     "wordEnd": 46.390000000000001, 
     "wordId": "OF", 
     "wordStart": 46.280000000000001, 
     "wordConfidence": 1.0
    }, 
    {
     "wordEnd": 46.450000000000003, 
     "wordId": "A", 
     "wordStart": 46.390000000000001, 
     "wordConfidence": 1.0
    }, 
    {
     "wordEnd": 47.090000000000003, 
     "wordId": "SUSPECTED", 
     "wordStart": 46.450000000000003, 
     "wordConfidence": 1.0
    }, 
    {
     "wordEnd": 47.609999999999999, 
     "wordId": "TERRORIST", 
     "wordStart": 47.090000000000003, 
     "wordConfidence": 1.0
    }
   ], 
   "endTime": 47.850000000000001, 
   "speakerId": "s0001", 
   "startTime": 34.460000000000001
  }, 
  {
   "classId": "speech", 
   "spokenWords": [
    {
     "wordEnd": 48.859999999999999, 
     "wordId": "IN", 
     "wordStart": 48.640000000000001, 
     "wordConfidence": 1.0
    }, 
    {
     "wordEnd": 49.399999999999999, 
     "wordId": "BERLIN", 
     "wordStart": 48.859999999999999, 
     "wordConfidence": 1.0
    }, 
    {
     "wordEnd": 49.539999999999999, 
     "wordId": "THAT", 
     "wordStart": 49.399999999999999, 
     "wordConfidence": 0.98999999999999999
    }, 
    {
     "wordEnd": 49.909999999999997, 
     "wordId": "CAME", 
     "wordStart": 49.539999999999999, 
     "wordConfidence": 1.0
    }, 
    {
     "wordEnd": 50.039999999999999, 
     "wordId": "IN", 
     "wordStart": 49.909999999999997, 
     "wordConfidence": 1.0
    }, 
    {
     "wordEnd": 50.200000000000003, 
     "wordId": "NEAR", 
     "wordStart": 50.039999999999999, 
     "wordConfidence": 0.98999999999999999
    }, 
    {
     "wordEnd": 50.399999999999999, 
     "wordId": "THE", 
     "wordStart": 50.200000000000003, 
     "wordConfidence": 1.0
    }, 
    {
     "wordEnd": 50.93, 
     "wordId": "END", 
     "wordStart": 50.43, 
     "wordConfidence": 1.0
    }, 
    {
     "wordEnd": 51.409999999999997, 
     "wordId": "OF", 
     "wordStart": 51.229999999999997, 
     "wordConfidence": 1.0
    }, 
    {
     "wordEnd": 51.520000000000003, 
     "wordId": "THE", 
     "wordStart": 51.409999999999997, 
     "wordConfidence": 0.79000000000000004
    }, 
    {
     "wordEnd": 52.009999999999998, 
     "wordId": "SESSION", 
     "wordStart": 51.520000000000003, 
     "wordConfidence": 1.0
    }, 
    {
     "wordEnd": 52.240000000000002, 
     "wordId": "WHAT", 
     "wordStart": 52.039999999999999, 
     "wordConfidence": 1.0
    }, 
    {
     "wordEnd": 52.539999999999999, 
     "wordId": "EFFECT", 
     "wordStart": 52.240000000000002, 
     "wordConfidence": 1.0
    }, 
    {
     "wordEnd": 52.689999999999998, 
     "wordId": "DID", 
     "wordStart": 52.539999999999999, 
     "wordConfidence": 1.0
    }, 
    {
     "wordEnd": 52.890000000000001, 
     "wordId": "THAT", 
     "wordStart": 52.689999999999998, 
     "wordConfidence": 1.0
    }, 
    {
     "wordEnd": 53.07, 
     "wordId": "HAVE", 
     "wordStart": 52.890000000000001, 
     "wordConfidence": 1.0
    }, 
    {
     "wordEnd": 53.219999999999999, 
     "wordId": "ON", 
     "wordStart": 53.07, 
     "wordConfidence": 1.0
    }, 
    {
     "wordEnd": 53.880000000000003, 
     "wordId": "STOCKS", 
     "wordStart": 53.219999999999999, 
     "wordConfidence": 1.0
    }
   ], 
   "endTime": 54.109999999999999, 
   "speakerId": "s0001", 
   "startTime": 48.560000000000002
  }, 
  {
   "classId": "speech", 
   "spokenWords": [
    {
     "wordEnd": 54.869999999999997, 
     "wordId": "WELL", 
     "wordStart": 54.590000000000003, 
     "wordConfidence": 0.96999999999999997
    }, 
    {
     "wordEnd": 55.030000000000001, 
     "wordId": "YEAH", 
     "wordStart": 54.880000000000003, 
     "wordConfidence": 0.70999999999999996
    }, 
    {
     "wordEnd": 55.329999999999998, 
     "wordId": "BUT", 
     "wordStart": 55.090000000000003, 
     "wordConfidence": 0.80000000000000004
    }, 
    {
     "wordEnd": 55.719999999999999, 
     "wordId": "CERTAINLY", 
     "wordStart": 55.369999999999997, 
     "wordConfidence": 0.73999999999999999
    }, 
    {
     "wordEnd": 56.590000000000003, 
     "wordId": "UNFORTUNATE", 
     "wordStart": 55.729999999999997, 
     "wordConfidence": 1.0
    }, 
    {
     "wordEnd": 57.280000000000001, 
     "wordId": "IN", 
     "wordStart": 56.960000000000001, 
     "wordConfidence": 1.0
    }, 
    {
     "wordEnd": 57.340000000000003, 
     "wordId": "THE", 
     "wordStart": 57.280000000000001, 
     "wordConfidence": 1.0
    }, 
    {
     "wordEnd": 57.75, 
     "wordId": "UNITED", 
     "wordStart": 57.340000000000003, 
     "wordConfidence": 1.0
    }, 
    {
     "wordEnd": 58.130000000000003, 
     "wordId": "STATES", 
     "wordStart": 57.75, 
     "wordConfidence": 1.0
    }, 
    {
     "wordEnd": 58.369999999999997, 
     "wordId": "WE'VE", 
     "wordStart": 58.159999999999997, 
     "wordConfidence": 0.68999999999999995
    }, 
    {
     "wordEnd": 58.960000000000001, 
     "wordId": "BECOME", 
     "wordStart": 58.380000000000003, 
     "wordConfidence": 1.0
    }, 
    {
     "wordEnd": 60.57, 
     "wordId": "UNFORTUNATELY", 
     "wordStart": 59.810000000000002, 
     "wordConfidence": 0.95999999999999996
    }, 
    {
     "wordEnd": 60.850000000000001, 
     "wordId": "USED", 
     "wordStart": 60.579999999999998, 
     "wordConfidence": 1.0
    }, 
    {
     "wordEnd": 60.969999999999999, 
     "wordId": "TO", 
     "wordStart": 60.850000000000001, 
     "wordConfidence": 1.0
    }, 
    {
     "wordEnd": 61.189999999999998, 
     "wordId": "SOME", 
     "wordStart": 60.969999999999999, 
     "wordConfidence": 1.0
    }, 
    {
     "wordEnd": 61.350000000000001, 
     "wordId": "OF", 
     "wordStart": 61.189999999999998, 
     "wordConfidence": 1.0
    }, 
    {
     "wordEnd": 61.810000000000002, 
     "wordId": "THESE", 
     "wordStart": 61.350000000000001, 
     "wordConfidence": 0.64000000000000001
    }, 
    {
     "wordEnd": 62.189999999999998, 
     "wordId": "AND", 
     "wordStart": 62.090000000000003, 
     "wordConfidence": 0.58999999999999997
    }, 
    {
     "wordEnd": 62.520000000000003, 
     "wordId": "WE'RE", 
     "wordStart": 62.350000000000001, 
     "wordConfidence": 0.87
    }, 
    {
     "wordEnd": 62.780000000000001, 
     "wordId": "NOT", 
     "wordStart": 62.520000000000003, 
     "wordConfidence": 0.98999999999999999
    }, 
    {
     "wordEnd": 62.990000000000002, 
     "wordId": "GOING", 
     "wordStart": 62.780000000000001, 
     "wordConfidence": 0.88
    }, 
    {
     "wordEnd": 63.079999999999998, 
     "wordId": "TO", 
     "wordStart": 62.990000000000002, 
     "wordConfidence": 0.84999999999999998
    }, 
    {
     "wordEnd": 63.530000000000001, 
     "wordId": "REACT", 
     "wordStart": 63.079999999999998, 
     "wordConfidence": 0.96999999999999997
    }, 
    {
     "wordEnd": 63.719999999999999, 
     "wordId": "LIKE", 
     "wordStart": 63.539999999999999, 
     "wordConfidence": 0.98999999999999999
    }, 
    {
     "wordEnd": 63.859999999999999, 
     "wordId": "WE", 
     "wordStart": 63.719999999999999, 
     "wordConfidence": 1.0
    }, 
    {
     "wordEnd": 64.140000000000001, 
     "wordId": "MIGHT", 
     "wordStart": 63.859999999999999, 
     "wordConfidence": 1.0
    }, 
    {
     "wordEnd": 64.420000000000002, 
     "wordId": "HAVE", 
     "wordStart": 64.140000000000001, 
     "wordConfidence": 1.0
    }, 
    {
     "wordEnd": 64.480000000000004, 
     "wordId": "A", 
     "wordStart": 64.420000000000002, 
     "wordConfidence": 1.0
    }, 
    {
     "wordEnd": 64.790000000000006, 
     "wordId": "FEW", 
     "wordStart": 64.480000000000004, 
     "wordConfidence": 1.0
    }, 
    {
     "wordEnd": 65.109999999999999, 
     "wordId": "YEARS", 
     "wordStart": 64.790000000000006, 
     "wordConfidence": 1.0
    }, 
    {
     "wordEnd": 65.629999999999995, 
     "wordId": "AGO", 
     "wordStart": 65.109999999999999, 
     "wordConfidence": 1.0
    }, 
    {
     "wordEnd": 66.329999999999998, 
     "wordId": "CERTAINLY", 
     "wordStart": 65.950000000000003, 
     "wordConfidence": 1.0
    }, 
    {
     "wordEnd": 67.200000000000003, 
     "wordId": "DISAPPOINTING", 
     "wordStart": 66.329999999999998, 
     "wordConfidence": 1.0
    }, 
    {
     "wordEnd": 67.780000000000001, 
     "wordId": "THE", 
     "wordStart": 67.5, 
     "wordConfidence": 1.0
    }, 
    {
     "wordEnd": 68.299999999999997, 
     "wordId": "HOPI", 
     "wordStart": 67.870000000000005, 
     "wordConfidence": 0.34999999999999998
    }, 
    {
     "wordEnd": 68.799999999999997, 
     "wordId": "FINISHED", 
     "wordStart": 68.340000000000003, 
     "wordConfidence": 0.97999999999999998
    }, 
    {
     "wordEnd": 69.890000000000001, 
     "wordId": "OCCUPIED", 
     "wordStart": 69.189999999999998, 
     "wordConfidence": 0.88
    }, 
    {
     "wordEnd": 70.079999999999998, 
     "wordId": "BY", 
     "wordStart": 69.930000000000007, 
     "wordConfidence": 1.0
    }, 
    {
     "wordEnd": 70.439999999999998, 
     "wordId": "ABOUT", 
     "wordStart": 70.079999999999998, 
     "wordConfidence": 1.0
    }, 
    {
     "wordEnd": 70.790000000000006, 
     "wordId": "FIVE", 
     "wordStart": 70.469999999999999, 
     "wordConfidence": 0.98999999999999999
    }, 
    {
     "wordEnd": 71.150000000000006, 
     "wordId": "WHY", 
     "wordStart": 70.900000000000006, 
     "wordConfidence": 0.56999999999999995
    }
   ], 
   "endTime": 71.230000000000004, 
   "speakerId": "s0001", 
   "startTime": 54.509999999999998
  }, 
  {
   "classId": "speech", 
   "spokenWords": [
    {
     "wordEnd": 72.359999999999999, 
     "wordId": "BUT", 
     "wordStart": 72.150000000000006, 
     "wordConfidence": 1.0
    }, 
    {
     "wordEnd": 73.010000000000005, 
     "wordId": "ALL", 
     "wordStart": 72.620000000000005, 
     "wordConfidence": 1.0
    }, 
    {
     "wordEnd": 73.150000000000006, 
     "wordId": "OF", 
     "wordStart": 73.010000000000005, 
     "wordConfidence": 1.0
    }, 
    {
     "wordEnd": 73.230000000000004, 
     "wordId": "THE", 
     "wordStart": 73.150000000000006, 
     "wordConfidence": 0.98999999999999999
    }, 
    {
     "wordEnd": 73.560000000000002, 
     "wordId": "MAJOR", 
     "wordStart": 73.230000000000004, 
     "wordConfidence": 1.0
    }, 
    {
     "wordEnd": 74.260000000000005, 
     "wordId": "INDEXES", 
     "wordStart": 73.560000000000002, 
     "wordConfidence": 0.98999999999999999
    }, 
    {
     "wordEnd": 75.219999999999999, 
     "wordId": "ENDED", 
     "wordStart": 74.920000000000002, 
     "wordConfidence": 1.0
    }, 
    {
     "wordEnd": 75.409999999999997, 
     "wordId": "UP", 
     "wordStart": 75.219999999999999, 
     "wordConfidence": 1.0
    }, 
    {
     "wordEnd": 76.099999999999994, 
     "wordId": "SELLING", 
     "wordStart": 75.620000000000005, 
     "wordConfidence": 0.82999999999999996
    }, 
    {
     "wordEnd": 76.739999999999995, 
     "wordId": "MODERATELY", 
     "wordStart": 76.170000000000002, 
     "wordConfidence": 1.0
    }, 
    {
     "wordEnd": 77.060000000000002, 
     "wordId": "HIYA", 
     "wordStart": 76.739999999999995, 
     "wordConfidence": 0.44
    }
   ], 
   "endTime": 77.120000000000005, 
   "speakerId": "s0001", 
   "startTime": 71.819999999999993
  }, 
  {
   "classId": "speech", 
   "spokenWords": [
    {
     "wordEnd": 78.409999999999997, 
     "wordId": "TRADING", 
     "wordStart": 77.980000000000004, 
     "wordConfidence": 1.0
    }, 
    {
     "wordEnd": 78.719999999999999, 
     "wordId": "IS", 
     "wordStart": 78.450000000000003, 
     "wordConfidence": 0.97999999999999998
    }, 
    {
     "wordEnd": 79.049999999999997, 
     "wordId": "QUITE", 
     "wordStart": 78.719999999999999, 
     "wordConfidence": 1.0
    }, 
    {
     "wordEnd": 79.310000000000002, 
     "wordId": "LIKE", 
     "wordStart": 79.049999999999997, 
     "wordConfidence": 0.78000000000000003
    }, 
    {
     "wordEnd": 79.390000000000001, 
     "wordId": "THAT", 
     "wordStart": 79.310000000000002, 
     "wordConfidence": 0.72999999999999998
    }, 
    {
     "wordEnd": 79.480000000000004, 
     "wordId": "AT", 
     "wordStart": 79.390000000000001, 
     "wordConfidence": 0.95999999999999996
    }, 
    {
     "wordEnd": 79.540000000000006, 
     "wordId": "THE", 
     "wordStart": 79.480000000000004, 
     "wordConfidence": 1.0
    }, 
    {
     "wordEnd": 79.900000000000006, 
     "wordId": "MOMENT", 
     "wordStart": 79.540000000000006, 
     "wordConfidence": 1.0
    }, 
    {
     "wordEnd": 80.150000000000006, 
     "wordId": "ISN'T", 
     "wordStart": 79.900000000000006, 
     "wordConfidence": 1.0
    }, 
    {
     "wordEnd": 80.469999999999999, 
     "wordId": "IT", 
     "wordStart": 80.150000000000006, 
     "wordConfidence": 1.0
    }, 
    {
     "wordEnd": 81.5, 
     "wordId": "IT", 
     "wordStart": 81.329999999999998, 
     "wordConfidence": 1.0
    }, 
    {
     "wordEnd": 81.680000000000007, 
     "wordId": "IS", 
     "wordStart": 81.5, 
     "wordConfidence": 1.0
    }, 
    {
     "wordEnd": 81.959999999999994, 
     "wordId": "QUITE", 
     "wordStart": 81.680000000000007, 
     "wordConfidence": 1.0
    }, 
    {
     "wordEnd": 82.239999999999995, 
     "wordId": "WORRIED", 
     "wordStart": 81.959999999999994, 
     "wordConfidence": 0.95999999999999996
    }, 
    {
     "wordEnd": 82.340000000000003, 
     "wordId": "AND", 
     "wordStart": 82.239999999999995, 
     "wordConfidence": 0.82999999999999996
    }, 
    {
     "wordEnd": 82.510000000000005, 
     "wordId": "IT", 
     "wordStart": 82.340000000000003, 
     "wordConfidence": 0.98999999999999999
    }, 
    {
     "wordEnd": 82.730000000000004, 
     "wordId": "WILL", 
     "wordStart": 82.510000000000005, 
     "wordConfidence": 1.0
    }, 
    {
     "wordEnd": 83.0, 
     "wordId": "BE", 
     "wordStart": 82.730000000000004, 
     "wordConfidence": 1.0
    }, 
    {
     "wordEnd": 83.269999999999996, 
     "wordId": "WHY", 
     "wordStart": 83.069999999999993, 
     "wordConfidence": 0.72999999999999998
    }, 
    {
     "wordEnd": 83.409999999999997, 
     "wordId": "DO", 
     "wordStart": 83.269999999999996, 
     "wordConfidence": 0.98999999999999999
    }, 
    {
     "wordEnd": 83.5, 
     "wordId": "I", 
     "wordStart": 83.420000000000002, 
     "wordConfidence": 0.95999999999999996
    }, 
    {
     "wordEnd": 83.760000000000005, 
     "wordId": "MEAN", 
     "wordStart": 83.5, 
     "wordConfidence": 0.95999999999999996
    }, 
    {
     "wordEnd": 84.099999999999994, 
     "wordId": "YOU'RE", 
     "wordStart": 83.810000000000002, 
     "wordConfidence": 0.95999999999999996
    }, 
    {
     "wordEnd": 84.609999999999999, 
     "wordId": "HERE", 
     "wordStart": 84.310000000000002, 
     "wordConfidence": 0.57999999999999996
    }, 
    {
     "wordEnd": 85.109999999999999, 
     "wordId": "THANK", 
     "wordStart": 84.959999999999994, 
     "wordConfidence": 0.41999999999999998
    }, 
    {
     "wordEnd": 85.260000000000005, 
     "wordId": "YOU", 
     "wordStart": 85.159999999999997, 
     "wordConfidence": 0.46999999999999997
    }, 
    {
     "wordEnd": 85.510000000000005, 
     "wordId": "GREAT", 
     "wordStart": 85.260000000000005, 
     "wordConfidence": 0.92000000000000004
    }, 
    {
     "wordEnd": 85.700000000000003, 
     "wordId": "ONE", 
     "wordStart": 85.510000000000005, 
     "wordConfidence": 1.0
    }, 
    {
     "wordEnd": 86.120000000000005, 
     "wordId": "INTERESTING", 
     "wordStart": 85.700000000000003, 
     "wordConfidence": 1.0
    }, 
    {
     "wordEnd": 86.359999999999999, 
     "wordId": "THING", 
     "wordStart": 86.120000000000005, 
     "wordConfidence": 1.0
    }, 
    {
     "wordEnd": 86.519999999999996, 
     "wordId": "IS", 
     "wordStart": 86.359999999999999, 
     "wordConfidence": 1.0
    }, 
    {
     "wordEnd": 86.659999999999997, 
     "wordId": "THAT", 
     "wordStart": 86.519999999999996, 
     "wordConfidence": 1.0
    }, 
    {
     "wordEnd": 86.819999999999993, 
     "wordId": "WE", 
     "wordStart": 86.659999999999997, 
     "wordConfidence": 1.0
    }, 
    {
     "wordEnd": 87.090000000000003, 
     "wordId": "DID", 
     "wordStart": 86.840000000000003, 
     "wordConfidence": 0.66000000000000003
    }, 
    {
     "wordEnd": 87.329999999999998, 
     "wordId": "HAVE", 
     "wordStart": 87.099999999999994, 
     "wordConfidence": 1.0
    }, 
    {
     "wordEnd": 87.420000000000002, 
     "wordId": "A", 
     "wordStart": 87.329999999999998, 
     "wordConfidence": 1.0
    }, 
    {
     "wordEnd": 87.579999999999998, 
     "wordId": "BIT", 
     "wordStart": 87.420000000000002, 
     "wordConfidence": 1.0
    }, 
    {
     "wordEnd": 87.670000000000002, 
     "wordId": "OF", 
     "wordStart": 87.579999999999998, 
     "wordConfidence": 1.0
    }, 
    {
     "wordEnd": 87.769999999999996, 
     "wordId": "A", 
     "wordStart": 87.670000000000002, 
     "wordConfidence": 1.0
    }, 
    {
     "wordEnd": 88.069999999999993, 
     "wordId": "WEED", 
     "wordStart": 87.810000000000002, 
     "wordConfidence": 0.70999999999999996
    }, 
    {
     "wordEnd": 88.810000000000002, 
     "wordId": "IT'S", 
     "wordStart": 88.549999999999997, 
     "wordConfidence": 0.62
    }, 
    {
     "wordEnd": 89.25, 
     "wordId": "INURED", 
     "wordStart": 88.879999999999995, 
     "wordConfidence": 0.68000000000000005
    }, 
    {
     "wordEnd": 89.519999999999996, 
     "wordId": "NO", 
     "wordStart": 89.260000000000005, 
     "wordConfidence": 0.64000000000000001
    }, 
    {
     "wordEnd": 89.709999999999994, 
     "wordId": "WE", 
     "wordStart": 89.540000000000006, 
     "wordConfidence": 1.0
    }, 
    {
     "wordEnd": 90.040000000000006, 
     "wordId": "THOUGHT", 
     "wordStart": 89.709999999999994, 
     "wordConfidence": 0.91000000000000003
    }, 
    {
     "wordEnd": 90.400000000000006, 
     "wordId": "EITHER", 
     "wordStart": 90.090000000000003, 
     "wordConfidence": 0.41999999999999998
    }, 
    {
     "wordEnd": 91.040000000000006, 
     "wordId": "ICES", 
     "wordStart": 90.439999999999998, 
     "wordConfidence": 0.81999999999999995
    }, 
    {
     "wordEnd": 91.719999999999999, 
     "wordId": "OR", 
     "wordStart": 91.519999999999996, 
     "wordConfidence": 0.56000000000000005
    }, 
    {
     "wordEnd": 92.120000000000005, 
     "wordId": "TIME", 
     "wordStart": 91.840000000000003, 
     "wordConfidence": 0.71999999999999997
    }, 
    {
     "wordEnd": 92.370000000000005, 
     "wordId": "IN", 
     "wordStart": 92.159999999999997, 
     "wordConfidence": 0.62
    }, 
    {
     "wordEnd": 92.640000000000001, 
     "wordId": "SOME", 
     "wordStart": 92.370000000000005, 
     "wordConfidence": 0.95999999999999996
    }, 
    {
     "wordEnd": 92.980000000000004, 
     "wordId": "TIME", 
     "wordStart": 92.640000000000001, 
     "wordConfidence": 0.85999999999999999
    }, 
    {
     "wordEnd": 93.099999999999994, 
     "wordId": "IT", 
     "wordStart": 92.980000000000004, 
     "wordConfidence": 0.81999999999999995
    }, 
    {
     "wordEnd": 93.340000000000003, 
     "wordId": "SEEMS", 
     "wordStart": 93.099999999999994, 
     "wordConfidence": 0.42999999999999999
    }, 
    {
     "wordEnd": 93.530000000000001, 
     "wordId": "LIKE", 
     "wordStart": 93.359999999999999, 
     "wordConfidence": 1.0
    }, 
    {
     "wordEnd": 93.650000000000006, 
     "wordId": "THE", 
     "wordStart": 93.530000000000001, 
     "wordConfidence": 1.0
    }, 
    {
     "wordEnd": 93.879999999999995, 
     "wordId": "TEN", 
     "wordStart": 93.650000000000006, 
     "wordConfidence": 0.28000000000000003
    }, 
    {
     "wordEnd": 94.030000000000001, 
     "wordId": "YOU'RE", 
     "wordStart": 93.879999999999995, 
     "wordConfidence": 0.68000000000000005
    }, 
    {
     "wordEnd": 94.379999999999995, 
     "wordId": "NO", 
     "wordStart": 94.030000000000001, 
     "wordConfidence": 0.79000000000000004
    }, 
    {
     "wordEnd": 95.209999999999994, 
     "wordId": "TREASURY", 
     "wordStart": 94.810000000000002, 
     "wordConfidence": 0.81999999999999995
    }, 
    {
     "wordEnd": 95.489999999999995, 
     "wordId": "NOTE", 
     "wordStart": 95.200000000000003, 
     "wordConfidence": 0.83999999999999997
    }, 
    {
     "wordEnd": 95.739999999999995, 
     "wordId": "NOW", 
     "wordStart": 95.510000000000005, 
     "wordConfidence": 0.98999999999999999
    }, 
    {
     "wordEnd": 95.989999999999995, 
     "wordId": "WANTS", 
     "wordStart": 95.739999999999995, 
     "wordConfidence": 0.44
    }, 
    {
     "wordEnd": 96.140000000000001, 
     "wordId": "TO", 
     "wordStart": 96.019999999999996, 
     "wordConfidence": 0.65000000000000002
    }, 
    {
     "wordEnd": 96.319999999999993, 
     "wordId": "KNOW", 
     "wordStart": 96.140000000000001, 
     "wordConfidence": 0.65000000000000002
    }
   ], 
   "endTime": 96.430000000000007, 
   "speakerId": "s0001", 
   "startTime": 77.799999999999997
  }, 
  {
   "classId": "speech", 
   "spokenWords": [
    {
     "wordEnd": 97.290000000000006, 
     "wordId": "BOTTOM", 
     "wordStart": 96.939999999999998, 
     "wordConfidence": 0.57999999999999996
    }, 
    {
     "wordEnd": 97.370000000000005, 
     "wordId": "A", 
     "wordStart": 97.299999999999997, 
     "wordConfidence": 1.0
    }, 
    {
     "wordEnd": 97.590000000000003, 
     "wordId": "LITTLE", 
     "wordStart": 97.370000000000005, 
     "wordConfidence": 1.0
    }, 
    {
     "wordEnd": 97.849999999999994, 
     "wordId": "BIT", 
     "wordStart": 97.590000000000003, 
     "wordConfidence": 1.0
    }, 
    {
     "wordEnd": 98.629999999999995, 
     "wordId": "REBOUND", 
     "wordStart": 98.010000000000005, 
     "wordConfidence": 0.68000000000000005
    }, 
    {
     "wordEnd": 99.189999999999998, 
     "wordId": "THAT", 
     "wordStart": 98.959999999999994, 
     "wordConfidence": 0.81999999999999995
    }, 
    {
     "wordEnd": 99.510000000000005, 
     "wordId": "MEANS", 
     "wordStart": 99.219999999999999, 
     "wordConfidence": 0.79000000000000004
    }, 
    {
     "wordEnd": 99.739999999999995, 
     "wordId": "THAT", 
     "wordStart": 99.519999999999996, 
     "wordConfidence": 0.78000000000000003
    }, 
    {
     "wordEnd": 99.989999999999995, 
     "wordId": "YOUR", 
     "wordStart": 99.760000000000005, 
     "wordConfidence": 0.40999999999999998
    }, 
    {
     "wordEnd": 100.15000000000001, 
     "wordId": "GREW", 
     "wordStart": 99.980000000000004, 
     "wordConfidence": 0.55000000000000004
    }, 
    {
     "wordEnd": 100.27, 
     "wordId": "A", 
     "wordStart": 100.20999999999999, 
     "wordConfidence": 0.97999999999999998
    }, 
    {
     "wordEnd": 100.48, 
     "wordId": "LITTLE", 
     "wordStart": 100.27, 
     "wordConfidence": 0.97999999999999998
    }, 
    {
     "wordEnd": 100.72, 
     "wordId": "BIT", 
     "wordStart": 100.48, 
     "wordConfidence": 0.97999999999999998
    }, 
    {
     "wordEnd": 101.05, 
     "wordId": "MORE", 
     "wordStart": 100.72, 
     "wordConfidence": 0.82999999999999996
    }, 
    {
     "wordEnd": 101.22, 
     "wordId": "AND", 
     "wordStart": 101.06, 
     "wordConfidence": 0.71999999999999997
    }, 
    {
     "wordEnd": 101.40000000000001, 
     "wordId": "THEY'LL", 
     "wordStart": 101.20999999999999, 
     "wordConfidence": 0.83999999999999997
    }, 
    {
     "wordEnd": 101.78, 
     "wordId": "ALSO", 
     "wordStart": 101.41, 
     "wordConfidence": 0.97999999999999998
    }, 
    {
     "wordEnd": 102.48999999999999, 
     "wordId": "STARTS", 
     "wordStart": 102.03, 
     "wordConfidence": 0.97999999999999998
    }, 
    {
     "wordEnd": 102.65000000000001, 
     "wordId": "YOUR", 
     "wordStart": 102.48999999999999, 
     "wordConfidence": 0.64000000000000001
    }, 
    {
     "wordEnd": 102.92, 
     "wordId": "UNITED", 
     "wordStart": 102.69, 
     "wordConfidence": 0.54000000000000004
    }, 
    {
     "wordEnd": 103.40000000000001, 
     "wordId": "STATES", 
     "wordStart": 103.06, 
     "wordConfidence": 0.46000000000000002
    }
   ], 
   "endTime": 103.42, 
   "speakerId": "s0001", 
   "startTime": 96.859999999999999
  }, 
  {
   "classId": "speech", 
   "spokenWords": [
    {
     "wordEnd": 104.2, 
     "wordId": "AND", 
     "wordStart": 104.08, 
     "wordConfidence": 0.91000000000000003
    }, 
    {
     "wordEnd": 104.34, 
     "wordId": "THAT", 
     "wordStart": 104.20999999999999, 
     "wordConfidence": 1.0
    }, 
    {
     "wordEnd": 104.45, 
     "wordId": "WAS", 
     "wordStart": 104.34, 
     "wordConfidence": 1.0
    }, 
    {
     "wordEnd": 104.70999999999999, 
     "wordId": "SCOTT", 
     "wordStart": 104.45, 
     "wordConfidence": 0.95999999999999996
    }, 
    {
     "wordEnd": 105.31, 
     "wordId": "NATIONS", 
     "wordStart": 104.70999999999999, 
     "wordConfidence": 0.47999999999999998
    }, 
    {
     "wordEnd": 105.63, 
     "wordId": "CHIEF", 
     "wordStart": 105.31, 
     "wordConfidence": 1.0
    }, 
    {
     "wordEnd": 106.16, 
     "wordId": "INVESTMENT", 
     "wordStart": 105.66, 
     "wordConfidence": 1.0
    }, 
    {
     "wordEnd": 106.42, 
     "wordId": "OFFICE", 
     "wordStart": 106.16, 
     "wordConfidence": 0.79000000000000004
    }, 
    {
     "wordEnd": 106.62, 
     "wordId": "SERVE", 
     "wordStart": 106.42, 
     "wordConfidence": 0.56000000000000005
    }, 
    {
     "wordEnd": 106.98999999999999, 
     "wordId": "NATION", 
     "wordStart": 106.63, 
     "wordConfidence": 1.0
    }, 
    {
     "wordEnd": 107.40000000000001, 
     "wordId": "SHARES", 
     "wordStart": 106.98999999999999, 
     "wordConfidence": 1.0
    }, 
    {
     "wordEnd": 107.8, 
     "wordId": "IN", 
     "wordStart": 107.44, 
     "wordConfidence": 1.0
    }, 
    {
     "wordEnd": 108.73999999999999, 
     "wordId": "CHICAGO", 
     "wordStart": 107.87, 
     "wordConfidence": 1.0
    }, 
    {
     "wordEnd": 109.29000000000001, 
     "wordId": "LET", 
     "wordStart": 109.08, 
     "wordConfidence": 1.0
    }, 
    {
     "wordEnd": 109.37, 
     "wordId": "ME", 
     "wordStart": 109.29000000000001, 
     "wordConfidence": 1.0
    }, 
    {
     "wordEnd": 109.53, 
     "wordId": "GIVE", 
     "wordStart": 109.37, 
     "wordConfidence": 1.0
    }, 
    {
     "wordEnd": 109.64, 
     "wordId": "YOU", 
     "wordStart": 109.53, 
     "wordConfidence": 1.0
    }, 
    {
     "wordEnd": 109.73999999999999, 
     "wordId": "THE", 
     "wordStart": 109.64, 
     "wordConfidence": 1.0
    }, 
    {
     "wordEnd": 110.06999999999999, 
     "wordId": "LATEST", 
     "wordStart": 109.73999999999999, 
     "wordConfidence": 1.0
    }, 
    {
     "wordEnd": 110.33, 
     "wordId": "NUMBERS", 
     "wordStart": 110.06999999999999, 
     "wordConfidence": 0.98999999999999999
    }, 
    {
     "wordEnd": 110.63, 
     "wordId": "NOW", 
     "wordStart": 110.33, 
     "wordConfidence": 0.98999999999999999
    }, 
    {
     "wordEnd": 111.13, 
     "wordId": "FROM", 
     "wordStart": 110.81999999999999, 
     "wordConfidence": 1.0
    }, 
    {
     "wordEnd": 111.27, 
     "wordId": "THEIR", 
     "wordStart": 111.13, 
     "wordConfidence": 0.68000000000000005
    }, 
    {
     "wordEnd": 111.77, 
     "wordId": "FINANCIAL", 
     "wordStart": 111.27, 
     "wordConfidence": 1.0
    }, 
    {
     "wordEnd": 112.33, 
     "wordId": "MARKETS", 
     "wordStart": 111.77, 
     "wordConfidence": 0.98999999999999999
    }
   ], 
   "endTime": 112.34999999999999, 
   "speakerId": "s0001", 
   "startTime": 104.02
  }, 
  {
   "classId": "speech", 
   "spokenWords": [
    {
     "wordEnd": 113.40000000000001, 
     "wordId": "STREET", 
     "wordStart": 113.17, 
     "wordConfidence": 0.52000000000000002
    }, 
    {
     "wordEnd": 113.56, 
     "wordId": "THAT", 
     "wordStart": 113.42, 
     "wordConfidence": 0.68000000000000005
    }, 
    {
     "wordEnd": 113.67, 
     "wordId": "I", 
     "wordStart": 113.56, 
     "wordConfidence": 0.68999999999999995
    }, 
    {
     "wordEnd": 113.81, 
     "wordId": "WAS", 
     "wordStart": 113.67, 
     "wordConfidence": 0.87
    }, 
    {
     "wordEnd": 113.91, 
     "wordId": "AT", 
     "wordStart": 113.81, 
     "wordConfidence": 0.42999999999999999
    }, 
    {
     "wordEnd": 114.16, 
     "wordId": "POINT", 
     "wordStart": 113.91, 
     "wordConfidence": 0.82999999999999996
    }, 
    {
     "wordEnd": 114.31999999999999, 
     "wordId": "TWO", 
     "wordStart": 114.16, 
     "wordConfidence": 1.0
    }, 
    {
     "wordEnd": 114.41, 
     "wordId": "PER", 
     "wordStart": 114.31999999999999, 
     "wordConfidence": 0.77000000000000002
    }, 
    {
     "wordEnd": 114.65000000000001, 
     "wordId": "CENT", 
     "wordStart": 114.41, 
     "wordConfidence": 0.77000000000000002
    }, 
    {
     "wordEnd": 114.73999999999999, 
     "wordId": "AT", 
     "wordStart": 114.65000000000001, 
     "wordConfidence": 0.97999999999999998
    }, 
    {
     "wordEnd": 115.12, 
     "wordId": "NINETEEN", 
     "wordStart": 114.73999999999999, 
     "wordConfidence": 1.0
    }, 
    {
     "wordEnd": 115.47, 
     "wordId": "THOUSAND", 
     "wordStart": 115.12, 
     "wordConfidence": 1.0
    }, 
    {
     "wordEnd": 115.76000000000001, 
     "wordId": "EIGHT", 
     "wordStart": 115.5, 
     "wordConfidence": 1.0
    }, 
    {
     "wordEnd": 116.06, 
     "wordId": "HUNDRED", 
     "wordStart": 115.76000000000001, 
     "wordConfidence": 1.0
    }, 
    {
     "wordEnd": 116.16, 
     "wordId": "AND", 
     "wordStart": 116.06, 
     "wordConfidence": 0.88
    }, 
    {
     "wordEnd": 116.53, 
     "wordId": "EIGHTY", 
     "wordStart": 116.19, 
     "wordConfidence": 1.0
    }, 
    {
     "wordEnd": 116.94, 
     "wordId": "THREE", 
     "wordStart": 116.53, 
     "wordConfidence": 1.0
    }, 
    {
     "wordEnd": 117.14, 
     "wordId": "AND", 
     "wordStart": 116.97, 
     "wordConfidence": 1.0
    }, 
    {
     "wordEnd": 117.26000000000001, 
     "wordId": "AT", 
     "wordStart": 117.14, 
     "wordConfidence": 1.0
    }, 
    {
     "wordEnd": 117.39, 
     "wordId": "THE", 
     "wordStart": 117.26000000000001, 
     "wordConfidence": 1.0
    }, 
    {
     "wordEnd": 117.54000000000001, 
     "wordId": "END", 
     "wordStart": 117.39, 
     "wordConfidence": 1.0
    }, 
    {
     "wordEnd": 117.62, 
     "wordId": "OF", 
     "wordStart": 117.54000000000001, 
     "wordConfidence": 1.0
    }, 
    {
     "wordEnd": 117.70999999999999, 
     "wordId": "THE", 
     "wordStart": 117.62, 
     "wordConfidence": 1.0
    }, 
    {
     "wordEnd": 117.89, 
     "wordId": "DAY", 
     "wordStart": 117.70999999999999, 
     "wordConfidence": 1.0
    }, 
    {
     "wordEnd": 117.95999999999999, 
     "wordId": "IN", 
     "wordStart": 117.89, 
     "wordConfidence": 0.93000000000000005
    }, 
    {
     "wordEnd": 118.29000000000001, 
     "wordId": "LONDON", 
     "wordStart": 117.97, 
     "wordConfidence": 1.0
    }, 
    {
     "wordEnd": 118.36, 
     "wordId": "THE", 
     "wordStart": 118.29000000000001, 
     "wordConfidence": 0.80000000000000004
    }, 
    {
     "wordEnd": 118.52, 
     "wordId": "ONE", 
     "wordStart": 118.36, 
     "wordConfidence": 1.0
    }, 
    {
     "wordEnd": 118.8, 
     "wordId": "HUNDRED", 
     "wordStart": 118.52, 
     "wordConfidence": 1.0
    }, 
    {
     "wordEnd": 119.04000000000001, 
     "wordId": "CHURNED", 
     "wordStart": 118.81, 
     "wordConfidence": 0.51000000000000001
    }, 
    {
     "wordEnd": 119.19, 
     "wordId": "X.", 
     "wordStart": 119.04000000000001, 
     "wordConfidence": 0.62
    }, 
    {
     "wordEnd": 119.34999999999999, 
     "wordId": "WAS", 
     "wordStart": 119.2, 
     "wordConfidence": 0.92000000000000004
    }, 
    {
     "wordEnd": 119.5, 
     "wordId": "AT", 
     "wordStart": 119.34, 
     "wordConfidence": 0.56000000000000005
    }, 
    {
     "wordEnd": 119.86, 
     "wordId": "POINT", 
     "wordStart": 119.51000000000001, 
     "wordConfidence": 1.0
    }, 
    {
     "wordEnd": 120.03, 
     "wordId": "ONE", 
     "wordStart": 119.86, 
     "wordConfidence": 1.0
    }, 
    {
     "wordEnd": 120.29000000000001, 
     "wordId": "PER", 
     "wordStart": 120.03, 
     "wordConfidence": 0.56000000000000005
    }, 
    {
     "wordEnd": 120.47, 
     "wordId": "CENT", 
     "wordStart": 120.29000000000001, 
     "wordConfidence": 0.56000000000000005
    }, 
    {
     "wordEnd": 120.89, 
     "wordId": "THAT'S", 
     "wordStart": 120.7, 
     "wordConfidence": 0.96999999999999997
    }, 
    {
     "wordEnd": 121.06999999999999, 
     "wordId": "SEVEN", 
     "wordStart": 120.89, 
     "wordConfidence": 1.0
    }, 
    {
     "wordEnd": 121.47, 
     "wordId": "THOUSAND", 
     "wordStart": 121.06999999999999, 
     "wordConfidence": 1.0
    }, 
    {
     "wordEnd": 121.76000000000001, 
     "wordId": "AND", 
     "wordStart": 121.51000000000001, 
     "wordConfidence": 1.0
    }, 
    {
     "wordEnd": 122.43000000000001, 
     "wordId": "SEVENTEEN", 
     "wordStart": 121.76000000000001, 
     "wordConfidence": 0.97999999999999998
    }, 
    {
     "wordEnd": 122.97, 
     "wordId": "THANK", 
     "wordStart": 122.59999999999999, 
     "wordConfidence": 1.0
    }, 
    {
     "wordEnd": 123.04000000000001, 
     "wordId": "YOU", 
     "wordStart": 122.97, 
     "wordConfidence": 1.0
    }, 
    {
     "wordEnd": 123.19, 
     "wordId": "FOR", 
     "wordStart": 123.04000000000001, 
     "wordConfidence": 1.0
    }, 
    {
     "wordEnd": 123.81, 
     "wordId": "DOWNLOADING", 
     "wordStart": 123.19, 
     "wordConfidence": 1.0
    }, 
    {
     "wordEnd": 123.97, 
     "wordId": "FROM", 
     "wordStart": 123.81, 
     "wordConfidence": 1.0
    }, 
    {
     "wordEnd": 124.06, 
     "wordId": "THE", 
     "wordStart": 123.97, 
     "wordConfidence": 1.0
    }, 
    {
     "wordEnd": 124.52, 
     "wordId": "B.B.C.", 
     "wordStart": 124.06, 
     "wordConfidence": 1.0
    }, 
    {
     "wordEnd": 124.8, 
     "wordId": "WORLD", 
     "wordStart": 124.52, 
     "wordConfidence": 1.0
    }, 
    {
     "wordEnd": 125.31, 
     "wordId": "SERVICE", 
     "wordStart": 124.8, 
     "wordConfidence": 1.0
    }, 
    {
     "wordEnd": 125.51000000000001, 
     "wordId": "YOU", 
     "wordStart": 125.40000000000001, 
     "wordConfidence": 0.96999999999999997
    }, 
    {
     "wordEnd": 125.65000000000001, 
     "wordId": "CAN", 
     "wordStart": 125.51000000000001, 
     "wordConfidence": 1.0
    }, 
    {
     "wordEnd": 126.01000000000001, 
     "wordId": "FIND", 
     "wordStart": 125.65000000000001, 
     "wordConfidence": 1.0
    }, 
    {
     "wordEnd": 126.06999999999999, 
     "wordId": "A", 
     "wordStart": 126.01000000000001, 
     "wordConfidence": 1.0
    }, 
    {
     "wordEnd": 126.29000000000001, 
     "wordId": "WHOLE", 
     "wordStart": 126.06999999999999, 
     "wordConfidence": 1.0
    }, 
    {
     "wordEnd": 126.66, 
     "wordId": "WORLD", 
     "wordStart": 126.29000000000001, 
     "wordConfidence": 1.0
    }, 
    {
     "wordEnd": 126.75, 
     "wordId": "OF", 
     "wordStart": 126.66, 
     "wordConfidence": 1.0
    }, 
    {
     "wordEnd": 127.48999999999999, 
     "wordId": "INFORMATION", 
     "wordStart": 126.75, 
     "wordConfidence": 0.98999999999999999
    }, 
    {
     "wordEnd": 127.79000000000001, 
     "wordId": "FROM", 
     "wordStart": 127.48999999999999, 
     "wordConfidence": 1.0
    }, 
    {
     "wordEnd": 128.43000000000001, 
     "wordId": "SCIENCE", 
     "wordStart": 127.79000000000001, 
     "wordConfidence": 0.97999999999999998
    }, 
    {
     "wordEnd": 129.0, 
     "wordId": "ARTS", 
     "wordStart": 128.46000000000001, 
     "wordConfidence": 0.98999999999999999
    }, 
    {
     "wordEnd": 129.66999999999999, 
     "wordId": "BUSINESS", 
     "wordStart": 129.19999999999999, 
     "wordConfidence": 1.0
    }, 
    {
     "wordEnd": 129.81999999999999, 
     "wordId": "AND", 
     "wordStart": 129.66999999999999, 
     "wordConfidence": 0.98999999999999999
    }, 
    {
     "wordEnd": 130.50999999999999, 
     "wordId": "TECHNOLOGY", 
     "wordStart": 129.81999999999999, 
     "wordConfidence": 1.0
    }, 
    {
     "wordEnd": 131.0, 
     "wordId": "JUST", 
     "wordStart": 130.78, 
     "wordConfidence": 0.93999999999999995
    }, 
    {
     "wordEnd": 131.15000000000001, 
     "wordId": "GO", 
     "wordStart": 131.0, 
     "wordConfidence": 1.0
    }, 
    {
     "wordEnd": 131.43000000000001, 
     "wordId": "TO", 
     "wordStart": 131.15000000000001, 
     "wordConfidence": 0.98999999999999999
    }, 
    {
     "wordEnd": 131.97999999999999, 
     "wordId": "B.B.C.", 
     "wordStart": 131.43000000000001, 
     "wordConfidence": 1.0
    }, 
    {
     "wordEnd": 132.25, 
     "wordId": "WORLD", 
     "wordStart": 131.97999999999999, 
     "wordConfidence": 1.0
    }, 
    {
     "wordEnd": 132.59, 
     "wordId": "SERVICE", 
     "wordStart": 132.25, 
     "wordConfidence": 1.0
    }, 
    {
     "wordEnd": 132.77000000000001, 
     "wordId": "DOT", 
     "wordStart": 132.59, 
     "wordConfidence": 1.0
    }, 
    {
     "wordEnd": 133.11000000000001, 
     "wordId": "COM", 
     "wordStart": 132.77000000000001, 
     "wordConfidence": 1.0
    }, 
    {
     "wordEnd": 133.77000000000001, 
     "wordId": "SLASH", 
     "wordStart": 133.21000000000001, 
     "wordConfidence": 1.0
    }, 
    {
     "wordEnd": 134.53, 
     "wordId": "PODCAST", 
     "wordStart": 133.80000000000001, 
     "wordConfidence": 0.73999999999999999
    }
   ], 
   "endTime": 134.56999999999999, 
   "speakerId": "s0001", 
   "startTime": 113.09999999999999
  }
 ]
}
]
