[{
 "speakers": [
  "s0002", 
  "s0001", 
  "s0004", 
  "s0003"
 ], 
 "classes": [
  "speech"
 ], 
 "segments": [
  {
   "classId": "speech", 
   "spokenWords": [
    {
     "wordEnd": 0.60999999999999999, 
     "wordId": "LISTENING", 
     "wordStart": 0.26000000000000001, 
     "wordConfidence": 1.0
    }, 
    {
     "wordEnd": 0.75, 
     "wordId": "TO", 
     "wordStart": 0.60999999999999999, 
     "wordConfidence": 1.0
    }, 
    {
     "wordEnd": 0.81000000000000005, 
     "wordId": "A", 
     "wordStart": 0.75, 
     "wordConfidence": 1.0
    }, 
    {
     "wordEnd": 1.0900000000000001, 
     "wordId": "POT", 
     "wordStart": 0.81000000000000005, 
     "wordConfidence": 1.0
    }, 
    {
     "wordEnd": 1.45, 
     "wordId": "COST", 
     "wordStart": 1.0900000000000001, 
     "wordConfidence": 1.0
    }, 
    {
     "wordEnd": 1.6100000000000001, 
     "wordId": "FROM", 
     "wordStart": 1.45, 
     "wordConfidence": 1.0
    }, 
    {
     "wordEnd": 1.7, 
     "wordId": "THE", 
     "wordStart": 1.6100000000000001, 
     "wordConfidence": 1.0
    }, 
    {
     "wordEnd": 2.0, 
     "wordId": "TODAY", 
     "wordStart": 1.7, 
     "wordConfidence": 1.0
    }, 
    {
     "wordEnd": 2.48, 
     "wordId": "PROGRAM", 
     "wordStart": 2.0, 
     "wordConfidence": 1.0
    }, 
    {
     "wordEnd": 2.7599999999999998, 
     "wordId": "ON", 
     "wordStart": 2.5099999999999998, 
     "wordConfidence": 1.0
    }, 
    {
     "wordEnd": 3.3999999999999999, 
     "wordId": "B.B.C.", 
     "wordStart": 2.7999999999999998, 
     "wordConfidence": 1.0
    }, 
    {
     "wordEnd": 3.79, 
     "wordId": "RADIO", 
     "wordStart": 3.3999999999999999, 
     "wordConfidence": 1.0
    }, 
    {
     "wordEnd": 4.2000000000000002, 
     "wordId": "FALL", 
     "wordStart": 3.79, 
     "wordConfidence": 1.0
    }
   ], 
   "endTime": 4.2599999999999998, 
   "speakerId": "s0002", 
   "startTime": 0.26000000000000001
  }, 
  {
   "classId": "speech", 
   "spokenWords": [
    {
     "wordEnd": 6.6799999999999997, 
     "wordId": "FOR", 
     "wordStart": 6.4500000000000002, 
     "wordConfidence": 0.65000000000000002
    }, 
    {
     "wordEnd": 6.8399999999999999, 
     "wordId": "THIS", 
     "wordStart": 6.7300000000000004, 
     "wordConfidence": 0.84999999999999998
    }, 
    {
     "wordEnd": 7.0899999999999999, 
     "wordId": "SPRING", 
     "wordStart": 6.8399999999999999, 
     "wordConfidence": 1.0
    }
   ], 
   "endTime": 7.1100000000000003, 
   "speakerId": "s0001", 
   "startTime": 4.2599999999999998
  }, 
  {
   "classId": "speech", 
   "spokenWords": [
    {
     "wordEnd": 9.2100000000000009, 
     "wordId": "NO", 
     "wordStart": 9.0299999999999994, 
     "wordConfidence": 1.0
    }, 
    {
     "wordEnd": 9.6199999999999992, 
     "wordId": "DOUBT", 
     "wordStart": 9.3200000000000003, 
     "wordConfidence": 1.0
    }
   ], 
   "endTime": 9.6400000000000006, 
   "speakerId": "s0004", 
   "startTime": 7.1200000000000001
  }, 
  {
   "classId": "speech", 
   "spokenWords": [
    {
     "wordEnd": 11.279999999999999, 
     "wordId": "OUTSIDE", 
     "wordStart": 10.82, 
     "wordConfidence": 1.0
    }, 
    {
     "wordEnd": 11.43, 
     "wordId": "IT", 
     "wordStart": 11.279999999999999, 
     "wordConfidence": 1.0
    }, 
    {
     "wordEnd": 11.77, 
     "wordId": "IS", 
     "wordStart": 11.43, 
     "wordConfidence": 1.0
    }
   ], 
   "endTime": 12.23, 
   "speakerId": "s0003", 
   "startTime": 9.6400000000000006
  }, 
  {
   "classId": "speech", 
   "spokenWords": [
    {
     "wordEnd": 12.970000000000001, 
     "wordId": "HOCKEY", 
     "wordStart": 12.23, 
     "wordConfidence": 1.0
    }, 
    {
     "wordEnd": 13.94, 
     "wordId": "INSIDE", 
     "wordStart": 13.33, 
     "wordConfidence": 1.0
    }, 
    {
     "wordEnd": 14.140000000000001, 
     "wordId": "IT'S", 
     "wordStart": 13.94, 
     "wordConfidence": 1.0
    }, 
    {
     "wordEnd": 14.800000000000001, 
     "wordId": "WARM", 
     "wordStart": 14.140000000000001, 
     "wordConfidence": 1.0
    }
   ], 
   "endTime": 14.82, 
   "speakerId": "s0001", 
   "startTime": 12.23
  }, 
  {
   "classId": "speech", 
   "spokenWords": [
    {
     "wordEnd": 15.210000000000001, 
     "wordId": "DAMP", 
     "wordStart": 14.82, 
     "wordConfidence": 1.0
    }, 
    {
     "wordEnd": 15.92, 
     "wordId": "AND", 
     "wordStart": 15.779999999999999, 
     "wordConfidence": 1.0
    }, 
    {
     "wordEnd": 16.050000000000001, 
     "wordId": "WHEN", 
     "wordStart": 15.92, 
     "wordConfidence": 1.0
    }, 
    {
     "wordEnd": 16.120000000000001, 
     "wordId": "THE", 
     "wordStart": 16.050000000000001, 
     "wordConfidence": 1.0
    }, 
    {
     "wordEnd": 16.620000000000001, 
     "wordId": "COUNTLESS", 
     "wordStart": 16.120000000000001, 
     "wordConfidence": 1.0
    }, 
    {
     "wordEnd": 17.0, 
     "wordId": "LET'S", 
     "wordStart": 16.620000000000001, 
     "wordConfidence": 0.98999999999999999
    }
   ], 
   "endTime": 17.02, 
   "speakerId": "s0003", 
   "startTime": 14.82
  }, 
  {
   "classId": "speech", 
   "spokenWords": [
    {
     "wordEnd": 18.390000000000001, 
     "wordId": "VERY", 
     "wordStart": 17.879999999999999, 
     "wordConfidence": 1.0
    }, 
    {
     "wordEnd": 19.0, 
     "wordId": "VERY", 
     "wordStart": 18.550000000000001, 
     "wordConfidence": 1.0
    }, 
    {
     "wordEnd": 19.559999999999999, 
     "wordId": "THINK", 
     "wordStart": 19.239999999999998, 
     "wordConfidence": 1.0
    }
   ], 
   "endTime": 20.539999999999999, 
   "speakerId": "s0003", 
   "startTime": 17.879999999999999
  }, 
  {
   "classId": "speech", 
   "spokenWords": [
    {
     "wordEnd": 21.030000000000001, 
     "wordId": "INVOLVED", 
     "wordStart": 20.539999999999999, 
     "wordConfidence": 1.0
    }, 
    {
     "wordEnd": 21.559999999999999, 
     "wordId": "BANK", 
     "wordStart": 21.100000000000001, 
     "wordConfidence": 0.97999999999999998
    }, 
    {
     "wordEnd": 21.870000000000001, 
     "wordId": "WILL", 
     "wordStart": 21.719999999999999, 
     "wordConfidence": 0.83999999999999997
    }, 
    {
     "wordEnd": 22.02, 
     "wordId": "NOT", 
     "wordStart": 21.870000000000001, 
     "wordConfidence": 0.83999999999999997
    }, 
    {
     "wordEnd": 22.32, 
     "wordId": "HAVE", 
     "wordStart": 22.02, 
     "wordConfidence": 1.0
    }, 
    {
     "wordEnd": 22.800000000000001, 
     "wordId": "ASHTON", 
     "wordStart": 22.32, 
     "wordConfidence": 1.0
    }, 
    {
     "wordEnd": 23.460000000000001, 
     "wordId": "EVERYWHERE", 
     "wordStart": 23.059999999999999, 
     "wordConfidence": 1.0
    }
   ], 
   "endTime": 23.489999999999998, 
   "speakerId": "s0004", 
   "startTime": 20.539999999999999
  }, 
  {
   "classId": "speech", 
   "spokenWords": [
    {
     "wordEnd": 24.129999999999999, 
     "wordId": "MOUSE", 
     "wordStart": 23.559999999999999, 
     "wordConfidence": 0.52000000000000002
    }, 
    {
     "wordEnd": 24.440000000000001, 
     "wordId": "O'CONNELL", 
     "wordStart": 24.18, 
     "wordConfidence": 0.52000000000000002
    }, 
    {
     "wordEnd": 24.829999999999998, 
     "wordId": "STAY", 
     "wordStart": 24.57, 
     "wordConfidence": 0.78000000000000003
    }
   ], 
   "endTime": 24.899999999999999, 
   "speakerId": "s0003", 
   "startTime": 23.489999999999998
  }, 
  {
   "classId": "speech", 
   "spokenWords": [
    {
     "wordEnd": 26.41, 
     "wordId": "WHEN", 
     "wordStart": 26.18, 
     "wordConfidence": 1.0
    }, 
    {
     "wordEnd": 26.48, 
     "wordId": "THE", 
     "wordStart": 26.41, 
     "wordConfidence": 1.0
    }, 
    {
     "wordEnd": 26.829999999999998, 
     "wordId": "STACK", 
     "wordStart": 26.48, 
     "wordConfidence": 1.0
    }, 
    {
     "wordEnd": 27.050000000000001, 
     "wordId": "GOING", 
     "wordStart": 26.829999999999998, 
     "wordConfidence": 1.0
    }, 
    {
     "wordEnd": 27.219999999999999, 
     "wordId": "ON", 
     "wordStart": 27.050000000000001, 
     "wordConfidence": 1.0
    }, 
    {
     "wordEnd": 27.5, 
     "wordId": "DOWN", 
     "wordStart": 27.219999999999999, 
     "wordConfidence": 1.0
    }, 
    {
     "wordEnd": 27.629999999999999, 
     "wordId": "THE", 
     "wordStart": 27.5, 
     "wordConfidence": 1.0
    }, 
    {
     "wordEnd": 28.100000000000001, 
     "wordId": "ROSE", 
     "wordStart": 27.629999999999999, 
     "wordConfidence": 1.0
    }, 
    {
     "wordEnd": 29.030000000000001, 
     "wordId": "CAN", 
     "wordStart": 28.879999999999999, 
     "wordConfidence": 1.0
    }, 
    {
     "wordEnd": 29.219999999999999, 
     "wordId": "SEE", 
     "wordStart": 29.030000000000001, 
     "wordConfidence": 1.0
    }, 
    {
     "wordEnd": 29.43, 
     "wordId": "WHAT", 
     "wordStart": 29.219999999999999, 
     "wordConfidence": 1.0
    }, 
    {
     "wordEnd": 29.5, 
     "wordId": "YOU", 
     "wordStart": 29.43, 
     "wordConfidence": 1.0
    }, 
    {
     "wordEnd": 29.670000000000002, 
     "wordId": "DO", 
     "wordStart": 29.5, 
     "wordConfidence": 1.0
    }
   ], 
   "endTime": 29.690000000000001, 
   "speakerId": "s0004", 
   "startTime": 26.0
  }, 
  {
   "classId": "speech", 
   "spokenWords": [
    {
     "wordEnd": 29.780000000000001, 
     "wordId": "I", 
     "wordStart": 29.690000000000001, 
     "wordConfidence": 1.0
    }, 
    {
     "wordEnd": 30.239999999999998, 
     "wordId": "AM", 
     "wordStart": 30.079999999999998, 
     "wordConfidence": 1.0
    }, 
    {
     "wordEnd": 30.719999999999999, 
     "wordId": "PHOTOGRAPHER", 
     "wordStart": 30.239999999999998, 
     "wordConfidence": 1.0
    }, 
    {
     "wordEnd": 31.09, 
     "wordId": "MARGIN", 
     "wordStart": 30.719999999999999, 
     "wordConfidence": 1.0
    }, 
    {
     "wordEnd": 31.420000000000002, 
     "wordId": "POWER", 
     "wordStart": 31.09, 
     "wordConfidence": 1.0
    }, 
    {
     "wordEnd": 31.539999999999999, 
     "wordId": "HAS", 
     "wordStart": 31.420000000000002, 
     "wordConfidence": 1.0
    }, 
    {
     "wordEnd": 31.719999999999999, 
     "wordId": "BEEN", 
     "wordStart": 31.539999999999999, 
     "wordConfidence": 1.0
    }, 
    {
     "wordEnd": 32.229999999999997, 
     "wordId": "SPENDING", 
     "wordStart": 31.710000000000001, 
     "wordConfidence": 1.0
    }
   ], 
   "endTime": 32.259999999999998, 
   "speakerId": "s0003", 
   "startTime": 29.690000000000001
  }, 
  {
   "classId": "speech", 
   "spokenWords": [
    {
     "wordEnd": 32.32, 
     "wordId": "A", 
     "wordStart": 32.259999999999998, 
     "wordConfidence": 1.0
    }, 
    {
     "wordEnd": 32.590000000000003, 
     "wordId": "LOT", 
     "wordStart": 32.32, 
     "wordConfidence": 1.0
    }, 
    {
     "wordEnd": 32.710000000000001, 
     "wordId": "OF", 
     "wordStart": 32.590000000000003, 
     "wordConfidence": 1.0
    }, 
    {
     "wordEnd": 33.07, 
     "wordId": "TIME", 
     "wordStart": 32.710000000000001, 
     "wordConfidence": 1.0
    }, 
    {
     "wordEnd": 33.149999999999999, 
     "wordId": "OF", 
     "wordStart": 33.07, 
     "wordConfidence": 1.0
    }, 
    {
     "wordEnd": 33.210000000000001, 
     "wordId": "THE", 
     "wordStart": 33.149999999999999, 
     "wordConfidence": 1.0
    }, 
    {
     "wordEnd": 33.960000000000001, 
     "wordId": "CANDLELIGHT", 
     "wordStart": 33.210000000000001, 
     "wordConfidence": 1.0
    }, 
    {
     "wordEnd": 34.640000000000001, 
     "wordId": "TAKING", 
     "wordStart": 34.259999999999998, 
     "wordConfidence": 1.0
    }, 
    {
     "wordEnd": 34.810000000000002, 
     "wordId": "FOR", 
     "wordStart": 34.640000000000001, 
     "wordConfidence": 1.0
    }
   ], 
   "endTime": 34.829999999999998, 
   "speakerId": "s0002", 
   "startTime": 32.259999999999998
  }, 
  {
   "classId": "speech", 
   "spokenWords": [
    {
     "wordEnd": 35.439999999999998, 
     "wordId": "AUTOGRAPHS", 
     "wordStart": 34.829999999999998, 
     "wordConfidence": 1.0
    }, 
    {
     "wordEnd": 35.57, 
     "wordId": "FOR", 
     "wordStart": 35.439999999999998, 
     "wordConfidence": 1.0
    }, 
    {
     "wordEnd": 35.799999999999997, 
     "wordId": "HIS", 
     "wordStart": 35.57, 
     "wordConfidence": 1.0
    }, 
    {
     "wordEnd": 36.219999999999999, 
     "wordId": "NEW", 
     "wordStart": 35.799999999999997, 
     "wordConfidence": 1.0
    }, 
    {
     "wordEnd": 36.890000000000001, 
     "wordId": "RULE", 
     "wordStart": 36.630000000000003, 
     "wordConfidence": 1.0
    }, 
    {
     "wordEnd": 37.140000000000001, 
     "wordId": "BOB", 
     "wordStart": 36.890000000000001, 
     "wordConfidence": 1.0
    }, 
    {
     "wordEnd": 37.700000000000003, 
     "wordId": "EXHIBITION", 
     "wordStart": 37.140000000000001, 
     "wordConfidence": 1.0
    }
   ], 
   "endTime": 37.729999999999997, 
   "speakerId": "s0003", 
   "startTime": 34.829999999999998
  }, 
  {
   "classId": "speech", 
   "spokenWords": [
    {
     "wordEnd": 38.009999999999998, 
     "wordId": "IF", 
     "wordStart": 37.729999999999997, 
     "wordConfidence": 1.0
    }, 
    {
     "wordEnd": 38.07, 
     "wordId": "YOU", 
     "wordStart": 38.009999999999998, 
     "wordConfidence": 1.0
    }, 
    {
     "wordEnd": 38.25, 
     "wordId": "HAVE", 
     "wordStart": 38.07, 
     "wordConfidence": 0.96999999999999997
    }, 
    {
     "wordEnd": 38.340000000000003, 
     "wordId": "TO", 
     "wordStart": 38.25, 
     "wordConfidence": 1.0
    }, 
    {
     "wordEnd": 38.509999999999998, 
     "wordId": "THINK", 
     "wordStart": 38.340000000000003, 
     "wordConfidence": 1.0
    }, 
    {
     "wordEnd": 38.670000000000002, 
     "wordId": "OF", 
     "wordStart": 38.509999999999998, 
     "wordConfidence": 1.0
    }, 
    {
     "wordEnd": 39.119999999999997, 
     "wordId": "WARM", 
     "wordStart": 38.670000000000002, 
     "wordConfidence": 1.0
    }, 
    {
     "wordEnd": 39.200000000000003, 
     "wordId": "A", 
     "wordStart": 39.119999999999997, 
     "wordConfidence": 0.96999999999999997
    }, 
    {
     "wordEnd": 39.560000000000002, 
     "wordId": "MORE", 
     "wordStart": 39.200000000000003, 
     "wordConfidence": 1.0
    }, 
    {
     "wordEnd": 39.840000000000003, 
     "wordId": "EASILY", 
     "wordStart": 39.560000000000002, 
     "wordConfidence": 0.96999999999999997
    }, 
    {
     "wordEnd": 40.0, 
     "wordId": "BUT", 
     "wordStart": 39.859999999999999, 
     "wordConfidence": 1.0
    }, 
    {
     "wordEnd": 40.140000000000001, 
     "wordId": "WITH", 
     "wordStart": 40.0, 
     "wordConfidence": 1.0
    }, 
    {
     "wordEnd": 40.210000000000001, 
     "wordId": "THE", 
     "wordStart": 40.140000000000001, 
     "wordConfidence": 1.0
    }, 
    {
     "wordEnd": 40.850000000000001, 
     "wordId": "SMELL", 
     "wordStart": 40.409999999999997, 
     "wordConfidence": 0.98999999999999999
    }, 
    {
     "wordEnd": 40.950000000000003, 
     "wordId": "YOU", 
     "wordStart": 40.850000000000001, 
     "wordConfidence": 1.0
    }, 
    {
     "wordEnd": 41.090000000000003, 
     "wordId": "CAN", 
     "wordStart": 40.950000000000003, 
     "wordConfidence": 1.0
    }, 
    {
     "wordEnd": 41.340000000000003, 
     "wordId": "REALLY", 
     "wordStart": 41.090000000000003, 
     "wordConfidence": 1.0
    }
   ], 
   "endTime": 41.359999999999999, 
   "speakerId": "s0001", 
   "startTime": 37.729999999999997
  }, 
  {
   "classId": "speech", 
   "spokenWords": [
    {
     "wordEnd": 41.840000000000003, 
     "wordId": "WE", 
     "wordStart": 41.719999999999999, 
     "wordConfidence": 1.0
    }, 
    {
     "wordEnd": 41.939999999999998, 
     "wordId": "WILL", 
     "wordStart": 41.840000000000003, 
     "wordConfidence": 1.0
    }, 
    {
     "wordEnd": 42.090000000000003, 
     "wordId": "BE", 
     "wordStart": 41.939999999999998, 
     "wordConfidence": 1.0
    }, 
    {
     "wordEnd": 42.369999999999997, 
     "wordId": "A", 
     "wordStart": 42.090000000000003, 
     "wordConfidence": 1.0
    }, 
    {
     "wordEnd": 42.539999999999999, 
     "wordId": "WHEN", 
     "wordStart": 42.43, 
     "wordConfidence": 1.0
    }, 
    {
     "wordEnd": 42.619999999999997, 
     "wordId": "YOU", 
     "wordStart": 42.539999999999999, 
     "wordConfidence": 1.0
    }, 
    {
     "wordEnd": 42.840000000000003, 
     "wordId": "GO", 
     "wordStart": 42.619999999999997, 
     "wordConfidence": 1.0
    }, 
    {
     "wordEnd": 43.060000000000002, 
     "wordId": "IN", 
     "wordStart": 42.840000000000003, 
     "wordConfidence": 1.0
    }, 
    {
     "wordEnd": 43.170000000000002, 
     "wordId": "AND", 
     "wordStart": 43.060000000000002, 
     "wordConfidence": 1.0
    }, 
    {
     "wordEnd": 43.240000000000002, 
     "wordId": "YOU", 
     "wordStart": 43.170000000000002, 
     "wordConfidence": 1.0
    }, 
    {
     "wordEnd": 43.409999999999997, 
     "wordId": "SEE", 
     "wordStart": 43.240000000000002, 
     "wordConfidence": 1.0
    }, 
    {
     "wordEnd": 43.5, 
     "wordId": "THE", 
     "wordStart": 43.409999999999997, 
     "wordConfidence": 1.0
    }, 
    {
     "wordEnd": 44.009999999999998, 
     "wordId": "CAMELS", 
     "wordStart": 43.5, 
     "wordConfidence": 1.0
    }, 
    {
     "wordEnd": 44.140000000000001, 
     "wordId": "AND", 
     "wordStart": 44.009999999999998, 
     "wordConfidence": 1.0
    }
   ], 
   "endTime": 44.159999999999997, 
   "speakerId": "s0001", 
   "startTime": 41.659999999999997
  }, 
  {
   "classId": "speech", 
   "spokenWords": [
    {
     "wordEnd": 44.189999999999998, 
     "wordId": "I", 
     "wordStart": 44.159999999999997, 
     "wordConfidence": 1.0
    }, 
    {
     "wordEnd": 44.399999999999999, 
     "wordId": "THINK", 
     "wordStart": 44.189999999999998, 
     "wordConfidence": 1.0
    }, 
    {
     "wordEnd": 44.530000000000001, 
     "wordId": "IT'S", 
     "wordStart": 44.399999999999999, 
     "wordConfidence": 1.0
    }, 
    {
     "wordEnd": 45.18, 
     "wordId": "ACTIVITY", 
     "wordStart": 44.530000000000001, 
     "wordConfidence": 1.0
    }, 
    {
     "wordEnd": 45.289999999999999, 
     "wordId": "OF", 
     "wordStart": 45.18, 
     "wordConfidence": 1.0
    }, 
    {
     "wordEnd": 45.350000000000001, 
     "wordId": "THE", 
     "wordStart": 45.280000000000001, 
     "wordConfidence": 1.0
    }, 
    {
     "wordEnd": 45.689999999999998, 
     "wordId": "PEOPLE", 
     "wordStart": 45.359999999999999, 
     "wordConfidence": 1.0
    }, 
    {
     "wordEnd": 45.939999999999998, 
     "wordId": "ACTUALLY", 
     "wordStart": 45.689999999999998, 
     "wordConfidence": 1.0
    }, 
    {
     "wordEnd": 46.229999999999997, 
     "wordId": "MAKING", 
     "wordStart": 45.990000000000002, 
     "wordConfidence": 1.0
    }, 
    {
     "wordEnd": 46.289999999999999, 
     "wordId": "THE", 
     "wordStart": 46.219999999999999, 
     "wordConfidence": 1.0
    }, 
    {
     "wordEnd": 46.649999999999999, 
     "wordId": "REBOUND", 
     "wordStart": 46.299999999999997, 
     "wordConfidence": 0.76000000000000001
    }
   ], 
   "endTime": 46.670000000000002, 
   "speakerId": "s0004", 
   "startTime": 44.159999999999997
  }, 
  {
   "classId": "speech", 
   "spokenWords": [
    {
     "wordEnd": 47.020000000000003, 
     "wordId": "THERE'S", 
     "wordStart": 46.670000000000002, 
     "wordConfidence": 1.0
    }, 
    {
     "wordEnd": 47.299999999999997, 
     "wordId": "NOTHING", 
     "wordStart": 47.020000000000003, 
     "wordConfidence": 1.0
    }, 
    {
     "wordEnd": 47.560000000000002, 
     "wordId": "QUITE", 
     "wordStart": 47.299999999999997, 
     "wordConfidence": 1.0
    }, 
    {
     "wordEnd": 47.840000000000003, 
     "wordId": "LIKE", 
     "wordStart": 47.560000000000002, 
     "wordConfidence": 1.0
    }, 
    {
     "wordEnd": 47.979999999999997, 
     "wordId": "IT", 
     "wordStart": 47.840000000000003, 
     "wordConfidence": 1.0
    }, 
    {
     "wordEnd": 48.100000000000001, 
     "wordId": "IS", 
     "wordStart": 47.979999999999997, 
     "wordConfidence": 0.95999999999999996
    }, 
    {
     "wordEnd": 48.18, 
     "wordId": "A", 
     "wordStart": 48.100000000000001, 
     "wordConfidence": 0.95999999999999996
    }, 
    {
     "wordEnd": 48.609999999999999, 
     "wordId": "REAL", 
     "wordStart": 48.18, 
     "wordConfidence": 1.0
    }, 
    {
     "wordEnd": 49.149999999999999, 
     "wordId": "TO", 
     "wordStart": 49.009999999999998, 
     "wordConfidence": 1.0
    }, 
    {
     "wordEnd": 49.240000000000002, 
     "wordId": "DO", 
     "wordStart": 49.149999999999999, 
     "wordConfidence": 1.0
    }
   ], 
   "endTime": 49.259999999999998, 
   "speakerId": "s0001", 
   "startTime": 46.670000000000002
  }, 
  {
   "classId": "speech", 
   "spokenWords": [
    {
     "wordEnd": 49.43, 
     "wordId": "YOU", 
     "wordStart": 49.259999999999998, 
     "wordConfidence": 1.0
    }, 
    {
     "wordEnd": 49.600000000000001, 
     "wordId": "KNOW", 
     "wordStart": 49.43, 
     "wordConfidence": 1.0
    }, 
    {
     "wordEnd": 49.880000000000003, 
     "wordId": "YOU", 
     "wordStart": 49.630000000000003, 
     "wordConfidence": 1.0
    }, 
    {
     "wordEnd": 50.219999999999999, 
     "wordId": "SHOULD", 
     "wordStart": 49.909999999999997, 
     "wordConfidence": 1.0
    }, 
    {
     "wordEnd": 50.340000000000003, 
     "wordId": "WE", 
     "wordStart": 50.25, 
     "wordConfidence": 1.0
    }, 
    {
     "wordEnd": 50.460000000000001, 
     "wordId": "DO", 
     "wordStart": 50.340000000000003, 
     "wordConfidence": 1.0
    }, 
    {
     "wordEnd": 51.159999999999997, 
     "wordId": "THAT", 
     "wordStart": 50.939999999999998, 
     "wordConfidence": 1.0
    }, 
    {
     "wordEnd": 51.270000000000003, 
     "wordId": "MAY", 
     "wordStart": 51.159999999999997, 
     "wordConfidence": 1.0
    }, 
    {
     "wordEnd": 51.369999999999997, 
     "wordId": "BE", 
     "wordStart": 51.259999999999998, 
     "wordConfidence": 1.0
    }, 
    {
     "wordEnd": 51.75, 
     "wordId": "TRUE", 
     "wordStart": 51.380000000000003, 
     "wordConfidence": 1.0
    }
   ], 
   "endTime": 51.770000000000003, 
   "speakerId": "s0004", 
   "startTime": 49.259999999999998
  }, 
  {
   "classId": "speech", 
   "spokenWords": [
    {
     "wordEnd": 52.049999999999997, 
     "wordId": "BUT", 
     "wordStart": 51.770000000000003, 
     "wordConfidence": 1.0
    }, 
    {
     "wordEnd": 52.229999999999997, 
     "wordId": "THE", 
     "wordStart": 52.049999999999997, 
     "wordConfidence": 1.0
    }, 
    {
     "wordEnd": 53.039999999999999, 
     "wordId": "WORKFORCE", 
     "wordStart": 52.420000000000002, 
     "wordConfidence": 1.0
    }, 
    {
     "wordEnd": 53.140000000000001, 
     "wordId": "AS", 
     "wordStart": 53.039999999999999, 
     "wordConfidence": 1.0
    }, 
    {
     "wordEnd": 53.229999999999997, 
     "wordId": "YOU", 
     "wordStart": 53.140000000000001, 
     "wordConfidence": 1.0
    }, 
    {
     "wordEnd": 53.380000000000003, 
     "wordId": "CAN", 
     "wordStart": 53.229999999999997, 
     "wordConfidence": 1.0
    }, 
    {
     "wordEnd": 53.700000000000003, 
     "wordId": "HEAR", 
     "wordStart": 53.380000000000003, 
     "wordConfidence": 1.0
    }, 
    {
     "wordEnd": 54.200000000000003, 
     "wordId": "IT", 
     "wordStart": 54.039999999999999, 
     "wordConfidence": 1.0
    }
   ], 
   "endTime": 54.590000000000003, 
   "speakerId": "s0003", 
   "startTime": 51.770000000000003
  }, 
  {
   "classId": "speech", 
   "spokenWords": [
    {
     "wordEnd": 54.810000000000002, 
     "wordId": "BUT", 
     "wordStart": 54.590000000000003, 
     "wordConfidence": 1.0
    }, 
    {
     "wordEnd": 55.560000000000002, 
     "wordId": "AS", 
     "wordStart": 55.439999999999998, 
     "wordConfidence": 1.0
    }, 
    {
     "wordEnd": 55.619999999999997, 
     "wordId": "A", 
     "wordStart": 55.560000000000002, 
     "wordConfidence": 1.0
    }, 
    {
     "wordEnd": 55.939999999999998, 
     "wordId": "TOUCH", 
     "wordStart": 55.619999999999997, 
     "wordConfidence": 1.0
    }, 
    {
     "wordEnd": 56.079999999999998, 
     "wordId": "OF", 
     "wordStart": 55.939999999999998, 
     "wordConfidence": 1.0
    }, 
    {
     "wordEnd": 56.780000000000001, 
     "wordId": "REMAINING", 
     "wordStart": 56.270000000000003, 
     "wordConfidence": 1.0
    }, 
    {
     "wordEnd": 57.109999999999999, 
     "wordId": "INTO", 
     "wordStart": 56.780000000000001, 
     "wordConfidence": 1.0
    }, 
    {
     "wordEnd": 57.329999999999998, 
     "wordId": "IT", 
     "wordStart": 57.109999999999999, 
     "wordConfidence": 1.0
    }
   ], 
   "endTime": 57.380000000000003, 
   "speakerId": "s0004", 
   "startTime": 54.590000000000003
  }, 
  {
   "classId": "speech", 
   "spokenWords": [
    {
     "wordEnd": 58.990000000000002, 
     "wordId": "TOP", 
     "wordStart": 58.759999999999998, 
     "wordConfidence": 1.0
    }, 
    {
     "wordEnd": 59.5, 
     "wordId": "WORKMEN", 
     "wordStart": 58.990000000000002, 
     "wordConfidence": 1.0
    }, 
    {
     "wordEnd": 60.409999999999997, 
     "wordId": "VERY", 
     "wordStart": 60.189999999999998, 
     "wordConfidence": 1.0
    }, 
    {
     "wordEnd": 60.649999999999999, 
     "wordId": "TOUGH", 
     "wordStart": 60.409999999999997, 
     "wordConfidence": 1.0
    }, 
    {
     "wordEnd": 60.93, 
     "wordId": "WORK", 
     "wordStart": 60.649999999999999, 
     "wordConfidence": 1.0
    }, 
    {
     "wordEnd": 61.229999999999997, 
     "wordId": "YES", 
     "wordStart": 60.93, 
     "wordConfidence": 1.0
    }, 
    {
     "wordEnd": 61.420000000000002, 
     "wordId": "THEY", 
     "wordStart": 61.259999999999998, 
     "wordConfidence": 1.0
    }, 
    {
     "wordEnd": 61.560000000000002, 
     "wordId": "HAVE", 
     "wordStart": 61.43, 
     "wordConfidence": 1.0
    }, 
    {
     "wordEnd": 61.640000000000001, 
     "wordId": "TO", 
     "wordStart": 61.560000000000002, 
     "wordConfidence": 1.0
    }, 
    {
     "wordEnd": 61.990000000000002, 
     "wordId": "LOSE", 
     "wordStart": 61.640000000000001, 
     "wordConfidence": 1.0
    }, 
    {
     "wordEnd": 62.090000000000003, 
     "wordId": "THE", 
     "wordStart": 61.990000000000002, 
     "wordConfidence": 1.0
    }, 
    {
     "wordEnd": 62.530000000000001, 
     "wordId": "FLUX", 
     "wordStart": 62.090000000000003, 
     "wordConfidence": 1.0
    }, 
    {
     "wordEnd": 62.649999999999999, 
     "wordId": "IN", 
     "wordStart": 62.530000000000001, 
     "wordConfidence": 1.0
    }, 
    {
     "wordEnd": 62.759999999999998, 
     "wordId": "THE", 
     "wordStart": 62.649999999999999, 
     "wordConfidence": 1.0
    }, 
    {
     "wordEnd": 63.32, 
     "wordId": "FIELDS", 
     "wordStart": 62.759999999999998, 
     "wordConfidence": 1.0
    }, 
    {
     "wordEnd": 63.770000000000003, 
     "wordId": "THEY", 
     "wordStart": 63.630000000000003, 
     "wordConfidence": 1.0
    }, 
    {
     "wordEnd": 64.069999999999993, 
     "wordId": "FEEL", 
     "wordStart": 63.770000000000003, 
     "wordConfidence": 1.0
    }, 
    {
     "wordEnd": 64.159999999999997, 
     "wordId": "THE", 
     "wordStart": 64.069999999999993, 
     "wordConfidence": 1.0
    }, 
    {
     "wordEnd": 64.599999999999994, 
     "wordId": "SHEDS", 
     "wordStart": 64.159999999999997, 
     "wordConfidence": 1.0
    }, 
    {
     "wordEnd": 64.879999999999995, 
     "wordId": "ITS", 
     "wordStart": 64.629999999999995, 
     "wordConfidence": 1.0
    }, 
    {
     "wordEnd": 65.150000000000006, 
     "wordId": "REALLY", 
     "wordStart": 64.879999999999995, 
     "wordConfidence": 1.0
    }, 
    {
     "wordEnd": 65.730000000000004, 
     "wordId": "BACKBREAKING", 
     "wordStart": 65.180000000000007, 
     "wordConfidence": 1.0
    }, 
    {
     "wordEnd": 66.049999999999997, 
     "wordId": "WORK", 
     "wordStart": 65.730000000000004, 
     "wordConfidence": 1.0
    }, 
    {
     "wordEnd": 66.780000000000001, 
     "wordId": "SO", 
     "wordStart": 66.569999999999993, 
     "wordConfidence": 1.0
    }, 
    {
     "wordEnd": 66.900000000000006, 
     "wordId": "WHAT", 
     "wordStart": 66.780000000000001, 
     "wordConfidence": 1.0
    }, 
    {
     "wordEnd": 66.980000000000004, 
     "wordId": "DO", 
     "wordStart": 66.900000000000006, 
     "wordConfidence": 1.0
    }, 
    {
     "wordEnd": 67.079999999999998, 
     "wordId": "YOU", 
     "wordStart": 66.980000000000004, 
     "wordConfidence": 1.0
    }, 
    {
     "wordEnd": 67.189999999999998, 
     "wordId": "GET", 
     "wordStart": 67.079999999999998, 
     "wordConfidence": 1.0
    }, 
    {
     "wordEnd": 67.530000000000001, 
     "wordId": "AWAY", 
     "wordStart": 67.189999999999998, 
     "wordConfidence": 1.0
    }, 
    {
     "wordEnd": 67.659999999999997, 
     "wordId": "FROM", 
     "wordStart": 67.530000000000001, 
     "wordConfidence": 1.0
    }, 
    {
     "wordEnd": 67.849999999999994, 
     "wordId": "THIS", 
     "wordStart": 67.659999999999997, 
     "wordConfidence": 1.0
    }, 
    {
     "wordEnd": 68.269999999999996, 
     "wordId": "ROMANTIC", 
     "wordStart": 67.849999999999994, 
     "wordConfidence": 1.0
    }, 
    {
     "wordEnd": 68.549999999999997, 
     "wordId": "IMAGE", 
     "wordStart": 68.269999999999996, 
     "wordConfidence": 1.0
    }, 
    {
     "wordEnd": 68.670000000000002, 
     "wordId": "AND", 
     "wordStart": 68.560000000000002, 
     "wordConfidence": 1.0
    }, 
    {
     "wordEnd": 69.0, 
     "wordId": "SHOWED", 
     "wordStart": 68.670000000000002, 
     "wordConfidence": 1.0
    }, 
    {
     "wordEnd": 69.459999999999994, 
     "wordId": "BEHIND", 
     "wordStart": 69.099999999999994, 
     "wordConfidence": 1.0
    }, 
    {
     "wordEnd": 69.530000000000001, 
     "wordId": "THE", 
     "wordStart": 69.459999999999994, 
     "wordConfidence": 1.0
    }, 
    {
     "wordEnd": 69.859999999999999, 
     "wordId": "SCENES", 
     "wordStart": 69.530000000000001, 
     "wordConfidence": 1.0
    }, 
    {
     "wordEnd": 69.969999999999999, 
     "wordId": "IF", 
     "wordStart": 69.859999999999999, 
     "wordConfidence": 1.0
    }, 
    {
     "wordEnd": 70.040000000000006, 
     "wordId": "YOU", 
     "wordStart": 69.969999999999999, 
     "wordConfidence": 1.0
    }, 
    {
     "wordEnd": 70.280000000000001, 
     "wordId": "LIKE", 
     "wordStart": 70.040000000000006, 
     "wordConfidence": 1.0
    }, 
    {
     "wordEnd": 70.439999999999998, 
     "wordId": "THAT", 
     "wordStart": 70.280000000000001, 
     "wordConfidence": 0.96999999999999997
    }, 
    {
     "wordEnd": 70.560000000000002, 
     "wordId": "AND", 
     "wordStart": 70.450000000000003, 
     "wordConfidence": 1.0
    }, 
    {
     "wordEnd": 70.640000000000001, 
     "wordId": "WE", 
     "wordStart": 70.560000000000002, 
     "wordConfidence": 1.0
    }, 
    {
     "wordEnd": 70.790000000000006, 
     "wordId": "DID", 
     "wordStart": 70.640000000000001, 
     "wordConfidence": 1.0
    }, 
    {
     "wordEnd": 70.930000000000007, 
     "wordId": "MEET", 
     "wordStart": 70.790000000000006, 
     "wordConfidence": 1.0
    }, 
    {
     "wordEnd": 70.980000000000004, 
     "wordId": "A", 
     "wordStart": 70.930000000000007, 
     "wordConfidence": 1.0
    }, 
    {
     "wordEnd": 71.5, 
     "wordId": "MINOR", 
     "wordStart": 70.980000000000004, 
     "wordConfidence": 1.0
    }, 
    {
     "wordEnd": 72.280000000000001, 
     "wordId": "NEXT", 
     "wordStart": 71.959999999999994, 
     "wordConfidence": 1.0
    }, 
    {
     "wordEnd": 72.620000000000005, 
     "wordId": "MINOR", 
     "wordStart": 72.280000000000001, 
     "wordConfidence": 0.96999999999999997
    }, 
    {
     "wordEnd": 72.799999999999997, 
     "wordId": "ONE", 
     "wordStart": 72.670000000000002, 
     "wordConfidence": 1.0
    }, 
    {
     "wordEnd": 72.879999999999995, 
     "wordId": "OF", 
     "wordStart": 72.799999999999997, 
     "wordConfidence": 1.0
    }, 
    {
     "wordEnd": 73.0, 
     "wordId": "THE", 
     "wordStart": 72.879999999999995, 
     "wordConfidence": 1.0
    }, 
    {
     "wordEnd": 73.409999999999997, 
     "wordId": "OTHER", 
     "wordStart": 73.0, 
     "wordConfidence": 1.0
    }, 
    {
     "wordEnd": 73.959999999999994, 
     "wordId": "BOB", 
     "wordStart": 73.739999999999995, 
     "wordConfidence": 1.0
    }, 
    {
     "wordEnd": 74.370000000000005, 
     "wordId": "PLANS", 
     "wordStart": 73.959999999999994, 
     "wordConfidence": 1.0
    }, 
    {
     "wordEnd": 74.469999999999999, 
     "wordId": "AND", 
     "wordStart": 74.370000000000005, 
     "wordConfidence": 1.0
    }, 
    {
     "wordEnd": 74.599999999999994, 
     "wordId": "HE", 
     "wordStart": 74.469999999999999, 
     "wordConfidence": 1.0
    }, 
    {
     "wordEnd": 74.819999999999993, 
     "wordId": "SAID", 
     "wordStart": 74.599999999999994, 
     "wordConfidence": 1.0
    }, 
    {
     "wordEnd": 74.920000000000002, 
     "wordId": "IT", 
     "wordStart": 74.810000000000002, 
     "wordConfidence": 1.0
    }, 
    {
     "wordEnd": 75.069999999999993, 
     "wordId": "IS", 
     "wordStart": 74.930000000000007, 
     "wordConfidence": 1.0
    }, 
    {
     "wordEnd": 75.530000000000001, 
     "wordId": "HARD", 
     "wordStart": 75.180000000000007, 
     "wordConfidence": 1.0
    }, 
    {
     "wordEnd": 75.810000000000002, 
     "wordId": "WORK", 
     "wordStart": 75.530000000000001, 
     "wordConfidence": 1.0
    }, 
    {
     "wordEnd": 76.069999999999993, 
     "wordId": "THINKING", 
     "wordStart": 75.810000000000002, 
     "wordConfidence": 1.0
    }, 
    {
     "wordEnd": 76.519999999999996, 
     "wordId": "HOBART", 
     "wordStart": 76.060000000000002, 
     "wordConfidence": 0.98999999999999999
    }, 
    {
     "wordEnd": 77.030000000000001, 
     "wordId": "ACTUALLY", 
     "wordStart": 76.760000000000005, 
     "wordConfidence": 1.0
    }, 
    {
     "wordEnd": 77.189999999999998, 
     "wordId": "BEING", 
     "wordStart": 77.030000000000001, 
     "wordConfidence": 1.0
    }, 
    {
     "wordEnd": 77.260000000000005, 
     "wordId": "A", 
     "wordStart": 77.189999999999998, 
     "wordConfidence": 0.63
    }, 
    {
     "wordEnd": 77.560000000000002, 
     "wordId": "MINUTE", 
     "wordStart": 77.260000000000005, 
     "wordConfidence": 0.46999999999999997
    }
   ], 
   "endTime": 77.590000000000003, 
   "speakerId": "s0004", 
   "startTime": 58.759999999999998
  }, 
  {
   "classId": "speech", 
   "spokenWords": [
    {
     "wordEnd": 78.099999999999994, 
     "wordId": "YOU", 
     "wordStart": 77.909999999999997, 
     "wordConfidence": 1.0
    }, 
    {
     "wordEnd": 78.340000000000003, 
     "wordId": "SURE", 
     "wordStart": 78.120000000000005, 
     "wordConfidence": 0.87
    }, 
    {
     "wordEnd": 78.849999999999994, 
     "wordId": "FORCED", 
     "wordStart": 78.359999999999999, 
     "wordConfidence": 1.0
    }, 
    {
     "wordEnd": 79.340000000000003, 
     "wordId": "RUBEL", 
     "wordStart": 78.849999999999994, 
     "wordConfidence": 1.0
    }, 
    {
     "wordEnd": 79.819999999999993, 
     "wordId": "IT'S", 
     "wordStart": 79.590000000000003, 
     "wordConfidence": 1.0
    }, 
    {
     "wordEnd": 80.090000000000003, 
     "wordId": "REAL", 
     "wordStart": 79.819999999999993, 
     "wordConfidence": 1.0
    }
   ], 
   "endTime": 80.109999999999999, 
   "speakerId": "s0003", 
   "startTime": 77.590000000000003
  }, 
  {
   "classId": "speech", 
   "spokenWords": [
    {
     "wordEnd": 80.530000000000001, 
     "wordId": "THAT'S", 
     "wordStart": 80.290000000000006, 
     "wordConfidence": 1.0
    }, 
    {
     "wordEnd": 80.989999999999995, 
     "wordId": "RAISED", 
     "wordStart": 80.530000000000001, 
     "wordConfidence": 1.0
    }, 
    {
     "wordEnd": 81.109999999999999, 
     "wordId": "IN", 
     "wordStart": 80.989999999999995, 
     "wordConfidence": 1.0
    }, 
    {
     "wordEnd": 81.609999999999999, 
     "wordId": "WARM", 
     "wordStart": 81.109999999999999, 
     "wordConfidence": 1.0
    }, 
    {
     "wordEnd": 81.950000000000003, 
     "wordId": "DARK", 
     "wordStart": 81.609999999999999, 
     "wordConfidence": 1.0
    }, 
    {
     "wordEnd": 82.599999999999994, 
     "wordId": "SHAPES", 
     "wordStart": 81.950000000000003, 
     "wordConfidence": 1.0
    }
   ], 
   "endTime": 82.620000000000005, 
   "speakerId": "s0004", 
   "startTime": 80.109999999999999
  }, 
  {
   "classId": "speech", 
   "spokenWords": [
    {
     "wordEnd": 82.969999999999999, 
     "wordId": "IT'S", 
     "wordStart": 82.790000000000006, 
     "wordConfidence": 1.0
    }, 
    {
     "wordEnd": 83.379999999999995, 
     "wordId": "SWEETER", 
     "wordStart": 82.969999999999999, 
     "wordConfidence": 1.0
    }, 
    {
     "wordEnd": 83.969999999999999, 
     "wordId": "SOFTER", 
     "wordStart": 83.409999999999997, 
     "wordConfidence": 1.0
    }, 
    {
     "wordEnd": 84.700000000000003, 
     "wordId": "PINKER", 
     "wordStart": 84.239999999999995, 
     "wordConfidence": 1.0
    }, 
    {
     "wordEnd": 85.019999999999996, 
     "wordId": "THAN", 
     "wordStart": 84.849999999999994, 
     "wordConfidence": 1.0
    }, 
    {
     "wordEnd": 85.200000000000003, 
     "wordId": "OTHER", 
     "wordStart": 85.019999999999996, 
     "wordConfidence": 1.0
    }
   ], 
   "endTime": 85.219999999999999, 
   "speakerId": "s0003", 
   "startTime": 82.620000000000005
  }, 
  {
   "classId": "speech", 
   "spokenWords": [
    {
     "wordEnd": 85.480000000000004, 
     "wordId": "GROUP", 
     "wordStart": 85.219999999999999, 
     "wordConfidence": 1.0
    }, 
    {
     "wordEnd": 85.890000000000001, 
     "wordId": "ARTS", 
     "wordStart": 85.480000000000004, 
     "wordConfidence": 1.0
    }
   ], 
   "endTime": 85.909999999999997, 
   "speakerId": "s0004", 
   "startTime": 85.219999999999999
  }, 
  {
   "classId": "speech", 
   "spokenWords": [
    {
     "wordEnd": 86.579999999999998, 
     "wordId": "AND", 
     "wordStart": 86.409999999999997, 
     "wordConfidence": 1.0
    }, 
    {
     "wordEnd": 86.730000000000004, 
     "wordId": "IT'S", 
     "wordStart": 86.579999999999998, 
     "wordConfidence": 1.0
    }, 
    {
     "wordEnd": 86.810000000000002, 
     "wordId": "A", 
     "wordStart": 86.730000000000004, 
     "wordConfidence": 1.0
    }, 
    {
     "wordEnd": 87.670000000000002, 
     "wordId": "SPECIALITY", 
     "wordStart": 86.810000000000002, 
     "wordConfidence": 1.0
    }, 
    {
     "wordEnd": 88.189999999999998, 
     "wordId": "JUST", 
     "wordStart": 87.980000000000004, 
     "wordConfidence": 1.0
    }, 
    {
     "wordEnd": 88.420000000000002, 
     "wordId": "LITTLE", 
     "wordStart": 88.189999999999998, 
     "wordConfidence": 1.0
    }, 
    {
     "wordEnd": 88.769999999999996, 
     "wordId": "CORNER", 
     "wordStart": 88.409999999999997, 
     "wordConfidence": 1.0
    }, 
    {
     "wordEnd": 88.879999999999995, 
     "wordId": "OF", 
     "wordStart": 88.780000000000001, 
     "wordConfidence": 1.0
    }, 
    {
     "wordEnd": 89.239999999999995, 
     "wordId": "GODS", 
     "wordStart": 88.909999999999997, 
     "wordConfidence": 1.0
    }, 
    {
     "wordEnd": 89.469999999999999, 
     "wordId": "AND", 
     "wordStart": 89.239999999999995, 
     "wordConfidence": 1.0
    }, 
    {
     "wordEnd": 89.950000000000003, 
     "wordId": "COUNTY", 
     "wordStart": 89.469999999999999, 
     "wordConfidence": 0.98999999999999999
    }
   ], 
   "endTime": 89.969999999999999, 
   "speakerId": "s0003", 
   "startTime": 86.409999999999997
  }, 
  {
   "classId": "speech", 
   "spokenWords": [
    {
     "wordEnd": 90.349999999999994, 
     "wordId": "MY", 
     "wordStart": 90.159999999999997, 
     "wordConfidence": 1.0
    }, 
    {
     "wordEnd": 90.620000000000005, 
     "wordId": "NAME'S", 
     "wordStart": 90.349999999999994, 
     "wordConfidence": 1.0
    }, 
    {
     "wordEnd": 90.819999999999993, 
     "wordId": "CHANNEL", 
     "wordStart": 90.620000000000005, 
     "wordConfidence": 1.0
    }, 
    {
     "wordEnd": 90.950000000000003, 
     "wordId": "IT", 
     "wordStart": 90.819999999999993, 
     "wordConfidence": 1.0
    }, 
    {
     "wordEnd": 91.230000000000004, 
     "wordId": "SOUNDS", 
     "wordStart": 90.950000000000003, 
     "wordConfidence": 1.0
    }, 
    {
     "wordEnd": 91.430000000000007, 
     "wordId": "LIKE", 
     "wordStart": 91.230000000000004, 
     "wordConfidence": 1.0
    }, 
    {
     "wordEnd": 91.890000000000001, 
     "wordId": "HUMAN", 
     "wordStart": 91.430000000000007, 
     "wordConfidence": 1.0
    }, 
    {
     "wordEnd": 92.150000000000006, 
     "wordId": "AND", 
     "wordStart": 91.890000000000001, 
     "wordConfidence": 1.0
    }, 
    {
     "wordEnd": 92.739999999999995, 
     "wordId": "WEALTH", 
     "wordStart": 92.280000000000001, 
     "wordConfidence": 1.0
    }, 
    {
     "wordEnd": 93.469999999999999, 
     "wordId": "GENERATION", 
     "wordStart": 92.739999999999995, 
     "wordConfidence": 1.0
    }, 
    {
     "wordEnd": 93.769999999999996, 
     "wordId": "MOVE", 
     "wordStart": 93.469999999999999, 
     "wordConfidence": 1.0
    }, 
    {
     "wordEnd": 93.969999999999999, 
     "wordId": "THAT", 
     "wordStart": 93.769999999999996, 
     "wordConfidence": 1.0
    }, 
    {
     "wordEnd": 94.180000000000007, 
     "wordId": "GO", 
     "wordStart": 93.969999999999999, 
     "wordConfidence": 0.98999999999999999
    }, 
    {
     "wordEnd": 94.450000000000003, 
     "wordId": "OVER", 
     "wordStart": 94.180000000000007, 
     "wordConfidence": 0.98999999999999999
    }, 
    {
     "wordEnd": 94.900000000000006, 
     "wordId": "THERE'S", 
     "wordStart": 94.700000000000003, 
     "wordConfidence": 1.0
    }, 
    {
     "wordEnd": 94.950000000000003, 
     "wordId": "A", 
     "wordStart": 94.900000000000006, 
     "wordConfidence": 1.0
    }, 
    {
     "wordEnd": 95.510000000000005, 
     "wordId": "DESCRIPTION", 
     "wordStart": 94.950000000000003, 
     "wordConfidence": 1.0
    }, 
    {
     "wordEnd": 95.609999999999999, 
     "wordId": "OF", 
     "wordStart": 95.519999999999996, 
     "wordConfidence": 1.0
    }, 
    {
     "wordEnd": 95.760000000000005, 
     "wordId": "YOUR", 
     "wordStart": 95.609999999999999, 
     "wordConfidence": 1.0
    }, 
    {
     "wordEnd": 96.030000000000001, 
     "wordId": "ISN'T", 
     "wordStart": 95.760000000000005, 
     "wordConfidence": 1.0
    }, 
    {
     "wordEnd": 96.269999999999996, 
     "wordId": "THAT", 
     "wordStart": 96.030000000000001, 
     "wordConfidence": 1.0
    }, 
    {
     "wordEnd": 97.400000000000006, 
     "wordId": "THE", 
     "wordStart": 97.260000000000005, 
     "wordConfidence": 1.0
    }, 
    {
     "wordEnd": 97.859999999999999, 
     "wordId": "HACKNEY", 
     "wordStart": 97.400000000000006, 
     "wordConfidence": 1.0
    }, 
    {
     "wordEnd": 98.719999999999999, 
     "wordId": "EXTENSIVELY", 
     "wordStart": 98.030000000000001, 
     "wordConfidence": 0.73999999999999999
    }
   ], 
   "endTime": 98.849999999999994, 
   "speakerId": "s0001", 
   "startTime": 89.969999999999999
  }, 
  {
   "classId": "speech", 
   "spokenWords": [
    {
     "wordEnd": 100.66, 
     "wordId": "SOME", 
     "wordStart": 100.36, 
     "wordConfidence": 1.0
    }, 
    {
     "wordEnd": 100.89, 
     "wordId": "SAY", 
     "wordStart": 100.66, 
     "wordConfidence": 0.97999999999999998
    }, 
    {
     "wordEnd": 100.98999999999999, 
     "wordId": "THE", 
     "wordStart": 100.89, 
     "wordConfidence": 1.0
    }, 
    {
     "wordEnd": 101.34999999999999, 
     "wordId": "QUEEN", 
     "wordStart": 100.98999999999999, 
     "wordConfidence": 1.0
    }, 
    {
     "wordEnd": 101.78, 
     "wordId": "MOVEMENT", 
     "wordStart": 101.34999999999999, 
     "wordConfidence": 0.73999999999999999
    }, 
    {
     "wordEnd": 102.09999999999999, 
     "wordId": "THAT", 
     "wordStart": 101.81999999999999, 
     "wordConfidence": 0.73999999999999999
    }, 
    {
     "wordEnd": 102.45, 
     "wordId": "SEEM", 
     "wordStart": 102.2, 
     "wordConfidence": 1.0
    }, 
    {
     "wordEnd": 104.20999999999999, 
     "wordId": "SILLY", 
     "wordStart": 103.90000000000001, 
     "wordConfidence": 1.0
    }, 
    {
     "wordEnd": 104.51000000000001, 
     "wordId": "MOVIE", 
     "wordStart": 104.20999999999999, 
     "wordConfidence": 1.0
    }, 
    {
     "wordEnd": 105.0, 
     "wordId": "ATMOSPHERE", 
     "wordStart": 104.51000000000001, 
     "wordConfidence": 1.0
    }, 
    {
     "wordEnd": 106.59, 
     "wordId": "IT", 
     "wordStart": 106.36, 
     "wordConfidence": 1.0
    }, 
    {
     "wordEnd": 106.93000000000001, 
     "wordId": "ISN'T", 
     "wordStart": 106.65000000000001, 
     "wordConfidence": 0.64000000000000001
    }, 
    {
     "wordEnd": 107.65000000000001, 
     "wordId": "SENT", 
     "wordStart": 107.0, 
     "wordConfidence": 0.45000000000000001
    }
   ], 
   "endTime": 107.67, 
   "speakerId": "s0001", 
   "startTime": 100.36
  }, 
  {
   "classId": "speech", 
   "spokenWords": [
    {
     "wordEnd": 108.73, 
     "wordId": "IT'S", 
     "wordStart": 108.51000000000001, 
     "wordConfidence": 1.0
    }, 
    {
     "wordEnd": 108.95, 
     "wordId": "LIKE", 
     "wordStart": 108.73, 
     "wordConfidence": 1.0
    }, 
    {
     "wordEnd": 109.01000000000001, 
     "wordId": "A", 
     "wordStart": 108.95, 
     "wordConfidence": 1.0
    }, 
    {
     "wordEnd": 109.31999999999999, 
     "wordId": "BIG", 
     "wordStart": 109.06, 
     "wordConfidence": 1.0
    }, 
    {
     "wordEnd": 110.19, 
     "wordId": "FLOTATION", 
     "wordStart": 109.31999999999999, 
     "wordConfidence": 1.0
    }, 
    {
     "wordEnd": 110.62, 
     "wordId": "TANK", 
     "wordStart": 110.19, 
     "wordConfidence": 1.0
    }, 
    {
     "wordEnd": 110.79000000000001, 
     "wordId": "I'VE", 
     "wordStart": 110.62, 
     "wordConfidence": 1.0
    }, 
    {
     "wordEnd": 110.94, 
     "wordId": "HAD", 
     "wordStart": 110.79000000000001, 
     "wordConfidence": 1.0
    }, 
    {
     "wordEnd": 111.41, 
     "wordId": "PEOPLE", 
     "wordStart": 110.94, 
     "wordConfidence": 1.0
    }, 
    {
     "wordEnd": 111.73999999999999, 
     "wordId": "SAY", 
     "wordStart": 111.41, 
     "wordConfidence": 1.0
    }, 
    {
     "wordEnd": 111.79000000000001, 
     "wordId": "A", 
     "wordStart": 111.73999999999999, 
     "wordConfidence": 1.0
    }, 
    {
     "wordEnd": 112.02, 
     "wordId": "BIT", 
     "wordStart": 111.79000000000001, 
     "wordConfidence": 1.0
    }, 
    {
     "wordEnd": 112.19, 
     "wordId": "IS", 
     "wordStart": 112.02, 
     "wordConfidence": 1.0
    }, 
    {
     "wordEnd": 112.8, 
     "wordId": "NATIVITY", 
     "wordStart": 112.25, 
     "wordConfidence": 1.0
    }, 
    {
     "wordEnd": 113.15000000000001, 
     "wordId": "CARE", 
     "wordStart": 112.8, 
     "wordConfidence": 1.0
    }, 
    {
     "wordEnd": 113.54000000000001, 
     "wordId": "THING", 
     "wordStart": 113.26000000000001, 
     "wordConfidence": 1.0
    }, 
    {
     "wordEnd": 114.08, 
     "wordId": "IT", 
     "wordStart": 113.83, 
     "wordConfidence": 1.0
    }, 
    {
     "wordEnd": 114.18000000000001, 
     "wordId": "IS", 
     "wordStart": 114.08, 
     "wordConfidence": 1.0
    }, 
    {
     "wordEnd": 114.5, 
     "wordId": "SO", 
     "wordStart": 114.18000000000001, 
     "wordConfidence": 1.0
    }, 
    {
     "wordEnd": 114.84999999999999, 
     "wordId": "THINGS", 
     "wordStart": 114.54000000000001, 
     "wordConfidence": 0.81000000000000005
    }, 
    {
     "wordEnd": 115.20999999999999, 
     "wordId": "THOUGH", 
     "wordStart": 114.89, 
     "wordConfidence": 0.81000000000000005
    }, 
    {
     "wordEnd": 116.08, 
     "wordId": "AND", 
     "wordStart": 115.54000000000001, 
     "wordConfidence": 1.0
    }, 
    {
     "wordEnd": 116.48999999999999, 
     "wordId": "YOU", 
     "wordStart": 116.28, 
     "wordConfidence": 1.0
    }, 
    {
     "wordEnd": 117.05, 
     "wordId": "SOMETIMES", 
     "wordStart": 116.48, 
     "wordConfidence": 1.0
    }, 
    {
     "wordEnd": 117.27, 
     "wordId": "HEAR", 
     "wordStart": 117.06999999999999, 
     "wordConfidence": 1.0
    }, 
    {
     "wordEnd": 117.58, 
     "wordId": "VEHICLE", 
     "wordStart": 117.27, 
     "wordConfidence": 0.94999999999999996
    }, 
    {
     "wordEnd": 117.95999999999999, 
     "wordId": "POP", 
     "wordStart": 117.56999999999999, 
     "wordConfidence": 1.0
    }, 
    {
     "wordEnd": 118.44, 
     "wordId": "UPS", 
     "wordStart": 118.06, 
     "wordConfidence": 1.0
    }, 
    {
     "wordEnd": 118.69, 
     "wordId": "ARE", 
     "wordStart": 118.44, 
     "wordConfidence": 1.0
    }, 
    {
     "wordEnd": 119.20999999999999, 
     "wordId": "GREEN", 
     "wordStart": 118.75, 
     "wordConfidence": 1.0
    }, 
    {
     "wordEnd": 119.54000000000001, 
     "wordId": "X.", 
     "wordStart": 119.23999999999999, 
     "wordConfidence": 1.0
    }, 
    {
     "wordEnd": 119.95999999999999, 
     "wordId": "IS", 
     "wordStart": 119.8, 
     "wordConfidence": 1.0
    }, 
    {
     "wordEnd": 120.05, 
     "wordId": "THE", 
     "wordStart": 119.95999999999999, 
     "wordConfidence": 1.0
    }, 
    {
     "wordEnd": 120.22, 
     "wordId": "VERY", 
     "wordStart": 120.05, 
     "wordConfidence": 1.0
    }, 
    {
     "wordEnd": 120.5, 
     "wordId": "BAD", 
     "wordStart": 120.22, 
     "wordConfidence": 1.0
    }, 
    {
     "wordEnd": 120.59999999999999, 
     "wordId": "IS", 
     "wordStart": 120.5, 
     "wordConfidence": 1.0
    }, 
    {
     "wordEnd": 121.09, 
     "wordId": "GOING", 
     "wordStart": 120.59999999999999, 
     "wordConfidence": 1.0
    }
   ], 
   "endTime": 121.11, 
   "speakerId": "s0001", 
   "startTime": 108.45999999999999
  }, 
  {
   "classId": "speech", 
   "spokenWords": [
    {
     "wordEnd": 121.95, 
     "wordId": "IT", 
     "wordStart": 121.79000000000001, 
     "wordConfidence": 1.0
    }, 
    {
     "wordEnd": 122.17, 
     "wordId": "CAN", 
     "wordStart": 121.95, 
     "wordConfidence": 1.0
    }, 
    {
     "wordEnd": 122.48, 
     "wordId": "GO", 
     "wordStart": 122.17, 
     "wordConfidence": 1.0
    }, 
    {
     "wordEnd": 122.7, 
     "wordId": "TO", 
     "wordStart": 122.52, 
     "wordConfidence": 1.0
    }, 
    {
     "wordEnd": 122.81999999999999, 
     "wordId": "AN", 
     "wordStart": 122.7, 
     "wordConfidence": 1.0
    }, 
    {
     "wordEnd": 123.05, 
     "wordId": "INCH", 
     "wordStart": 122.81999999999999, 
     "wordConfidence": 1.0
    }, 
    {
     "wordEnd": 123.62, 
     "wordId": "TODAY", 
     "wordStart": 123.05, 
     "wordConfidence": 1.0
    }, 
    {
     "wordEnd": 124.13, 
     "wordId": "THE", 
     "wordStart": 123.94, 
     "wordConfidence": 1.0
    }, 
    {
     "wordEnd": 124.59, 
     "wordId": "THE", 
     "wordStart": 124.23999999999999, 
     "wordConfidence": 1.0
    }, 
    {
     "wordEnd": 124.95, 
     "wordId": "THERE", 
     "wordStart": 124.62, 
     "wordConfidence": 1.0
    }, 
    {
     "wordEnd": 125.13, 
     "wordId": "WITH", 
     "wordStart": 124.95, 
     "wordConfidence": 1.0
    }, 
    {
     "wordEnd": 125.19, 
     "wordId": "THE", 
     "wordStart": 125.13, 
     "wordConfidence": 1.0
    }, 
    {
     "wordEnd": 125.78, 
     "wordId": "RIOTERS", 
     "wordStart": 125.19, 
     "wordConfidence": 1.0
    }, 
    {
     "wordEnd": 126.27, 
     "wordId": "SO", 
     "wordStart": 125.78, 
     "wordConfidence": 1.0
    }, 
    {
     "wordEnd": 126.56, 
     "wordId": "WELL", 
     "wordStart": 126.33, 
     "wordConfidence": 1.0
    }, 
    {
     "wordEnd": 126.98999999999999, 
     "wordId": "THAT'S", 
     "wordStart": 126.70999999999999, 
     "wordConfidence": 1.0
    }, 
    {
     "wordEnd": 127.34999999999999, 
     "wordId": "WHY", 
     "wordStart": 126.98999999999999, 
     "wordConfidence": 1.0
    }, 
    {
     "wordEnd": 127.68000000000001, 
     "wordId": "I", 
     "wordStart": 127.40000000000001, 
     "wordConfidence": 1.0
    }, 
    {
     "wordEnd": 128.34999999999999, 
     "wordId": "GUESS", 
     "wordStart": 128.11000000000001, 
     "wordConfidence": 1.0
    }
   ], 
   "endTime": 128.37, 
   "speakerId": "s0001", 
   "startTime": 121.73999999999999
  }, 
  {
   "classId": "speech", 
   "spokenWords": [
    {
     "wordEnd": 129.96000000000001, 
     "wordId": "THE", 
     "wordStart": 129.84999999999999, 
     "wordConfidence": 1.0
    }, 
    {
     "wordEnd": 130.25999999999999, 
     "wordId": "NOISE", 
     "wordStart": 129.96000000000001, 
     "wordConfidence": 1.0
    }, 
    {
     "wordEnd": 130.37, 
     "wordId": "YOU'RE", 
     "wordStart": 130.25999999999999, 
     "wordConfidence": 1.0
    }, 
    {
     "wordEnd": 130.72, 
     "wordId": "LISTENING", 
     "wordStart": 130.36000000000001, 
     "wordConfidence": 1.0
    }, 
    {
     "wordEnd": 130.94, 
     "wordId": "TO", 
     "wordStart": 130.72999999999999, 
     "wordConfidence": 1.0
    }, 
    {
     "wordEnd": 131.12, 
     "wordId": "IS", 
     "wordStart": 130.93000000000001, 
     "wordConfidence": 1.0
    }, 
    {
     "wordEnd": 131.56, 
     "wordId": "JANET", 
     "wordStart": 131.13, 
     "wordConfidence": 1.0
    }, 
    {
     "wordEnd": 132.19999999999999, 
     "wordId": "SQUEEZING", 
     "wordStart": 131.56, 
     "wordConfidence": 1.0
    }, 
    {
     "wordEnd": 132.31, 
     "wordId": "THE", 
     "wordStart": 132.19999999999999, 
     "wordConfidence": 1.0
    }, 
    {
     "wordEnd": 132.62, 
     "wordId": "RUBE", 
     "wordStart": 132.30000000000001, 
     "wordConfidence": 1.0
    }
   ], 
   "endTime": 132.65000000000001, 
   "speakerId": "s0003", 
   "startTime": 129.80000000000001
  }, 
  {
   "classId": "speech", 
   "spokenWords": [
    {
     "wordEnd": 132.93000000000001, 
     "wordId": "HOPE", 
     "wordStart": 132.65000000000001, 
     "wordConfidence": 1.0
    }, 
    {
     "wordEnd": 133.18000000000001, 
     "wordId": "THIS", 
     "wordStart": 132.99000000000001, 
     "wordConfidence": 1.0
    }, 
    {
     "wordEnd": 133.31, 
     "wordId": "IS", 
     "wordStart": 133.18000000000001, 
     "wordConfidence": 1.0
    }, 
    {
     "wordEnd": 133.47999999999999, 
     "wordId": "WHAT", 
     "wordStart": 133.31, 
     "wordConfidence": 1.0
    }, 
    {
     "wordEnd": 133.97, 
     "wordId": "HE", 
     "wordStart": 133.5, 
     "wordConfidence": 0.85999999999999999
    }, 
    {
     "wordEnd": 134.97999999999999, 
     "wordId": "THAT", 
     "wordStart": 134.84, 
     "wordConfidence": 1.0
    }, 
    {
     "wordEnd": 135.12, 
     "wordId": "WAS", 
     "wordStart": 134.97999999999999, 
     "wordConfidence": 1.0
    }
   ], 
   "endTime": 135.22, 
   "speakerId": "s0001", 
   "startTime": 132.65000000000001
  }, 
  {
   "classId": "speech", 
   "spokenWords": [
    {
     "wordEnd": 135.46000000000001, 
     "wordId": "BUT", 
     "wordStart": 135.22, 
     "wordConfidence": 1.0
    }, 
    {
     "wordEnd": 135.93000000000001, 
     "wordId": "FOX", 
     "wordStart": 135.46000000000001, 
     "wordConfidence": 1.0
    }, 
    {
     "wordEnd": 136.36000000000001, 
     "wordId": "KAZAK", 
     "wordStart": 135.94999999999999, 
     "wordConfidence": 0.93000000000000005
    }, 
    {
     "wordEnd": 136.71000000000001, 
     "wordId": "PUT", 
     "wordStart": 136.52000000000001, 
     "wordConfidence": 1.0
    }, 
    {
     "wordEnd": 137.15000000000001, 
     "wordId": "PRESSURE", 
     "wordStart": 136.71000000000001, 
     "wordConfidence": 1.0
    }, 
    {
     "wordEnd": 137.28999999999999, 
     "wordId": "ON", 
     "wordStart": 137.15000000000001, 
     "wordConfidence": 1.0
    }, 
    {
     "wordEnd": 137.44, 
     "wordId": "TO", 
     "wordStart": 137.28, 
     "wordConfidence": 1.0
    }, 
    {
     "wordEnd": 137.56, 
     "wordId": "THE", 
     "wordStart": 137.44999999999999, 
     "wordConfidence": 1.0
    }, 
    {
     "wordEnd": 137.83000000000001, 
     "wordId": "BOAT", 
     "wordStart": 137.56, 
     "wordConfidence": 1.0
    }
   ], 
   "endTime": 137.88, 
   "speakerId": "s0003", 
   "startTime": 135.22
  }, 
  {
   "classId": "speech", 
   "spokenWords": [
    {
     "wordEnd": 138.31999999999999, 
     "wordId": "BUT", 
     "wordStart": 138.11000000000001, 
     "wordConfidence": 1.0
    }, 
    {
     "wordEnd": 139.06, 
     "wordId": "BASICALLY", 
     "wordStart": 138.31999999999999, 
     "wordConfidence": 1.0
    }, 
    {
     "wordEnd": 139.71000000000001, 
     "wordId": "THAT'S", 
     "wordStart": 139.44, 
     "wordConfidence": 1.0
    }, 
    {
     "wordEnd": 139.84, 
     "wordId": "WHAT", 
     "wordStart": 139.71000000000001, 
     "wordConfidence": 1.0
    }, 
    {
     "wordEnd": 140.0, 
     "wordId": "IT", 
     "wordStart": 139.84, 
     "wordConfidence": 1.0
    }, 
    {
     "wordEnd": 140.41999999999999, 
     "wordId": "DOES", 
     "wordStart": 140.0, 
     "wordConfidence": 0.80000000000000004
    }
   ], 
   "endTime": 140.44, 
   "speakerId": "s0001", 
   "startTime": 137.88
  }, 
  {
   "classId": "speech", 
   "spokenWords": [
    {
     "wordEnd": 140.83000000000001, 
     "wordId": "SO", 
     "wordStart": 140.44, 
     "wordConfidence": 0.87
    }, 
    {
     "wordEnd": 141.31, 
     "wordId": "THAT", 
     "wordStart": 141.03, 
     "wordConfidence": 1.0
    }, 
    {
     "wordEnd": 141.63, 
     "wordId": "NOISE", 
     "wordStart": 141.31, 
     "wordConfidence": 1.0
    }, 
    {
     "wordEnd": 141.84, 
     "wordId": "DOES", 
     "wordStart": 141.63, 
     "wordConfidence": 1.0
    }, 
    {
     "wordEnd": 142.24000000000001, 
     "wordId": "HAPPEN", 
     "wordStart": 141.84, 
     "wordConfidence": 1.0
    }
   ], 
   "endTime": 142.97999999999999, 
   "speakerId": "s0003", 
   "startTime": 140.44
  }, 
  {
   "classId": "speech", 
   "spokenWords": [
    {
     "wordEnd": 144.09999999999999, 
     "wordId": "IT", 
     "wordStart": 143.93000000000001, 
     "wordConfidence": 1.0
    }, 
    {
     "wordEnd": 144.41999999999999, 
     "wordId": "SAID", 
     "wordStart": 144.09999999999999, 
     "wordConfidence": 1.0
    }, 
    {
     "wordEnd": 144.56999999999999, 
     "wordId": "YOU", 
     "wordStart": 144.41999999999999, 
     "wordConfidence": 1.0
    }, 
    {
     "wordEnd": 144.71000000000001, 
     "wordId": "CAN", 
     "wordStart": 144.56999999999999, 
     "wordConfidence": 1.0
    }, 
    {
     "wordEnd": 145.03999999999999, 
     "wordId": "HEAR", 
     "wordStart": 144.71000000000001, 
     "wordConfidence": 1.0
    }, 
    {
     "wordEnd": 145.16, 
     "wordId": "IT", 
     "wordStart": 145.03, 
     "wordConfidence": 1.0
    }, 
    {
     "wordEnd": 145.69, 
     "wordId": "GREW", 
     "wordStart": 145.16999999999999, 
     "wordConfidence": 1.0
    }, 
    {
     "wordEnd": 146.03, 
     "wordId": "SO", 
     "wordStart": 145.88, 
     "wordConfidence": 1.0
    }, 
    {
     "wordEnd": 146.12, 
     "wordId": "OF", 
     "wordStart": 146.03999999999999, 
     "wordConfidence": 1.0
    }, 
    {
     "wordEnd": 146.37, 
     "wordId": "COURSE", 
     "wordStart": 146.12, 
     "wordConfidence": 1.0
    }
   ], 
   "endTime": 146.38999999999999, 
   "speakerId": "s0003", 
   "startTime": 143.88
  }, 
  {
   "classId": "speech", 
   "spokenWords": [
    {
     "wordEnd": 146.41999999999999, 
     "wordId": "I", 
     "wordStart": 146.38999999999999, 
     "wordConfidence": 1.0
    }, 
    {
     "wordEnd": 146.63999999999999, 
     "wordId": "GOT", 
     "wordStart": 146.41999999999999, 
     "wordConfidence": 1.0
    }, 
    {
     "wordEnd": 146.74000000000001, 
     "wordId": "ON", 
     "wordStart": 146.63999999999999, 
     "wordConfidence": 1.0
    }, 
    {
     "wordEnd": 147.16999999999999, 
     "wordId": "HONEYS", 
     "wordStart": 146.74000000000001, 
     "wordConfidence": 0.93000000000000005
    }, 
    {
     "wordEnd": 147.30000000000001, 
     "wordId": "AND", 
     "wordStart": 147.18000000000001, 
     "wordConfidence": 1.0
    }, 
    {
     "wordEnd": 147.65000000000001, 
     "wordId": "LISTEN", 
     "wordStart": 147.30000000000001, 
     "wordConfidence": 1.0
    }, 
    {
     "wordEnd": 148.21000000000001, 
     "wordId": "LONG", 
     "wordStart": 147.88999999999999, 
     "wordConfidence": 1.0
    }, 
    {
     "wordEnd": 148.34, 
     "wordId": "AND", 
     "wordStart": 148.21000000000001, 
     "wordConfidence": 1.0
    }, 
    {
     "wordEnd": 148.68000000000001, 
     "wordId": "HARD", 
     "wordStart": 148.34, 
     "wordConfidence": 1.0
    }, 
    {
     "wordEnd": 148.77000000000001, 
     "wordId": "TO", 
     "wordStart": 148.68000000000001, 
     "wordConfidence": 1.0
    }, 
    {
     "wordEnd": 148.86000000000001, 
     "wordId": "THE", 
     "wordStart": 148.77000000000001, 
     "wordConfidence": 1.0
    }, 
    {
     "wordEnd": 149.06999999999999, 
     "wordId": "ROOT", 
     "wordStart": 148.86000000000001, 
     "wordConfidence": 0.94999999999999996
    }, 
    {
     "wordEnd": 149.31, 
     "wordId": "BALL", 
     "wordStart": 149.06999999999999, 
     "wordConfidence": 0.94999999999999996
    }
   ], 
   "endTime": 149.33000000000001, 
   "speakerId": "s0001", 
   "startTime": 146.38999999999999
  }, 
  {
   "classId": "speech", 
   "spokenWords": [
    {
     "wordEnd": 150.37, 
     "wordId": "AS", 
     "wordStart": 150.15000000000001, 
     "wordConfidence": 1.0
    }, 
    {
     "wordEnd": 150.47, 
     "wordId": "YOU", 
     "wordStart": 150.37, 
     "wordConfidence": 1.0
    }, 
    {
     "wordEnd": 150.74000000000001, 
     "wordId": "DO", 
     "wordStart": 150.47, 
     "wordConfidence": 1.0
    }, 
    {
     "wordEnd": 150.96000000000001, 
     "wordId": "THAT", 
     "wordStart": 150.81, 
     "wordConfidence": 0.81999999999999995
    }, 
    {
     "wordEnd": 151.22, 
     "wordId": "HE", 
     "wordStart": 151.03, 
     "wordConfidence": 0.81999999999999995
    }, 
    {
     "wordEnd": 151.50999999999999, 
     "wordId": "SAVED", 
     "wordStart": 151.21000000000001, 
     "wordConfidence": 0.81999999999999995
    }, 
    {
     "wordEnd": 151.91, 
     "wordId": "ME", 
     "wordStart": 151.65000000000001, 
     "wordConfidence": 0.81999999999999995
    }, 
    {
     "wordEnd": 152.34999999999999, 
     "wordId": "FROM", 
     "wordStart": 152.16999999999999, 
     "wordConfidence": 1.0
    }, 
    {
     "wordEnd": 152.78, 
     "wordId": "THEM", 
     "wordStart": 152.56999999999999, 
     "wordConfidence": 1.0
    }
   ], 
   "endTime": 152.81, 
   "speakerId": "s0001", 
   "startTime": 150.06999999999999
  }, 
  {
   "classId": "speech", 
   "spokenWords": [
    {
     "wordEnd": 155.00999999999999, 
     "wordId": "STRANGE", 
     "wordStart": 154.56999999999999, 
     "wordConfidence": 1.0
    }, 
    {
     "wordEnd": 155.28999999999999, 
     "wordId": "LOOKING", 
     "wordStart": 155.00999999999999, 
     "wordConfidence": 1.0
    }, 
    {
     "wordEnd": 155.44999999999999, 
     "wordId": "THING", 
     "wordStart": 155.28999999999999, 
     "wordConfidence": 1.0
    }
   ], 
   "endTime": 155.47, 
   "speakerId": "s0004", 
   "startTime": 152.81
  }, 
  {
   "classId": "speech", 
   "spokenWords": [
    {
     "wordEnd": 162.30000000000001, 
     "wordId": "I", 
     "wordStart": 162.16, 
     "wordConfidence": 1.0
    }, 
    {
     "wordEnd": 162.66, 
     "wordId": "READ", 
     "wordStart": 162.31, 
     "wordConfidence": 1.0
    }, 
    {
     "wordEnd": 162.83000000000001, 
     "wordId": "A", 
     "wordStart": 162.66, 
     "wordConfidence": 0.94999999999999996
    }, 
    {
     "wordEnd": 164.59999999999999, 
     "wordId": "PROBLEM", 
     "wordStart": 164.16999999999999, 
     "wordConfidence": 1.0
    }
   ], 
   "endTime": 165.08000000000001, 
   "speakerId": "s0001", 
   "startTime": 160.12
  }, 
  {
   "classId": "speech", 
   "spokenWords": [
    {
     "wordEnd": 172.68000000000001, 
     "wordId": "HAVING", 
     "wordStart": 172.41, 
     "wordConfidence": 1.0
    }, 
    {
     "wordEnd": 172.91, 
     "wordId": "NEVER", 
     "wordStart": 172.68000000000001, 
     "wordConfidence": 1.0
    }, 
    {
     "wordEnd": 173.13, 
     "wordId": "HAD", 
     "wordStart": 172.91, 
     "wordConfidence": 1.0
    }, 
    {
     "wordEnd": 173.31999999999999, 
     "wordId": "ANY", 
     "wordStart": 173.13, 
     "wordConfidence": 1.0
    }, 
    {
     "wordEnd": 173.69999999999999, 
     "wordId": "AIRLINE", 
     "wordStart": 173.31999999999999, 
     "wordConfidence": 1.0
    }, 
    {
     "wordEnd": 174.00999999999999, 
     "wordId": "YES", 
     "wordStart": 173.75, 
     "wordConfidence": 1.0
    }, 
    {
     "wordEnd": 174.78, 
     "wordId": "RUBBER", 
     "wordStart": 174.27000000000001, 
     "wordConfidence": 1.0
    }
   ], 
   "endTime": 174.94, 
   "speakerId": "s0004", 
   "startTime": 172.41
  }, 
  {
   "classId": "speech", 
   "spokenWords": [
    {
     "wordEnd": 175.06, 
     "wordId": "NOW", 
     "wordStart": 174.94, 
     "wordConfidence": 1.0
    }, 
    {
     "wordEnd": 175.19, 
     "wordId": "IN", 
     "wordStart": 175.06, 
     "wordConfidence": 1.0
    }, 
    {
     "wordEnd": 175.25999999999999, 
     "wordId": "THE", 
     "wordStart": 175.19, 
     "wordConfidence": 1.0
    }, 
    {
     "wordEnd": 175.66, 
     "wordId": "LIVING", 
     "wordStart": 175.25999999999999, 
     "wordConfidence": 1.0
    }, 
    {
     "wordEnd": 176.16, 
     "wordId": "MEMORY", 
     "wordStart": 175.66, 
     "wordConfidence": 1.0
    }, 
    {
     "wordEnd": 176.41, 
     "wordId": "HAVE", 
     "wordStart": 176.19999999999999, 
     "wordConfidence": 1.0
    }, 
    {
     "wordEnd": 176.61000000000001, 
     "wordId": "WE", 
     "wordStart": 176.41, 
     "wordConfidence": 1.0
    }, 
    {
     "wordEnd": 177.31, 
     "wordId": "EVER", 
     "wordStart": 176.84, 
     "wordConfidence": 1.0
    }, 
    {
     "wordEnd": 177.77000000000001, 
     "wordId": "HAD", 
     "wordStart": 177.50999999999999, 
     "wordConfidence": 1.0
    }, 
    {
     "wordEnd": 177.84, 
     "wordId": "THE", 
     "wordStart": 177.77000000000001, 
     "wordConfidence": 1.0
    }, 
    {
     "wordEnd": 178.40000000000001, 
     "wordId": "PROBLEMS", 
     "wordStart": 177.84, 
     "wordConfidence": 1.0
    }, 
    {
     "wordEnd": 178.55000000000001, 
     "wordId": "THAT", 
     "wordStart": 178.40000000000001, 
     "wordConfidence": 1.0
    }, 
    {
     "wordEnd": 178.69, 
     "wordId": "WE'VE", 
     "wordStart": 178.55000000000001, 
     "wordConfidence": 0.83999999999999997
    }, 
    {
     "wordEnd": 178.90000000000001, 
     "wordId": "HAD", 
     "wordStart": 178.69, 
     "wordConfidence": 0.83999999999999997
    }, 
    {
     "wordEnd": 179.08000000000001, 
     "wordId": "THE", 
     "wordStart": 178.94999999999999, 
     "wordConfidence": 1.0
    }, 
    {
     "wordEnd": 179.59999999999999, 
     "wordId": "SOONER", 
     "wordStart": 179.09, 
     "wordConfidence": 1.0
    }, 
    {
     "wordEnd": 180.09, 
     "wordId": "WE", 
     "wordStart": 179.94999999999999, 
     "wordConfidence": 1.0
    }, 
    {
     "wordEnd": 180.44999999999999, 
     "wordId": "DIDN'T", 
     "wordStart": 180.09999999999999, 
     "wordConfidence": 1.0
    }, 
    {
     "wordEnd": 180.66999999999999, 
     "wordId": "GET", 
     "wordStart": 180.44999999999999, 
     "wordConfidence": 1.0
    }, 
    {
     "wordEnd": 180.88999999999999, 
     "wordId": "THAT", 
     "wordStart": 180.66999999999999, 
     "wordConfidence": 1.0
    }, 
    {
     "wordEnd": 181.38999999999999, 
     "wordId": "FROTH", 
     "wordStart": 180.88999999999999, 
     "wordConfidence": 1.0
    }
   ], 
   "endTime": 181.41, 
   "speakerId": "s0001", 
   "startTime": 174.94
  }, 
  {
   "classId": "speech", 
   "spokenWords": [
    {
     "wordEnd": 182.49000000000001, 
     "wordId": "YOUR", 
     "wordStart": 182.25999999999999, 
     "wordConfidence": 1.0
    }, 
    {
     "wordEnd": 182.77000000000001, 
     "wordId": "CHRIS", 
     "wordStart": 182.49000000000001, 
     "wordConfidence": 1.0
    }, 
    {
     "wordEnd": 183.06, 
     "wordId": "TO", 
     "wordStart": 182.78, 
     "wordConfidence": 0.56999999999999995
    }, 
    {
     "wordEnd": 183.44, 
     "wordId": "HOT", 
     "wordStart": 183.06, 
     "wordConfidence": 0.96999999999999997
    }, 
    {
     "wordEnd": 184.97999999999999, 
     "wordId": "OH", 
     "wordStart": 184.81999999999999, 
     "wordConfidence": 1.0
    }, 
    {
     "wordEnd": 185.34, 
     "wordId": "WELL", 
     "wordStart": 185.11000000000001, 
     "wordConfidence": 1.0
    }, 
    {
     "wordEnd": 185.5, 
     "wordId": "IT'S", 
     "wordStart": 185.34, 
     "wordConfidence": 1.0
    }, 
    {
     "wordEnd": 185.56999999999999, 
     "wordId": "A", 
     "wordStart": 185.5, 
     "wordConfidence": 1.0
    }, 
    {
     "wordEnd": 185.77000000000001, 
     "wordId": "BIT", 
     "wordStart": 185.56999999999999, 
     "wordConfidence": 1.0
    }, 
    {
     "wordEnd": 185.97, 
     "wordId": "LEFT", 
     "wordStart": 185.77000000000001, 
     "wordConfidence": 0.54000000000000004
    }, 
    {
     "wordEnd": 187.21000000000001, 
     "wordId": "THE", 
     "wordStart": 186.94999999999999, 
     "wordConfidence": 1.0
    }, 
    {
     "wordEnd": 187.53, 
     "wordId": "ROOM", 
     "wordStart": 187.21000000000001, 
     "wordConfidence": 0.55000000000000004
    }, 
    {
     "wordEnd": 187.72999999999999, 
     "wordId": "BABA", 
     "wordStart": 187.53, 
     "wordConfidence": 0.54000000000000004
    }
   ], 
   "endTime": 187.78999999999999, 
   "speakerId": "s0001", 
   "startTime": 182.25999999999999
  }, 
  {
   "classId": "speech", 
   "spokenWords": [
    {
     "wordEnd": 190.52000000000001, 
     "wordId": "YOU", 
     "wordStart": 190.40000000000001, 
     "wordConfidence": 1.0
    }, 
    {
     "wordEnd": 190.78999999999999, 
     "wordId": "SEE", 
     "wordStart": 190.52000000000001, 
     "wordConfidence": 1.0
    }, 
    {
     "wordEnd": 190.87, 
     "wordId": "THE", 
     "wordStart": 190.78999999999999, 
     "wordConfidence": 1.0
    }, 
    {
     "wordEnd": 191.22999999999999, 
     "wordId": "NORMALLY", 
     "wordStart": 190.87, 
     "wordConfidence": 1.0
    }, 
    {
     "wordEnd": 191.77000000000001, 
     "wordId": "SLIGHTLY", 
     "wordStart": 191.22999999999999, 
     "wordConfidence": 1.0
    }, 
    {
     "wordEnd": 192.47999999999999, 
     "wordId": "SIBERIAN", 
     "wordStart": 191.77000000000001, 
     "wordConfidence": 1.0
    }, 
    {
     "wordEnd": 192.75999999999999, 
     "wordId": "CHILL", 
     "wordStart": 192.47999999999999, 
     "wordConfidence": 1.0
    }, 
    {
     "wordEnd": 192.84, 
     "wordId": "OF", 
     "wordStart": 192.75999999999999, 
     "wordConfidence": 1.0
    }, 
    {
     "wordEnd": 192.94999999999999, 
     "wordId": "THEM", 
     "wordStart": 192.84, 
     "wordConfidence": 1.0
    }
   ], 
   "endTime": 192.97, 
   "speakerId": "s0003", 
   "startTime": 190.34999999999999
  }, 
  {
   "classId": "speech", 
   "spokenWords": [
    {
     "wordEnd": 193.28, 
     "wordId": "BOB", 
     "wordStart": 193.06999999999999, 
     "wordConfidence": 0.91000000000000003
    }, 
    {
     "wordEnd": 193.86000000000001, 
     "wordId": "TRIANGLE", 
     "wordStart": 193.30000000000001, 
     "wordConfidence": 1.0
    }, 
    {
     "wordEnd": 194.38, 
     "wordId": "IS", 
     "wordStart": 194.21000000000001, 
     "wordConfidence": 1.0
    }, 
    {
     "wordEnd": 194.47, 
     "wordId": "AN", 
     "wordStart": 194.38, 
     "wordConfidence": 1.0
    }, 
    {
     "wordEnd": 195.03, 
     "wordId": "ESSENTIAL", 
     "wordStart": 194.47, 
     "wordConfidence": 1.0
    }, 
    {
     "wordEnd": 195.41999999999999, 
     "wordId": "PART", 
     "wordStart": 195.03, 
     "wordConfidence": 1.0
    }, 
    {
     "wordEnd": 195.49000000000001, 
     "wordId": "OF", 
     "wordStart": 195.43000000000001, 
     "wordConfidence": 1.0
    }, 
    {
     "wordEnd": 195.56999999999999, 
     "wordId": "THE", 
     "wordStart": 195.49000000000001, 
     "wordConfidence": 1.0
    }
   ], 
   "endTime": 195.59, 
   "speakerId": "s0001", 
   "startTime": 192.97
  }, 
  {
   "classId": "speech", 
   "spokenWords": [
    {
     "wordEnd": 195.88999999999999, 
     "wordId": "GROWING", 
     "wordStart": 195.59, 
     "wordConfidence": 1.0
    }, 
    {
     "wordEnd": 196.66999999999999, 
     "wordId": "PROCESS", 
     "wordStart": 195.88999999999999, 
     "wordConfidence": 1.0
    }, 
    {
     "wordEnd": 196.90000000000001, 
     "wordId": "REAL", 
     "wordStart": 196.72999999999999, 
     "wordConfidence": 1.0
    }, 
    {
     "wordEnd": 197.19, 
     "wordId": "BARBIE", 
     "wordStart": 196.91, 
     "wordConfidence": 1.0
    }, 
    {
     "wordEnd": 197.41, 
     "wordId": "IS", 
     "wordStart": 197.19999999999999, 
     "wordConfidence": 1.0
    }, 
    {
     "wordEnd": 198.28, 
     "wordId": "FASCINATING", 
     "wordStart": 197.41, 
     "wordConfidence": 1.0
    }, 
    {
     "wordEnd": 198.83000000000001, 
     "wordId": "DID", 
     "wordStart": 198.66, 
     "wordConfidence": 1.0
    }, 
    {
     "wordEnd": 198.91, 
     "wordId": "YOU", 
     "wordStart": 198.83000000000001, 
     "wordConfidence": 1.0
    }, 
    {
     "wordEnd": 199.09, 
     "wordId": "KNOW", 
     "wordStart": 198.91, 
     "wordConfidence": 1.0
    }, 
    {
     "wordEnd": 199.22999999999999, 
     "wordId": "FOR", 
     "wordStart": 199.09, 
     "wordConfidence": 1.0
    }, 
    {
     "wordEnd": 199.61000000000001, 
     "wordId": "INSTANCE", 
     "wordStart": 199.22999999999999, 
     "wordConfidence": 1.0
    }, 
    {
     "wordEnd": 199.69999999999999, 
     "wordId": "THAT", 
     "wordStart": 199.59999999999999, 
     "wordConfidence": 1.0
    }, 
    {
     "wordEnd": 199.78, 
     "wordId": "IT", 
     "wordStart": 199.71000000000001, 
     "wordConfidence": 1.0
    }, 
    {
     "wordEnd": 199.88999999999999, 
     "wordId": "WAS", 
     "wordStart": 199.78, 
     "wordConfidence": 1.0
    }, 
    {
     "wordEnd": 199.96000000000001, 
     "wordId": "A", 
     "wordStart": 199.88999999999999, 
     "wordConfidence": 1.0
    }, 
    {
     "wordEnd": 200.21000000000001, 
     "wordId": "RIDGE", 
     "wordStart": 199.96000000000001, 
     "wordConfidence": 1.0
    }
   ], 
   "endTime": 200.22999999999999, 
   "speakerId": "s0003", 
   "startTime": 195.59
  }, 
  {
   "classId": "speech", 
   "spokenWords": [
    {
     "wordEnd": 200.31999999999999, 
     "wordId": "HE", 
     "wordStart": 200.22999999999999, 
     "wordConfidence": 0.89000000000000001
    }, 
    {
     "wordEnd": 200.69999999999999, 
     "wordId": "GROWN", 
     "wordStart": 200.31999999999999, 
     "wordConfidence": 1.0
    }, 
    {
     "wordEnd": 202.02000000000001, 
     "wordId": "MADISON", 
     "wordStart": 201.46000000000001, 
     "wordConfidence": 1.0
    }, 
    {
     "wordEnd": 202.44, 
     "wordId": "DID", 
     "wordStart": 202.25, 
     "wordConfidence": 1.0
    }
   ], 
   "endTime": 202.88, 
   "speakerId": "s0001", 
   "startTime": 200.22999999999999
  }, 
  {
   "classId": "speech", 
   "spokenWords": [
    {
     "wordEnd": 203.34999999999999, 
     "wordId": "I", 
     "wordStart": 203.19, 
     "wordConfidence": 0.98999999999999999
    }, 
    {
     "wordEnd": 203.59999999999999, 
     "wordId": "DON'T", 
     "wordStart": 203.34999999999999, 
     "wordConfidence": 0.95999999999999996
    }, 
    {
     "wordEnd": 203.68000000000001, 
     "wordId": "GO", 
     "wordStart": 203.59999999999999, 
     "wordConfidence": 0.95999999999999996
    }, 
    {
     "wordEnd": 204.05000000000001, 
     "wordId": "AROUND", 
     "wordStart": 203.68000000000001, 
     "wordConfidence": 1.0
    }, 
    {
     "wordEnd": 204.19, 
     "wordId": "THE", 
     "wordStart": 204.08000000000001, 
     "wordConfidence": 1.0
    }, 
    {
     "wordEnd": 204.52000000000001, 
     "wordId": "ROOM", 
     "wordStart": 204.19, 
     "wordConfidence": 1.0
    }, 
    {
     "wordEnd": 204.74000000000001, 
     "wordId": "SO", 
     "wordStart": 204.58000000000001, 
     "wordConfidence": 0.96999999999999997
    }, 
    {
     "wordEnd": 205.08000000000001, 
     "wordId": "I", 
     "wordStart": 204.99000000000001, 
     "wordConfidence": 1.0
    }, 
    {
     "wordEnd": 205.43000000000001, 
     "wordId": "THINK", 
     "wordStart": 205.08000000000001, 
     "wordConfidence": 1.0
    }
   ], 
   "endTime": 205.44999999999999, 
   "speakerId": "s0003", 
   "startTime": 202.88
  }, 
  {
   "classId": "speech", 
   "spokenWords": [
    {
     "wordEnd": 205.72999999999999, 
     "wordId": "IF", 
     "wordStart": 205.44999999999999, 
     "wordConfidence": 1.0
    }, 
    {
     "wordEnd": 205.84999999999999, 
     "wordId": "THE", 
     "wordStart": 205.72999999999999, 
     "wordConfidence": 1.0
    }, 
    {
     "wordEnd": 206.02000000000001, 
     "wordId": "MEAN", 
     "wordStart": 205.86000000000001, 
     "wordConfidence": 1.0
    }, 
    {
     "wordEnd": 206.28999999999999, 
     "wordId": "YELLOW", 
     "wordStart": 206.00999999999999, 
     "wordConfidence": 1.0
    }, 
    {
     "wordEnd": 206.44999999999999, 
     "wordId": "WELL", 
     "wordStart": 206.31, 
     "wordConfidence": 0.84999999999999998
    }, 
    {
     "wordEnd": 207.11000000000001, 
     "wordId": "COMPOUNDING", 
     "wordStart": 206.44999999999999, 
     "wordConfidence": 1.0
    }, 
    {
     "wordEnd": 207.72999999999999, 
     "wordId": "THAT", 
     "wordStart": 207.53999999999999, 
     "wordConfidence": 1.0
    }, 
    {
     "wordEnd": 207.81999999999999, 
     "wordId": "THE", 
     "wordStart": 207.72, 
     "wordConfidence": 0.81999999999999995
    }, 
    {
     "wordEnd": 208.33000000000001, 
     "wordId": "USED", 
     "wordStart": 207.83000000000001, 
     "wordConfidence": 1.0
    }, 
    {
     "wordEnd": 208.47999999999999, 
     "wordId": "FOR", 
     "wordStart": 208.33000000000001, 
     "wordConfidence": 0.93000000000000005
    }, 
    {
     "wordEnd": 208.81, 
     "wordId": "OUR", 
     "wordStart": 208.47999999999999, 
     "wordConfidence": 0.93000000000000005
    }, 
    {
     "wordEnd": 210.03, 
     "wordId": "VENEREAL", 
     "wordStart": 209.38, 
     "wordConfidence": 1.0
    }, 
    {
     "wordEnd": 210.81999999999999, 
     "wordId": "DISEASE", 
     "wordStart": 210.03, 
     "wordConfidence": 1.0
    }, 
    {
     "wordEnd": 211.38, 
     "wordId": "STILL", 
     "wordStart": 211.02000000000001, 
     "wordConfidence": 1.0
    }, 
    {
     "wordEnd": 211.55000000000001, 
     "wordId": "WHAT", 
     "wordStart": 211.38, 
     "wordConfidence": 1.0
    }, 
    {
     "wordEnd": 212.63999999999999, 
     "wordId": "COMPLAINTS", 
     "wordStart": 211.55000000000001, 
     "wordConfidence": 1.0
    }
   ], 
   "endTime": 212.66, 
   "speakerId": "s0001", 
   "startTime": 205.44999999999999
  }, 
  {
   "classId": "speech", 
   "spokenWords": [
    {
     "wordEnd": 213.31, 
     "wordId": "WHAT", 
     "wordStart": 213.03999999999999, 
     "wordConfidence": 1.0
    }, 
    {
     "wordEnd": 213.43000000000001, 
     "wordId": "WE", 
     "wordStart": 213.31, 
     "wordConfidence": 1.0
    }, 
    {
     "wordEnd": 213.96000000000001, 
     "wordId": "KNOW", 
     "wordStart": 213.43000000000001, 
     "wordConfidence": 1.0
    }, 
    {
     "wordEnd": 214.24000000000001, 
     "wordId": "THEY", 
     "wordStart": 214.03999999999999, 
     "wordConfidence": 1.0
    }, 
    {
     "wordEnd": 214.56999999999999, 
     "wordId": "COLD", 
     "wordStart": 214.24000000000001, 
     "wordConfidence": 1.0
    }, 
    {
     "wordEnd": 215.12, 
     "wordId": "EXPECTING", 
     "wordStart": 214.56999999999999, 
     "wordConfidence": 1.0
    }, 
    {
     "wordEnd": 215.19, 
     "wordId": "A", 
     "wordStart": 215.12, 
     "wordConfidence": 1.0
    }, 
    {
     "wordEnd": 215.52000000000001, 
     "wordId": "BLOW", 
     "wordStart": 215.19, 
     "wordConfidence": 1.0
    }
   ], 
   "endTime": 215.53999999999999, 
   "speakerId": "s0001", 
   "startTime": 213.03999999999999
  }, 
  {
   "classId": "speech", 
   "spokenWords": [
    {
     "wordEnd": 215.75, 
     "wordId": "BUT", 
     "wordStart": 215.53999999999999, 
     "wordConfidence": 1.0
    }, 
    {
     "wordEnd": 215.90000000000001, 
     "wordId": "THAT", 
     "wordStart": 215.75, 
     "wordConfidence": 1.0
    }, 
    {
     "wordEnd": 216.06, 
     "wordId": "WAS", 
     "wordStart": 215.90000000000001, 
     "wordConfidence": 1.0
    }, 
    {
     "wordEnd": 216.34, 
     "wordId": "OBVIOUS", 
     "wordStart": 216.06, 
     "wordConfidence": 1.0
    }, 
    {
     "wordEnd": 216.78999999999999, 
     "wordId": "LEADING", 
     "wordStart": 216.34, 
     "wordConfidence": 1.0
    }, 
    {
     "wordEnd": 217.19, 
     "wordId": "PAYING", 
     "wordStart": 216.83000000000001, 
     "wordConfidence": 1.0
    }, 
    {
     "wordEnd": 217.84, 
     "wordId": "A", 
     "wordStart": 217.71000000000001, 
     "wordConfidence": 1.0
    }, 
    {
     "wordEnd": 218.02000000000001, 
     "wordId": "WHOLE", 
     "wordStart": 217.83000000000001, 
     "wordConfidence": 1.0
    }
   ], 
   "endTime": 218.05000000000001, 
   "speakerId": "s0003", 
   "startTime": 215.53999999999999
  }, 
  {
   "classId": "speech", 
   "spokenWords": [
    {
     "wordEnd": 218.13999999999999, 
     "wordId": "A", 
     "wordStart": 218.05000000000001, 
     "wordConfidence": 1.0
    }, 
    {
     "wordEnd": 219.0, 
     "wordId": "LIST", 
     "wordStart": 218.13999999999999, 
     "wordConfidence": 1.0
    }, 
    {
     "wordEnd": 219.53, 
     "wordId": "OF", 
     "wordStart": 219.09, 
     "wordConfidence": 1.0
    }, 
    {
     "wordEnd": 220.24000000000001, 
     "wordId": "LONG", 
     "wordStart": 219.72, 
     "wordConfidence": 1.0
    }, 
    {
     "wordEnd": 220.43000000000001, 
     "wordId": "AND", 
     "wordStart": 220.24000000000001, 
     "wordConfidence": 1.0
    }, 
    {
     "wordEnd": 220.59, 
     "wordId": "WITH", 
     "wordStart": 220.43000000000001, 
     "wordConfidence": 1.0
    }, 
    {
     "wordEnd": 220.66999999999999, 
     "wordId": "THE", 
     "wordStart": 220.59, 
     "wordConfidence": 1.0
    }, 
    {
     "wordEnd": 221.30000000000001, 
     "wordId": "PROBLEM", 
     "wordStart": 220.66999999999999, 
     "wordConfidence": 0.92000000000000004
    }, 
    {
     "wordEnd": 221.59, 
     "wordId": "SO", 
     "wordStart": 221.31, 
     "wordConfidence": 0.92000000000000004
    }, 
    {
     "wordEnd": 221.74000000000001, 
     "wordId": "WE", 
     "wordStart": 221.59999999999999, 
     "wordConfidence": 1.0
    }, 
    {
     "wordEnd": 222.19999999999999, 
     "wordId": "USING", 
     "wordStart": 221.74000000000001, 
     "wordConfidence": 1.0
    }, 
    {
     "wordEnd": 222.34999999999999, 
     "wordId": "IT", 
     "wordStart": 222.19999999999999, 
     "wordConfidence": 1.0
    }, 
    {
     "wordEnd": 222.69999999999999, 
     "wordId": "FOR", 
     "wordStart": 222.34999999999999, 
     "wordConfidence": 1.0
    }
   ], 
   "endTime": 222.80000000000001, 
   "speakerId": "s0001", 
   "startTime": 218.05000000000001
  }, 
  {
   "classId": "speech", 
   "spokenWords": [
    {
     "wordEnd": 223.13, 
     "wordId": "GROUP", 
     "wordStart": 222.80000000000001, 
     "wordConfidence": 1.0
    }, 
    {
     "wordEnd": 223.28999999999999, 
     "wordId": "ARE", 
     "wordStart": 223.13, 
     "wordConfidence": 0.75
    }, 
    {
     "wordEnd": 223.65000000000001, 
     "wordId": "CUTE", 
     "wordStart": 223.30000000000001, 
     "wordConfidence": 1.0
    }, 
    {
     "wordEnd": 224.11000000000001, 
     "wordId": "EVERYTHING", 
     "wordStart": 223.65000000000001, 
     "wordConfidence": 1.0
    }, 
    {
     "wordEnd": 224.97, 
     "wordId": "WELL", 
     "wordStart": 224.59, 
     "wordConfidence": 1.0
    }, 
    {
     "wordEnd": 225.21000000000001, 
     "wordId": "IF", 
     "wordStart": 225.03999999999999, 
     "wordConfidence": 1.0
    }, 
    {
     "wordEnd": 225.28999999999999, 
     "wordId": "IT", 
     "wordStart": 225.21000000000001, 
     "wordConfidence": 1.0
    }
   ], 
   "endTime": 225.31, 
   "speakerId": "s0004", 
   "startTime": 222.80000000000001
  }, 
  {
   "classId": "speech", 
   "spokenWords": [
    {
     "wordEnd": 225.56999999999999, 
     "wordId": "WAS", 
     "wordStart": 225.31, 
     "wordConfidence": 0.77000000000000002
    }, 
    {
     "wordEnd": 226.38999999999999, 
     "wordId": "PARTICULARLY", 
     "wordStart": 225.56999999999999, 
     "wordConfidence": 1.0
    }, 
    {
     "wordEnd": 226.83000000000001, 
     "wordId": "THAT", 
     "wordStart": 226.55000000000001, 
     "wordConfidence": 1.0
    }, 
    {
     "wordEnd": 227.11000000000001, 
     "wordId": "TYPE", 
     "wordStart": 226.84, 
     "wordConfidence": 1.0
    }, 
    {
     "wordEnd": 227.24000000000001, 
     "wordId": "OF", 
     "wordStart": 227.11000000000001, 
     "wordConfidence": 1.0
    }, 
    {
     "wordEnd": 228.05000000000001, 
     "wordId": "COMPLAIN", 
     "wordStart": 227.24000000000001, 
     "wordConfidence": 1.0
    }, 
    {
     "wordEnd": 228.59999999999999, 
     "wordId": "SO", 
     "wordStart": 228.38999999999999, 
     "wordConfidence": 1.0
    }, 
    {
     "wordEnd": 229.09, 
     "wordId": "TODAY", 
     "wordStart": 228.59999999999999, 
     "wordConfidence": 1.0
    }, 
    {
     "wordEnd": 229.19999999999999, 
     "wordId": "THE", 
     "wordStart": 229.09, 
     "wordConfidence": 1.0
    }, 
    {
     "wordEnd": 229.75999999999999, 
     "wordId": "SCIENTISTS", 
     "wordStart": 229.19999999999999, 
     "wordConfidence": 1.0
    }
   ], 
   "endTime": 229.78999999999999, 
   "speakerId": "s0001", 
   "startTime": 225.31
  }, 
  {
   "classId": "speech", 
   "spokenWords": [
    {
     "wordEnd": 229.88999999999999, 
     "wordId": "THE", 
     "wordStart": 229.78999999999999, 
     "wordConfidence": 1.0
    }, 
    {
     "wordEnd": 230.16, 
     "wordId": "LOOK", 
     "wordStart": 229.88999999999999, 
     "wordConfidence": 1.0
    }, 
    {
     "wordEnd": 230.25999999999999, 
     "wordId": "YOU", 
     "wordStart": 230.16, 
     "wordConfidence": 1.0
    }, 
    {
     "wordEnd": 230.53999999999999, 
     "wordId": "KNOW", 
     "wordStart": 230.25999999999999, 
     "wordConfidence": 1.0
    }, 
    {
     "wordEnd": 231.02000000000001, 
     "wordId": "REAL", 
     "wordStart": 230.78, 
     "wordConfidence": 1.0
    }, 
    {
     "wordEnd": 231.53999999999999, 
     "wordId": "BABBLE", 
     "wordStart": 231.02000000000001, 
     "wordConfidence": 0.71999999999999997
    }, 
    {
     "wordEnd": 232.05000000000001, 
     "wordId": "SMILE", 
     "wordStart": 231.53999999999999, 
     "wordConfidence": 1.0
    }
   ], 
   "endTime": 232.30000000000001, 
   "speakerId": "s0003", 
   "startTime": 229.78999999999999
  }, 
  {
   "classId": "speech", 
   "spokenWords": [
    {
     "wordEnd": 232.41999999999999, 
     "wordId": "TO", 
     "wordStart": 232.30000000000001, 
     "wordConfidence": 1.0
    }, 
    {
     "wordEnd": 232.81999999999999, 
     "wordId": "WORK", 
     "wordStart": 232.41999999999999, 
     "wordConfidence": 1.0
    }, 
    {
     "wordEnd": 232.94, 
     "wordId": "AS", 
     "wordStart": 232.81999999999999, 
     "wordConfidence": 1.0
    }, 
    {
     "wordEnd": 233.0, 
     "wordId": "A", 
     "wordStart": 232.94, 
     "wordConfidence": 1.0
    }, 
    {
     "wordEnd": 233.30000000000001, 
     "wordId": "MEHDI", 
     "wordStart": 233.0, 
     "wordConfidence": 1.0
    }, 
    {
     "wordEnd": 233.53999999999999, 
     "wordId": "SAID", 
     "wordStart": 233.30000000000001, 
     "wordConfidence": 1.0
    }
   ], 
   "endTime": 233.56, 
   "speakerId": "s0001", 
   "startTime": 232.30000000000001
  }, 
  {
   "classId": "speech", 
   "spokenWords": [
    {
     "wordEnd": 237.03, 
     "wordId": "PINK", 
     "wordStart": 236.71000000000001, 
     "wordConfidence": 1.0
    }, 
    {
     "wordEnd": 237.86000000000001, 
     "wordId": "TASTY", 
     "wordStart": 237.25999999999999, 
     "wordConfidence": 1.0
    }, 
    {
     "wordEnd": 238.44999999999999, 
     "wordId": "HEALTHY", 
     "wordStart": 237.88999999999999, 
     "wordConfidence": 1.0
    }, 
    {
     "wordEnd": 239.38, 
     "wordId": "NOISE", 
     "wordStart": 239.02000000000001, 
     "wordConfidence": 1.0
    }
   ], 
   "endTime": 239.40000000000001, 
   "speakerId": "s0003", 
   "startTime": 236.71000000000001
  }, 
  {
   "classId": "speech", 
   "spokenWords": [
    {
     "wordEnd": 240.36000000000001, 
     "wordId": "FORCED", 
     "wordStart": 239.94, 
     "wordConfidence": 1.0
    }, 
    {
     "wordEnd": 240.88, 
     "wordId": "REVIVE", 
     "wordStart": 240.36000000000001, 
     "wordConfidence": 1.0
    }, 
    {
     "wordEnd": 241.41, 
     "wordId": "THE", 
     "wordStart": 241.33000000000001, 
     "wordConfidence": 1.0
    }, 
    {
     "wordEnd": 241.78, 
     "wordId": "KING", 
     "wordStart": 241.40000000000001, 
     "wordConfidence": 1.0
    }
   ], 
   "endTime": 242.21000000000001, 
   "speakerId": "s0004", 
   "startTime": 239.40000000000001
  }, 
  {
   "classId": "speech", 
   "spokenWords": [
    {
     "wordEnd": 242.46000000000001, 
     "wordId": "OH", 
     "wordStart": 242.21000000000001, 
     "wordConfidence": 1.0
    }, 
    {
     "wordEnd": 242.97, 
     "wordId": "VEGETABLE", 
     "wordStart": 242.50999999999999, 
     "wordConfidence": 1.0
    }, 
    {
     "wordEnd": 243.49000000000001, 
     "wordId": "COMPOSED", 
     "wordStart": 243.03999999999999, 
     "wordConfidence": 1.0
    }
   ], 
   "endTime": 244.72, 
   "speakerId": "s0001", 
   "startTime": 242.21000000000001
  }, 
  {
   "classId": "speech", 
   "spokenWords": [
    {
     "wordEnd": 244.97, 
     "wordId": "WOW", 
     "wordStart": 244.72, 
     "wordConfidence": 1.0
    }
   ], 
   "endTime": 247.22999999999999, 
   "speakerId": "s0002", 
   "startTime": 244.72
  }, 
  {
   "classId": "speech", 
   "spokenWords": [
    {
     "wordEnd": 252.50999999999999, 
     "wordId": "OH", 
     "wordStart": 252.02000000000001, 
     "wordConfidence": 1.0
    }, 
    {
     "wordEnd": 253.91999999999999, 
     "wordId": "YOU", 
     "wordStart": 253.75999999999999, 
     "wordConfidence": 1.0
    }, 
    {
     "wordEnd": 254.06, 
     "wordId": "CAN", 
     "wordStart": 253.91999999999999, 
     "wordConfidence": 1.0
    }, 
    {
     "wordEnd": 254.34, 
     "wordId": "LISTEN", 
     "wordStart": 254.06, 
     "wordConfidence": 1.0
    }, 
    {
     "wordEnd": 254.44, 
     "wordId": "TO", 
     "wordStart": 254.33000000000001, 
     "wordConfidence": 1.0
    }, 
    {
     "wordEnd": 254.50999999999999, 
     "wordId": "ME", 
     "wordStart": 254.44999999999999, 
     "wordConfidence": 1.0
    }
   ], 
   "endTime": 254.53, 
   "speakerId": "s0001", 
   "startTime": 252.02000000000001
  }, 
  {
   "classId": "speech", 
   "spokenWords": [
    {
     "wordEnd": 254.69999999999999, 
     "wordId": "ALL", 
     "wordStart": 254.53, 
     "wordConfidence": 1.0
    }, 
    {
     "wordEnd": 255.0, 
     "wordId": "FREE", 
     "wordStart": 254.69999999999999, 
     "wordConfidence": 1.0
    }, 
    {
     "wordEnd": 255.5, 
     "wordId": "CONTENT", 
     "wordStart": 255.0, 
     "wordConfidence": 1.0
    }, 
    {
     "wordEnd": 255.72, 
     "wordId": "FROM", 
     "wordStart": 255.5, 
     "wordConfidence": 1.0
    }, 
    {
     "wordEnd": 255.81, 
     "wordId": "THE", 
     "wordStart": 255.72, 
     "wordConfidence": 1.0
    }, 
    {
     "wordEnd": 256.11000000000001, 
     "wordId": "TODAY", 
     "wordStart": 255.81, 
     "wordConfidence": 1.0
    }, 
    {
     "wordEnd": 256.55000000000001, 
     "wordId": "PROGRAM", 
     "wordStart": 256.11000000000001, 
     "wordConfidence": 1.0
    }, 
    {
     "wordEnd": 256.73000000000002, 
     "wordId": "BY", 
     "wordStart": 256.55000000000001, 
     "wordConfidence": 1.0
    }, 
    {
     "wordEnd": 257.00999999999999, 
     "wordId": "GOING", 
     "wordStart": 256.73000000000002, 
     "wordConfidence": 1.0
    }
   ], 
   "endTime": 257.04000000000002, 
   "speakerId": "s0002", 
   "startTime": 254.53
  }, 
  {
   "classId": "speech", 
   "spokenWords": [
    {
     "wordEnd": 257.29000000000002, 
     "wordId": "T.", 
     "wordStart": 257.04000000000002, 
     "wordConfidence": 1.0
    }, 
    {
     "wordEnd": 257.66000000000003, 
     "wordId": "W.", 
     "wordStart": 257.29000000000002, 
     "wordConfidence": 1.0
    }, 
    {
     "wordEnd": 258.00999999999999, 
     "wordId": "W.", 
     "wordStart": 257.66000000000003, 
     "wordConfidence": 1.0
    }, 
    {
     "wordEnd": 258.39999999999998, 
     "wordId": "W.", 
     "wordStart": 258.00999999999999, 
     "wordConfidence": 1.0
    }, 
    {
     "wordEnd": 258.68000000000001, 
     "wordId": "DOT", 
     "wordStart": 258.39999999999998, 
     "wordConfidence": 1.0
    }, 
    {
     "wordEnd": 259.31999999999999, 
     "wordId": "B.B.C.", 
     "wordStart": 258.72000000000003, 
     "wordConfidence": 1.0
    }, 
    {
     "wordEnd": 259.51999999999998, 
     "wordId": "TAUGHT", 
     "wordStart": 259.31, 
     "wordConfidence": 0.95999999999999996
    }
   ], 
   "endTime": 259.55000000000001, 
   "speakerId": "s0001", 
   "startTime": 257.04000000000002
  }, 
  {
   "classId": "speech", 
   "spokenWords": [
    {
     "wordEnd": 259.92000000000002, 
     "wordId": "CODE", 
     "wordStart": 259.55000000000001, 
     "wordConfidence": 1.0
    }, 
    {
     "wordEnd": 260.19, 
     "wordId": "DOT", 
     "wordStart": 259.92000000000002, 
     "wordConfidence": 1.0
    }, 
    {
     "wordEnd": 260.63999999999999, 
     "wordId": "U.K.", 
     "wordStart": 260.19, 
     "wordConfidence": 1.0
    }, 
    {
     "wordEnd": 261.08999999999997, 
     "wordId": "FORWARD", 
     "wordStart": 260.76999999999998, 
     "wordConfidence": 0.75
    }, 
    {
     "wordEnd": 261.44999999999999, 
     "wordId": "SLASH", 
     "wordStart": 261.08999999999997, 
     "wordConfidence": 1.0
    }, 
    {
     "wordEnd": 262.0, 
     "wordId": "TODAY", 
     "wordStart": 261.55000000000001, 
     "wordConfidence": 1.0
    }
   ], 
   "endTime": 262.06, 
   "speakerId": "s0002", 
   "startTime": 259.55000000000001
  }
 ]
}
]
