[{
 "speakers": [
  "s0001"
 ], 
 "classes": [
  "speech"
 ], 
 "segments": [
  {
   "classId": "speech", 
   "spokenWords": [
    {
     "wordEnd": 0.82999999999999996, 
     "wordId": "THIS", 
     "wordStart": 0.65000000000000002, 
     "wordConfidence": 1.0
    }, 
    {
     "wordEnd": 0.97999999999999998, 
     "wordId": "IS", 
     "wordStart": 0.82999999999999996, 
     "wordConfidence": 1.0
    }, 
    {
     "wordEnd": 1.1899999999999999, 
     "wordId": "THE", 
     "wordStart": 0.97999999999999998, 
     "wordConfidence": 1.0
    }, 
    {
     "wordEnd": 1.51, 
     "wordId": "WALL", 
     "wordStart": 1.1899999999999999, 
     "wordConfidence": 0.98999999999999999
    }, 
    {
     "wordEnd": 1.8400000000000001, 
     "wordId": "STREET", 
     "wordStart": 1.51, 
     "wordConfidence": 1.0
    }, 
    {
     "wordEnd": 2.1600000000000001, 
     "wordId": "UPDATE", 
     "wordStart": 1.8400000000000001, 
     "wordConfidence": 1.0
    }, 
    {
     "wordEnd": 2.6699999999999999, 
     "wordId": "EDITION", 
     "wordStart": 2.1600000000000001, 
     "wordConfidence": 0.83999999999999997
    }, 
    {
     "wordEnd": 3.0299999999999998, 
     "wordId": "OF", 
     "wordStart": 2.6699999999999999, 
     "wordConfidence": 1.0
    }, 
    {
     "wordEnd": 3.2799999999999998, 
     "wordId": "WORLD", 
     "wordStart": 3.0299999999999998, 
     "wordConfidence": 1.0
    }, 
    {
     "wordEnd": 3.6200000000000001, 
     "wordId": "BUSINESS", 
     "wordStart": 3.2799999999999998, 
     "wordConfidence": 1.0
    }, 
    {
     "wordEnd": 3.9500000000000002, 
     "wordId": "REPORT", 
     "wordStart": 3.6200000000000001, 
     "wordConfidence": 1.0
    }, 
    {
     "wordEnd": 4.0800000000000001, 
     "wordId": "ON", 
     "wordStart": 3.9500000000000002, 
     "wordConfidence": 1.0
    }, 
    {
     "wordEnd": 4.6200000000000001, 
     "wordId": "TUESDAY", 
     "wordStart": 4.0800000000000001, 
     "wordConfidence": 1.0
    }, 
    {
     "wordEnd": 4.8399999999999999, 
     "wordId": "THE", 
     "wordStart": 4.6200000000000001, 
     "wordConfidence": 1.0
    }, 
    {
     "wordEnd": 5.46, 
     "wordId": "THIRTEENTH", 
     "wordStart": 4.8399999999999999, 
     "wordConfidence": 1.0
    }, 
    {
     "wordEnd": 5.5499999999999998, 
     "wordId": "OF", 
     "wordStart": 5.46, 
     "wordConfidence": 1.0
    }, 
    {
     "wordEnd": 6.0999999999999996, 
     "wordId": "DECEMBER", 
     "wordStart": 5.5499999999999998, 
     "wordConfidence": 1.0
    }, 
    {
     "wordEnd": 6.6500000000000004, 
     "wordId": "I'M", 
     "wordStart": 6.3700000000000001, 
     "wordConfidence": 0.56999999999999995
    }, 
    {
     "wordEnd": 7.0599999999999996, 
     "wordId": "ALEX", 
     "wordStart": 6.6799999999999997, 
     "wordConfidence": 0.89000000000000001
    }, 
    {
     "wordEnd": 7.5499999999999998, 
     "wordId": "RITSON", 
     "wordStart": 7.0599999999999996, 
     "wordConfidence": 1.0
    }, 
    {
     "wordEnd": 8.1600000000000001, 
     "wordId": "IN", 
     "wordStart": 7.9900000000000002, 
     "wordConfidence": 0.97999999999999998
    }, 
    {
     "wordEnd": 8.2699999999999996, 
     "wordId": "NEW", 
     "wordStart": 8.1600000000000001, 
     "wordConfidence": 1.0
    }, 
    {
     "wordEnd": 8.6500000000000004, 
     "wordId": "YORK", 
     "wordStart": 8.2699999999999996, 
     "wordConfidence": 1.0
    }, 
    {
     "wordEnd": 8.8399999999999999, 
     "wordId": "THE", 
     "wordStart": 8.6500000000000004, 
     "wordConfidence": 1.0
    }, 
    {
     "wordEnd": 9.1099999999999994, 
     "wordId": "DOW", 
     "wordStart": 8.8800000000000008, 
     "wordConfidence": 1.0
    }, 
    {
     "wordEnd": 9.4900000000000002, 
     "wordId": "JONES", 
     "wordStart": 9.1099999999999994, 
     "wordConfidence": 1.0
    }, 
    {
     "wordEnd": 10.17, 
     "wordId": "AMERICA'S", 
     "wordStart": 9.4900000000000002, 
     "wordConfidence": 1.0
    }, 
    {
     "wordEnd": 10.52, 
     "wordId": "MAIN", 
     "wordStart": 10.210000000000001, 
     "wordConfidence": 0.89000000000000001
    }, 
    {
     "wordEnd": 10.92, 
     "wordId": "SHARE", 
     "wordStart": 10.6, 
     "wordConfidence": 1.0
    }, 
    {
     "wordEnd": 11.32, 
     "wordId": "INDEX", 
     "wordStart": 10.92, 
     "wordConfidence": 1.0
    }, 
    {
     "wordEnd": 11.68, 
     "wordId": "CLOSED", 
     "wordStart": 11.32, 
     "wordConfidence": 1.0
    }, 
    {
     "wordEnd": 11.81, 
     "wordId": "UP", 
     "wordStart": 11.68, 
     "wordConfidence": 1.0
    }, 
    {
     "wordEnd": 11.84, 
     "wordId": "A", 
     "wordStart": 11.81, 
     "wordConfidence": 0.98999999999999999
    }, 
    {
     "wordEnd": 12.1, 
     "wordId": "LITTLE", 
     "wordStart": 11.84, 
     "wordConfidence": 1.0
    }, 
    {
     "wordEnd": 12.390000000000001, 
     "wordId": "OVER", 
     "wordStart": 12.1, 
     "wordConfidence": 0.96999999999999997
    }, 
    {
     "wordEnd": 12.699999999999999, 
     "wordId": "HALF", 
     "wordStart": 12.4, 
     "wordConfidence": 1.0
    }, 
    {
     "wordEnd": 12.85, 
     "wordId": "PER", 
     "wordStart": 12.699999999999999, 
     "wordConfidence": 0.93999999999999995
    }, 
    {
     "wordEnd": 13.18, 
     "wordId": "CENT", 
     "wordStart": 12.85, 
     "wordConfidence": 0.93999999999999995
    }, 
    {
     "wordEnd": 13.56, 
     "wordId": "AT", 
     "wordStart": 13.210000000000001, 
     "wordConfidence": 1.0
    }, 
    {
     "wordEnd": 14.09, 
     "wordId": "NINETY", 
     "wordStart": 13.56, 
     "wordConfidence": 0.56999999999999995
    }, 
    {
     "wordEnd": 14.44, 
     "wordId": "NINE", 
     "wordStart": 14.09, 
     "wordConfidence": 1.0
    }, 
    {
     "wordEnd": 14.67, 
     "wordId": "ONE", 
     "wordStart": 14.44, 
     "wordConfidence": 1.0
    }, 
    {
     "wordEnd": 15.050000000000001, 
     "wordId": "ZERO", 
     "wordStart": 14.67, 
     "wordConfidence": 1.0
    }, 
    {
     "wordEnd": 15.52, 
     "wordId": "IT'S", 
     "wordStart": 15.050000000000001, 
     "wordConfidence": 0.92000000000000004
    }, 
    {
     "wordEnd": 16.289999999999999, 
     "wordId": "SEVENTH", 
     "wordStart": 15.609999999999999, 
     "wordConfidence": 1.0
    }, 
    {
     "wordEnd": 16.879999999999999, 
     "wordId": "STRAIGHT", 
     "wordStart": 16.289999999999999, 
     "wordConfidence": 0.98999999999999999
    }, 
    {
     "wordEnd": 17.32, 
     "wordId": "DAY", 
     "wordStart": 16.91, 
     "wordConfidence": 0.97999999999999998
    }, 
    {
     "wordEnd": 17.579999999999998, 
     "wordId": "OF", 
     "wordStart": 17.359999999999999, 
     "wordConfidence": 0.96999999999999997
    }, 
    {
     "wordEnd": 18.420000000000002, 
     "wordId": "RECORD", 
     "wordStart": 17.789999999999999, 
     "wordConfidence": 1.0
    }, 
    {
     "wordEnd": 18.960000000000001, 
     "wordId": "HIGHS", 
     "wordStart": 18.420000000000002, 
     "wordConfidence": 1.0
    }, 
    {
     "wordEnd": 19.52, 
     "wordId": "AT", 
     "wordStart": 19.199999999999999, 
     "wordConfidence": 1.0
    }, 
    {
     "wordEnd": 19.719999999999999, 
     "wordId": "THE", 
     "wordStart": 19.52, 
     "wordConfidence": 1.0
    }, 
    {
     "wordEnd": 20.190000000000001, 
     "wordId": "CLOSED", 
     "wordStart": 19.75, 
     "wordConfidence": 0.47999999999999998
    }, 
    {
     "wordEnd": 20.280000000000001, 
     "wordId": "FOR", 
     "wordStart": 20.190000000000001, 
     "wordConfidence": 1.0
    }, 
    {
     "wordEnd": 20.780000000000001, 
     "wordId": "DETAILS", 
     "wordStart": 20.280000000000001, 
     "wordConfidence": 1.0
    }, 
    {
     "wordEnd": 20.879999999999999, 
     "wordId": "OF", 
     "wordStart": 20.780000000000001, 
     "wordConfidence": 1.0
    }, 
    {
     "wordEnd": 21.07, 
     "wordId": "WHAT", 
     "wordStart": 20.879999999999999, 
     "wordConfidence": 1.0
    }, 
    {
     "wordEnd": 21.41, 
     "wordId": "HAPPENED", 
     "wordStart": 21.07, 
     "wordConfidence": 1.0
    }, 
    {
     "wordEnd": 21.460000000000001, 
     "wordId": "I", 
     "wordStart": 21.41, 
     "wordConfidence": 1.0
    }, 
    {
     "wordEnd": 21.739999999999998, 
     "wordId": "SPOKE", 
     "wordStart": 21.460000000000001, 
     "wordConfidence": 1.0
    }, 
    {
     "wordEnd": 22.0, 
     "wordId": "TO", 
     "wordStart": 21.739999999999998, 
     "wordConfidence": 1.0
    }, 
    {
     "wordEnd": 22.41, 
     "wordId": "JO", 
     "wordStart": 22.09, 
     "wordConfidence": 0.42999999999999999
    }, 
    {
     "wordEnd": 22.989999999999998, 
     "wordId": "LOSEY", 
     "wordStart": 22.609999999999999, 
     "wordConfidence": 0.58999999999999997
    }, 
    {
     "wordEnd": 23.379999999999999, 
     "wordId": "AT", 
     "wordStart": 23.09, 
     "wordConfidence": 0.91000000000000003
    }, 
    {
     "wordEnd": 23.59, 
     "wordId": "THEME", 
     "wordStart": 23.399999999999999, 
     "wordConfidence": 0.79000000000000004
    }, 
    {
     "wordEnd": 23.739999999999998, 
     "wordId": "IS", 
     "wordStart": 23.59, 
     "wordConfidence": 0.56000000000000005
    }, 
    {
     "wordEnd": 24.27, 
     "wordId": "TRADING", 
     "wordStart": 23.739999999999998, 
     "wordConfidence": 1.0
    }, 
    {
     "wordEnd": 24.510000000000002, 
     "wordId": "IN", 
     "wordStart": 24.300000000000001, 
     "wordConfidence": 1.0
    }, 
    {
     "wordEnd": 24.670000000000002, 
     "wordId": "NEW", 
     "wordStart": 24.510000000000002, 
     "wordConfidence": 0.97999999999999998
    }, 
    {
     "wordEnd": 24.93, 
     "wordId": "JET", 
     "wordStart": 24.670000000000002, 
     "wordConfidence": 0.5
    }
   ], 
   "endTime": 24.989999999999998, 
   "speakerId": "s0001", 
   "startTime": 0.56999999999999995
  }, 
  {
   "classId": "speech", 
   "spokenWords": [
    {
     "wordEnd": 25.539999999999999, 
     "wordId": "IF", 
     "wordStart": 25.399999999999999, 
     "wordConfidence": 0.97999999999999998
    }, 
    {
     "wordEnd": 25.710000000000001, 
     "wordId": "IT", 
     "wordStart": 25.539999999999999, 
     "wordConfidence": 0.98999999999999999
    }, 
    {
     "wordEnd": 25.800000000000001, 
     "wordId": "WAS", 
     "wordStart": 25.710000000000001, 
     "wordConfidence": 0.84999999999999998
    }, 
    {
     "wordEnd": 26.149999999999999, 
     "wordId": "STILL", 
     "wordStart": 25.800000000000001, 
     "wordConfidence": 0.90000000000000002
    }, 
    {
     "wordEnd": 26.5, 
     "wordId": "THE", 
     "wordStart": 26.280000000000001, 
     "wordConfidence": 0.68999999999999995
    }, 
    {
     "wordEnd": 27.02, 
     "wordId": "POST", 
     "wordStart": 26.5, 
     "wordConfidence": 1.0
    }, 
    {
     "wordEnd": 27.710000000000001, 
     "wordId": "ELECTION", 
     "wordStart": 27.239999999999998, 
     "wordConfidence": 1.0
    }, 
    {
     "wordEnd": 28.050000000000001, 
     "wordId": "RALLY", 
     "wordStart": 27.710000000000001, 
     "wordConfidence": 0.97999999999999998
    }, 
    {
     "wordEnd": 28.260000000000002, 
     "wordId": "THAT'S", 
     "wordStart": 28.050000000000001, 
     "wordConfidence": 0.98999999999999999
    }, 
    {
     "wordEnd": 28.539999999999999, 
     "wordId": "GOING", 
     "wordStart": 28.260000000000002, 
     "wordConfidence": 1.0
    }, 
    {
     "wordEnd": 28.699999999999999, 
     "wordId": "ON", 
     "wordStart": 28.539999999999999, 
     "wordConfidence": 1.0
    }, 
    {
     "wordEnd": 29.539999999999999, 
     "wordId": "YOU", 
     "wordStart": 29.41, 
     "wordConfidence": 0.84999999999999998
    }, 
    {
     "wordEnd": 29.699999999999999, 
     "wordId": "KNOW", 
     "wordStart": 29.579999999999998, 
     "wordConfidence": 0.81999999999999995
    }, 
    {
     "wordEnd": 30.02, 
     "wordId": "YOU", 
     "wordStart": 29.739999999999998, 
     "wordConfidence": 0.93999999999999995
    }, 
    {
     "wordEnd": 30.25, 
     "wordId": "MATTER", 
     "wordStart": 30.050000000000001, 
     "wordConfidence": 0.97999999999999998
    }, 
    {
     "wordEnd": 30.75, 
     "wordId": "MOMENTUM", 
     "wordStart": 30.25, 
     "wordConfidence": 1.0
    }, 
    {
     "wordEnd": 30.91, 
     "wordId": "THAT'S", 
     "wordStart": 30.75, 
     "wordConfidence": 0.80000000000000004
    }, 
    {
     "wordEnd": 30.969999999999999, 
     "wordId": "A", 
     "wordStart": 30.91, 
     "wordConfidence": 0.39000000000000001
    }, 
    {
     "wordEnd": 31.129999999999999, 
     "wordId": "GO", 
     "wordStart": 30.969999999999999, 
     "wordConfidence": 0.88
    }, 
    {
     "wordEnd": 31.25, 
     "wordId": "ON", 
     "wordStart": 31.140000000000001, 
     "wordConfidence": 0.96999999999999997
    }, 
    {
     "wordEnd": 31.329999999999998, 
     "wordId": "THE", 
     "wordStart": 31.25, 
     "wordConfidence": 1.0
    }, 
    {
     "wordEnd": 31.870000000000001, 
     "wordId": "MARKET", 
     "wordStart": 31.329999999999998, 
     "wordConfidence": 1.0
    }, 
    {
     "wordEnd": 32.270000000000003, 
     "wordId": "I", 
     "wordStart": 32.07, 
     "wordConfidence": 1.0
    }, 
    {
     "wordEnd": 32.509999999999998, 
     "wordId": "THINK", 
     "wordStart": 32.270000000000003, 
     "wordConfidence": 1.0
    }, 
    {
     "wordEnd": 32.609999999999999, 
     "wordId": "YOU'RE", 
     "wordStart": 32.509999999999998, 
     "wordConfidence": 0.44
    }, 
    {
     "wordEnd": 32.740000000000002, 
     "wordId": "NOT", 
     "wordStart": 32.609999999999999, 
     "wordConfidence": 0.40999999999999998
    }, 
    {
     "wordEnd": 32.979999999999997, 
     "wordId": "SINCE", 
     "wordStart": 32.759999999999998, 
     "wordConfidence": 0.5
    }, 
    {
     "wordEnd": 33.090000000000003, 
     "wordId": "THE", 
     "wordStart": 32.990000000000002, 
     "wordConfidence": 0.91000000000000003
    }, 
    {
     "wordEnd": 33.520000000000003, 
     "wordId": "ELECTION", 
     "wordStart": 33.090000000000003, 
     "wordConfidence": 1.0
    }, 
    {
     "wordEnd": 33.850000000000001, 
     "wordId": "PEOPLE", 
     "wordStart": 33.520000000000003, 
     "wordConfidence": 1.0
    }, 
    {
     "wordEnd": 34.07, 
     "wordId": "OVER", 
     "wordStart": 33.850000000000001, 
     "wordConfidence": 0.88
    }, 
    {
     "wordEnd": 34.380000000000003, 
     "wordId": "POLITE", 
     "wordStart": 34.090000000000003, 
     "wordConfidence": 0.63
    }, 
    {
     "wordEnd": 34.609999999999999, 
     "wordId": "PEOPLE", 
     "wordStart": 34.380000000000003, 
     "wordConfidence": 0.91000000000000003
    }, 
    {
     "wordEnd": 34.700000000000003, 
     "wordId": "WERE", 
     "wordStart": 34.609999999999999, 
     "wordConfidence": 0.60999999999999999
    }, 
    {
     "wordEnd": 35.100000000000001, 
     "wordId": "POSITIONED", 
     "wordStart": 34.700000000000003, 
     "wordConfidence": 0.92000000000000004
    }, 
    {
     "wordEnd": 35.439999999999998, 
     "wordId": "WRONG", 
     "wordStart": 35.100000000000001, 
     "wordConfidence": 0.96999999999999997
    }, 
    {
     "wordEnd": 35.530000000000001, 
     "wordId": "AND", 
     "wordStart": 35.43, 
     "wordConfidence": 0.81999999999999995
    }, 
    {
     "wordEnd": 35.689999999999998, 
     "wordId": "THEY", 
     "wordStart": 35.539999999999999, 
     "wordConfidence": 0.98999999999999999
    }, 
    {
     "wordEnd": 35.909999999999997, 
     "wordId": "WERE", 
     "wordStart": 35.689999999999998, 
     "wordConfidence": 0.98999999999999999
    }, 
    {
     "wordEnd": 36.43, 
     "wordId": "ON", 
     "wordStart": 36.25, 
     "wordConfidence": 1.0
    }, 
    {
     "wordEnd": 36.520000000000003, 
     "wordId": "THE", 
     "wordStart": 36.43, 
     "wordConfidence": 0.98999999999999999
    }, 
    {
     "wordEnd": 36.840000000000003, 
     "wordId": "ROCKS", 
     "wordStart": 36.520000000000003, 
     "wordConfidence": 0.93999999999999995
    }, 
    {
     "wordEnd": 37.020000000000003, 
     "wordId": "OUT", 
     "wordStart": 36.840000000000003, 
     "wordConfidence": 0.95999999999999996
    }, 
    {
     "wordEnd": 37.240000000000002, 
     "wordId": "OF", 
     "wordStart": 37.020000000000003, 
     "wordConfidence": 1.0
    }, 
    {
     "wordEnd": 37.420000000000002, 
     "wordId": "OUR", 
     "wordStart": 37.240000000000002, 
     "wordConfidence": 0.97999999999999998
    }, 
    {
     "wordEnd": 37.810000000000002, 
     "wordId": "CATCHING", 
     "wordStart": 37.420000000000002, 
     "wordConfidence": 1.0
    }, 
    {
     "wordEnd": 37.950000000000003, 
     "wordId": "UP", 
     "wordStart": 37.810000000000002, 
     "wordConfidence": 1.0
    }, 
    {
     "wordEnd": 38.07, 
     "wordId": "TO", 
     "wordStart": 37.950000000000003, 
     "wordConfidence": 1.0
    }, 
    {
     "wordEnd": 38.350000000000001, 
     "wordId": "GUILT", 
     "wordStart": 38.07, 
     "wordConfidence": 0.81000000000000005
    }, 
    {
     "wordEnd": 38.810000000000002, 
     "wordId": "AND", 
     "wordStart": 38.57, 
     "wordConfidence": 1.0
    }, 
    {
     "wordEnd": 38.990000000000002, 
     "wordId": "YOU", 
     "wordStart": 38.810000000000002, 
     "wordConfidence": 1.0
    }, 
    {
     "wordEnd": 39.200000000000003, 
     "wordId": "THINK", 
     "wordStart": 38.990000000000002, 
     "wordConfidence": 1.0
    }, 
    {
     "wordEnd": 39.789999999999999, 
     "wordId": "IT'S", 
     "wordStart": 39.560000000000002, 
     "wordConfidence": 0.93999999999999995
    }, 
    {
     "wordEnd": 40.100000000000001, 
     "wordId": "RIGHT", 
     "wordStart": 39.799999999999997, 
     "wordConfidence": 0.5
    }, 
    {
     "wordEnd": 40.560000000000002, 
     "wordId": "CARROTS", 
     "wordStart": 40.149999999999999, 
     "wordConfidence": 0.80000000000000004
    }, 
    {
     "wordEnd": 40.729999999999997, 
     "wordId": "OR", 
     "wordStart": 40.560000000000002, 
     "wordConfidence": 0.83999999999999997
    }, 
    {
     "wordEnd": 41.060000000000002, 
     "wordId": "DOWN", 
     "wordStart": 40.729999999999997, 
     "wordConfidence": 1.0
    }, 
    {
     "wordEnd": 41.530000000000001, 
     "wordId": "THEY", 
     "wordStart": 41.369999999999997, 
     "wordConfidence": 0.96999999999999997
    }, 
    {
     "wordEnd": 41.700000000000003, 
     "wordId": "PUT", 
     "wordStart": 41.530000000000001, 
     "wordConfidence": 1.0
    }, 
    {
     "wordEnd": 41.780000000000001, 
     "wordId": "IN", 
     "wordStart": 41.700000000000003, 
     "wordConfidence": 0.57999999999999996
    }, 
    {
     "wordEnd": 41.850000000000001, 
     "wordId": "ON", 
     "wordStart": 41.780000000000001, 
     "wordConfidence": 0.32000000000000001
    }, 
    {
     "wordEnd": 42.020000000000003, 
     "wordId": "WITH", 
     "wordStart": 41.850000000000001, 
     "wordConfidence": 0.53000000000000003
    }, 
    {
     "wordEnd": 42.289999999999999, 
     "wordId": "NIPPERS", 
     "wordStart": 42.030000000000001, 
     "wordConfidence": 0.5
    }, 
    {
     "wordEnd": 42.549999999999997, 
     "wordId": "MORE", 
     "wordStart": 42.350000000000001, 
     "wordConfidence": 0.96999999999999997
    }, 
    {
     "wordEnd": 42.93, 
     "wordId": "CAPS", 
     "wordStart": 42.549999999999997, 
     "wordConfidence": 0.64000000000000001
    }, 
    {
     "wordEnd": 43.350000000000001, 
     "wordId": "READY", 
     "wordStart": 42.960000000000001, 
     "wordConfidence": 0.58999999999999997
    }, 
    {
     "wordEnd": 43.950000000000003, 
     "wordId": "LEADER", 
     "wordStart": 43.579999999999998, 
     "wordConfidence": 0.52000000000000002
    }, 
    {
     "wordEnd": 44.130000000000003, 
     "wordId": "AT", 
     "wordStart": 44.0, 
     "wordConfidence": 0.48999999999999999
    }, 
    {
     "wordEnd": 44.310000000000002, 
     "wordId": "ONE", 
     "wordStart": 44.149999999999999, 
     "wordConfidence": 0.52000000000000002
    }, 
    {
     "wordEnd": 44.600000000000001, 
     "wordId": "POINT", 
     "wordStart": 44.329999999999998, 
     "wordConfidence": 0.67000000000000004
    }, 
    {
     "wordEnd": 44.969999999999999, 
     "wordId": "THIS", 
     "wordStart": 44.780000000000001, 
     "wordConfidence": 0.52000000000000002
    }, 
    {
     "wordEnd": 45.450000000000003, 
     "wordId": "DINOSAUR", 
     "wordStart": 45.009999999999998, 
     "wordConfidence": 0.69999999999999996
    }, 
    {
     "wordEnd": 45.780000000000001, 
     "wordId": "DOWN", 
     "wordStart": 45.479999999999997, 
     "wordConfidence": 0.64000000000000001
    }, 
    {
     "wordEnd": 46.119999999999997, 
     "wordId": "SO", 
     "wordStart": 45.869999999999997, 
     "wordConfidence": 0.80000000000000004
    }, 
    {
     "wordEnd": 46.68, 
     "wordId": "I", 
     "wordStart": 46.5, 
     "wordConfidence": 0.69999999999999996
    }, 
    {
     "wordEnd": 46.920000000000002, 
     "wordId": "GET", 
     "wordStart": 46.689999999999998, 
     "wordConfidence": 0.92000000000000004
    }, 
    {
     "wordEnd": 47.460000000000001, 
     "wordId": "THAT", 
     "wordStart": 47.189999999999998, 
     "wordConfidence": 0.96999999999999997
    }, 
    {
     "wordEnd": 47.799999999999997, 
     "wordId": "WE'RE", 
     "wordStart": 47.530000000000001, 
     "wordConfidence": 0.94999999999999996
    }, 
    {
     "wordEnd": 48.07, 
     "wordId": "STARTING", 
     "wordStart": 47.810000000000002, 
     "wordConfidence": 0.98999999999999999
    }, 
    {
     "wordEnd": 48.140000000000001, 
     "wordId": "TO", 
     "wordStart": 48.07, 
     "wordConfidence": 1.0
    }, 
    {
     "wordEnd": 48.310000000000002, 
     "wordId": "RUN", 
     "wordStart": 48.140000000000001, 
     "wordConfidence": 1.0
    }, 
    {
     "wordEnd": 48.43, 
     "wordId": "OUT", 
     "wordStart": 48.310000000000002, 
     "wordConfidence": 1.0
    }
   ], 
   "endTime": 48.530000000000001, 
   "speakerId": "s0001", 
   "startTime": 25.32
  }, 
  {
   "classId": "speech", 
   "spokenWords": [
    {
     "wordEnd": 49.590000000000003, 
     "wordId": "I'M", 
     "wordStart": 49.490000000000002, 
     "wordConfidence": 0.76000000000000001
    }, 
    {
     "wordEnd": 49.759999999999998, 
     "wordId": "HERE", 
     "wordStart": 49.590000000000003, 
     "wordConfidence": 0.77000000000000002
    }, 
    {
     "wordEnd": 49.880000000000003, 
     "wordId": "IN", 
     "wordStart": 49.770000000000003, 
     "wordConfidence": 0.71999999999999997
    }, 
    {
     "wordEnd": 50.520000000000003, 
     "wordId": "TOMORROW'S", 
     "wordStart": 50.009999999999998, 
     "wordConfidence": 0.97999999999999998
    }, 
    {
     "wordEnd": 50.729999999999997, 
     "wordId": "FED", 
     "wordStart": 50.539999999999999, 
     "wordConfidence": 0.70999999999999996
    }, 
    {
     "wordEnd": 51.229999999999997, 
     "wordId": "ANNOUNCEMENT", 
     "wordStart": 50.740000000000002, 
     "wordConfidence": 0.82999999999999996
    }, 
    {
     "wordEnd": 51.68, 
     "wordId": "BUT", 
     "wordStart": 51.5, 
     "wordConfidence": 0.53000000000000003
    }, 
    {
     "wordEnd": 51.799999999999997, 
     "wordId": "IT", 
     "wordStart": 51.689999999999998, 
     "wordConfidence": 0.56999999999999995
    }, 
    {
     "wordEnd": 51.990000000000002, 
     "wordId": "HAVE", 
     "wordStart": 51.880000000000003, 
     "wordConfidence": 0.35999999999999999
    }, 
    {
     "wordEnd": 52.170000000000002, 
     "wordId": "BEEN", 
     "wordStart": 52.020000000000003, 
     "wordConfidence": 0.46999999999999997
    }, 
    {
     "wordEnd": 52.240000000000002, 
     "wordId": "A", 
     "wordStart": 52.170000000000002, 
     "wordConfidence": 0.81999999999999995
    }, 
    {
     "wordEnd": 52.490000000000002, 
     "wordId": "RESERVE", 
     "wordStart": 52.25, 
     "wordConfidence": 0.77000000000000002
    }, 
    {
     "wordEnd": 52.710000000000001, 
     "wordId": "WITH", 
     "wordStart": 52.5, 
     "wordConfidence": 0.65000000000000002
    }, 
    {
     "wordEnd": 52.859999999999999, 
     "wordId": "A", 
     "wordStart": 52.700000000000003, 
     "wordConfidence": 0.64000000000000001
    }, 
    {
     "wordEnd": 53.149999999999999, 
     "wordId": "BEADING", 
     "wordStart": 52.859999999999999, 
     "wordConfidence": 0.33000000000000002
    }, 
    {
     "wordEnd": 53.299999999999997, 
     "wordId": "FOR", 
     "wordStart": 53.149999999999999, 
     "wordConfidence": 0.98999999999999999
    }, 
    {
     "wordEnd": 53.689999999999998, 
     "wordId": "JUDY", 
     "wordStart": 53.310000000000002, 
     "wordConfidence": 0.59999999999999998
    }, 
    {
     "wordEnd": 54.479999999999997, 
     "wordId": "I", 
     "wordStart": 54.280000000000001, 
     "wordConfidence": 0.81000000000000005
    }, 
    {
     "wordEnd": 54.82, 
     "wordId": "DON'T", 
     "wordStart": 54.619999999999997, 
     "wordConfidence": 0.91000000000000003
    }, 
    {
     "wordEnd": 54.990000000000002, 
     "wordId": "MAKE", 
     "wordStart": 54.829999999999998, 
     "wordConfidence": 1.0
    }, 
    {
     "wordEnd": 55.140000000000001, 
     "wordId": "IT", 
     "wordStart": 54.979999999999997, 
     "wordConfidence": 0.90000000000000002
    }, 
    {
     "wordEnd": 55.310000000000002, 
     "wordId": "OUT", 
     "wordStart": 55.149999999999999, 
     "wordConfidence": 0.62
    }, 
    {
     "wordEnd": 55.439999999999998, 
     "wordId": "OF", 
     "wordStart": 55.359999999999999, 
     "wordConfidence": 0.39000000000000001
    }, 
    {
     "wordEnd": 55.689999999999998, 
     "wordId": "WHETHER", 
     "wordStart": 55.450000000000003, 
     "wordConfidence": 0.72999999999999998
    }, 
    {
     "wordEnd": 56.170000000000002, 
     "wordId": "OPERATING", 
     "wordStart": 55.689999999999998, 
     "wordConfidence": 0.97999999999999998
    }, 
    {
     "wordEnd": 56.259999999999998, 
     "wordId": "A", 
     "wordStart": 56.18, 
     "wordConfidence": 0.96999999999999997
    }, 
    {
     "wordEnd": 56.780000000000001, 
     "wordId": "TREAT", 
     "wordStart": 56.259999999999998, 
     "wordConfidence": 0.98999999999999999
    }, 
    {
     "wordEnd": 57.229999999999997, 
     "wordId": "THERE", 
     "wordStart": 57.090000000000003, 
     "wordConfidence": 0.95999999999999996
    }, 
    {
     "wordEnd": 57.420000000000002, 
     "wordId": "COULD", 
     "wordStart": 57.229999999999997, 
     "wordConfidence": 1.0
    }, 
    {
     "wordEnd": 57.600000000000001, 
     "wordId": "BE", 
     "wordStart": 57.420000000000002, 
     "wordConfidence": 1.0
    }, 
    {
     "wordEnd": 58.840000000000003, 
     "wordId": "POTENTIAL", 
     "wordStart": 58.299999999999997, 
     "wordConfidence": 0.97999999999999998
    }, 
    {
     "wordEnd": 59.100000000000001, 
     "wordId": "ENDED", 
     "wordStart": 58.840000000000003, 
     "wordConfidence": 0.63
    }, 
    {
     "wordEnd": 59.219999999999999, 
     "wordId": "THE", 
     "wordStart": 59.130000000000003, 
     "wordConfidence": 0.98999999999999999
    }, 
    {
     "wordEnd": 59.560000000000002, 
     "wordId": "RALLY", 
     "wordStart": 59.219999999999999, 
     "wordConfidence": 1.0
    }, 
    {
     "wordEnd": 59.710000000000001, 
     "wordId": "WILL", 
     "wordStart": 59.560000000000002, 
     "wordConfidence": 1.0
    }, 
    {
     "wordEnd": 60.32, 
     "wordId": "OCCUR", 
     "wordStart": 60.030000000000001, 
     "wordConfidence": 0.75
    }, 
    {
     "wordEnd": 60.609999999999999, 
     "wordId": "MOST", 
     "wordStart": 60.380000000000003, 
     "wordConfidence": 1.0
    }, 
    {
     "wordEnd": 60.799999999999997, 
     "wordId": "PEOPLE", 
     "wordStart": 60.609999999999999, 
     "wordConfidence": 1.0
    }, 
    {
     "wordEnd": 60.969999999999999, 
     "wordId": "OUR", 
     "wordStart": 60.799999999999997, 
     "wordConfidence": 0.94999999999999996
    }, 
    {
     "wordEnd": 61.32, 
     "wordId": "TIBETAN", 
     "wordStart": 60.979999999999997, 
     "wordConfidence": 0.95999999999999996
    }, 
    {
     "wordEnd": 61.380000000000003, 
     "wordId": "AND", 
     "wordStart": 61.310000000000002, 
     "wordConfidence": 0.71999999999999997
    }, 
    {
     "wordEnd": 61.770000000000003, 
     "wordId": "TERESA", 
     "wordStart": 61.390000000000001, 
     "wordConfidence": 0.54000000000000004
    }, 
    {
     "wordEnd": 61.909999999999997, 
     "wordId": "HE'S", 
     "wordStart": 61.759999999999998, 
     "wordConfidence": 0.35999999999999999
    }, 
    {
     "wordEnd": 62.079999999999998, 
     "wordId": "PUT", 
     "wordStart": 61.920000000000002, 
     "wordConfidence": 0.80000000000000004
    }, 
    {
     "wordEnd": 62.32, 
     "wordId": "TWENTY", 
     "wordStart": 62.109999999999999, 
     "wordConfidence": 0.79000000000000004
    }, 
    {
     "wordEnd": 62.5, 
     "wordId": "FIVE", 
     "wordStart": 62.32, 
     "wordConfidence": 0.76000000000000001
    }, 
    {
     "wordEnd": 62.780000000000001, 
     "wordId": "PIECES", 
     "wordStart": 62.509999999999998, 
     "wordConfidence": 0.47999999999999998
    }, 
    {
     "wordEnd": 63.049999999999997, 
     "wordId": "QUITE", 
     "wordStart": 62.789999999999999, 
     "wordConfidence": 0.93000000000000005
    }, 
    {
     "wordEnd": 63.130000000000003, 
     "wordId": "A", 
     "wordStart": 63.049999999999997, 
     "wordConfidence": 0.60999999999999999
    }, 
    {
     "wordEnd": 63.189999999999998, 
     "wordId": "A", 
     "wordStart": 63.130000000000003, 
     "wordConfidence": 0.93000000000000005
    }, 
    {
     "wordEnd": 63.469999999999999, 
     "wordId": "QUARTER", 
     "wordStart": 63.189999999999998, 
     "wordConfidence": 0.88
    }, 
    {
     "wordEnd": 63.859999999999999, 
     "wordId": "OPTION", 
     "wordStart": 63.490000000000002, 
     "wordConfidence": 0.28999999999999998
    }
   ], 
   "endTime": 64.030000000000001, 
   "speakerId": "s0001", 
   "startTime": 49.490000000000002
  }, 
  {
   "classId": "speech", 
   "spokenWords": [
    {
     "wordEnd": 64.739999999999995, 
     "wordId": "AND", 
     "wordStart": 64.569999999999993, 
     "wordConfidence": 1.0
    }, 
    {
     "wordEnd": 64.890000000000001, 
     "wordId": "YET", 
     "wordStart": 64.739999999999995, 
     "wordConfidence": 1.0
    }, 
    {
     "wordEnd": 65.329999999999998, 
     "wordId": "DESPITE", 
     "wordStart": 64.890000000000001, 
     "wordConfidence": 1.0
    }, 
    {
     "wordEnd": 65.540000000000006, 
     "wordId": "THAT", 
     "wordStart": 65.329999999999998, 
     "wordConfidence": 1.0
    }, 
    {
     "wordEnd": 65.629999999999995, 
     "wordId": "THE", 
     "wordStart": 65.540000000000006, 
     "wordConfidence": 0.91000000000000003
    }, 
    {
     "wordEnd": 65.989999999999995, 
     "wordId": "STOCKS", 
     "wordStart": 65.629999999999995, 
     "wordConfidence": 0.71999999999999997
    }, 
    {
     "wordEnd": 66.340000000000003, 
     "wordId": "KEEP", 
     "wordStart": 65.989999999999995, 
     "wordConfidence": 1.0
    }, 
    {
     "wordEnd": 66.540000000000006, 
     "wordId": "ON", 
     "wordStart": 66.340000000000003, 
     "wordConfidence": 1.0
    }, 
    {
     "wordEnd": 66.909999999999997, 
     "wordId": "RISING", 
     "wordStart": 66.540000000000006, 
     "wordConfidence": 1.0
    }, 
    {
     "wordEnd": 67.469999999999999, 
     "wordId": "AS", 
     "wordStart": 67.329999999999998, 
     "wordConfidence": 0.57999999999999996
    }, 
    {
     "wordEnd": 68.140000000000001, 
     "wordId": "RETAILERS", 
     "wordStart": 67.530000000000001, 
     "wordConfidence": 0.90000000000000002
    }, 
    {
     "wordEnd": 68.760000000000005, 
     "wordId": "PARTICULARLY", 
     "wordStart": 68.189999999999998, 
     "wordConfidence": 1.0
    }, 
    {
     "wordEnd": 68.890000000000001, 
     "wordId": "THAT", 
     "wordStart": 68.760000000000005, 
     "wordConfidence": 0.98999999999999999
    }, 
    {
     "wordEnd": 68.969999999999999, 
     "wordId": "WERE", 
     "wordStart": 68.890000000000001, 
     "wordConfidence": 0.54000000000000004
    }, 
    {
     "wordEnd": 69.219999999999999, 
     "wordId": "DOING", 
     "wordStart": 68.969999999999999, 
     "wordConfidence": 1.0
    }, 
    {
     "wordEnd": 69.379999999999995, 
     "wordId": "WELL", 
     "wordStart": 69.219999999999999, 
     "wordConfidence": 0.98999999999999999
    }, 
    {
     "wordEnd": 69.620000000000005, 
     "wordId": "TODAY", 
     "wordStart": 69.379999999999995, 
     "wordConfidence": 1.0
    }, 
    {
     "wordEnd": 70.150000000000006, 
     "wordId": "NIKE", 
     "wordStart": 69.620000000000005, 
     "wordConfidence": 1.0
    }, 
    {
     "wordEnd": 70.659999999999997, 
     "wordId": "AMAZON", 
     "wordStart": 70.150000000000006, 
     "wordConfidence": 1.0
    }, 
    {
     "wordEnd": 71.030000000000001, 
     "wordId": "YEAH", 
     "wordStart": 70.730000000000004, 
     "wordConfidence": 0.93000000000000005
    }, 
    {
     "wordEnd": 71.840000000000003, 
     "wordId": "EQUALLED", 
     "wordStart": 71.409999999999997, 
     "wordConfidence": 0.44
    }, 
    {
     "wordEnd": 72.430000000000007, 
     "wordId": "CONCERN", 
     "wordStart": 71.959999999999994, 
     "wordConfidence": 0.33000000000000002
    }, 
    {
     "wordEnd": 72.969999999999999, 
     "wordId": "CROW", 
     "wordStart": 72.659999999999997, 
     "wordConfidence": 0.27000000000000002
    }, 
    {
     "wordEnd": 74.510000000000005, 
     "wordId": "EXPECTATIONS", 
     "wordStart": 73.379999999999995, 
     "wordConfidence": 0.97999999999999998
    }, 
    {
     "wordEnd": 74.659999999999997, 
     "wordId": "ARE", 
     "wordStart": 74.510000000000005, 
     "wordConfidence": 0.81999999999999995
    }, 
    {
     "wordEnd": 74.890000000000001, 
     "wordId": "STILL", 
     "wordStart": 74.659999999999997, 
     "wordConfidence": 0.94999999999999996
    }, 
    {
     "wordEnd": 75.069999999999993, 
     "wordId": "THERE", 
     "wordStart": 74.890000000000001, 
     "wordConfidence": 0.63
    }, 
    {
     "wordEnd": 75.430000000000007, 
     "wordId": "PEOPLE", 
     "wordStart": 75.060000000000002, 
     "wordConfidence": 1.0
    }
   ], 
   "endTime": 75.590000000000003, 
   "speakerId": "s0001", 
   "startTime": 64.480000000000004
  }, 
  {
   "classId": "speech", 
   "spokenWords": [
    {
     "wordEnd": 76.819999999999993, 
     "wordId": "TAKING", 
     "wordStart": 76.480000000000004, 
     "wordConfidence": 0.80000000000000004
    }, 
    {
     "wordEnd": 77.010000000000005, 
     "wordId": "OUT", 
     "wordStart": 76.859999999999999, 
     "wordConfidence": 0.94999999999999996
    }, 
    {
     "wordEnd": 77.189999999999998, 
     "wordId": "ALL", 
     "wordStart": 77.030000000000001, 
     "wordConfidence": 0.68999999999999995
    }, 
    {
     "wordEnd": 77.280000000000001, 
     "wordId": "OF", 
     "wordStart": 77.219999999999999, 
     "wordConfidence": 0.76000000000000001
    }, 
    {
     "wordEnd": 77.379999999999995, 
     "wordId": "THE", 
     "wordStart": 77.299999999999997, 
     "wordConfidence": 0.82999999999999996
    }, 
    {
     "wordEnd": 77.819999999999993, 
     "wordId": "PLANT", 
     "wordStart": 77.430000000000007, 
     "wordConfidence": 0.53000000000000003
    }, 
    {
     "wordEnd": 78.680000000000007, 
     "wordId": "WHAT", 
     "wordStart": 78.530000000000001, 
     "wordConfidence": 0.35999999999999999
    }, 
    {
     "wordEnd": 78.930000000000007, 
     "wordId": "ABOUT", 
     "wordStart": 78.719999999999999, 
     "wordConfidence": 1.0
    }, 
    {
     "wordEnd": 79.629999999999995, 
     "wordId": "PRELUDE", 
     "wordStart": 78.969999999999999, 
     "wordConfidence": 0.92000000000000004
    }, 
    {
     "wordEnd": 80.560000000000002, 
     "wordId": "PROGRAMME", 
     "wordStart": 80.239999999999995, 
     "wordConfidence": 0.48999999999999999
    }, 
    {
     "wordEnd": 81.019999999999996, 
     "wordId": "ELECT", 
     "wordStart": 80.790000000000006, 
     "wordConfidence": 0.22
    }, 
    {
     "wordEnd": 81.519999999999996, 
     "wordId": "TRUMPET", 
     "wordStart": 81.120000000000005, 
     "wordConfidence": 0.38
    }, 
    {
     "wordEnd": 81.670000000000002, 
     "wordId": "NOT", 
     "wordStart": 81.530000000000001, 
     "wordConfidence": 0.62
    }, 
    {
     "wordEnd": 81.909999999999997, 
     "wordId": "EVEN", 
     "wordStart": 81.700000000000003, 
     "wordConfidence": 1.0
    }, 
    {
     "wordEnd": 82.0, 
     "wordId": "AN", 
     "wordStart": 81.909999999999997, 
     "wordConfidence": 0.97999999999999998
    }, 
    {
     "wordEnd": 82.299999999999997, 
     "wordId": "ART", 
     "wordStart": 82.0, 
     "wordConfidence": 0.47999999999999998
    }, 
    {
     "wordEnd": 82.420000000000002, 
     "wordId": "THAT", 
     "wordStart": 82.299999999999997, 
     "wordConfidence": 0.39000000000000001
    }, 
    {
     "wordEnd": 82.799999999999997, 
     "wordId": "PEOPLE", 
     "wordStart": 82.469999999999999, 
     "wordConfidence": 0.98999999999999999
    }, 
    {
     "wordEnd": 82.989999999999995, 
     "wordId": "WORRIED", 
     "wordStart": 82.799999999999997, 
     "wordConfidence": 0.40999999999999998
    }, 
    {
     "wordEnd": 83.239999999999995, 
     "wordId": "JUST", 
     "wordStart": 82.989999999999995, 
     "wordConfidence": 0.38
    }, 
    {
     "wordEnd": 83.560000000000002, 
     "wordId": "PEELING", 
     "wordStart": 83.269999999999996, 
     "wordConfidence": 0.56000000000000005
    }, 
    {
     "wordEnd": 83.840000000000003, 
     "wordId": "ALL", 
     "wordStart": 83.609999999999999, 
     "wordConfidence": 0.98999999999999999
    }, 
    {
     "wordEnd": 84.019999999999996, 
     "wordId": "THIS", 
     "wordStart": 83.840000000000003, 
     "wordConfidence": 0.97999999999999998
    }, 
    {
     "wordEnd": 84.359999999999999, 
     "wordId": "CRUEL", 
     "wordStart": 84.019999999999996, 
     "wordConfidence": 0.85999999999999999
    }, 
    {
     "wordEnd": 84.640000000000001, 
     "wordId": "AND", 
     "wordStart": 84.390000000000001, 
     "wordConfidence": 1.0
    }, 
    {
     "wordEnd": 85.379999999999995, 
     "wordId": "GROUT", 
     "wordStart": 84.920000000000002, 
     "wordConfidence": 0.5
    }, 
    {
     "wordEnd": 85.959999999999994, 
     "wordId": "EXPERT", 
     "wordStart": 85.390000000000001, 
     "wordConfidence": 0.91000000000000003
    }, 
    {
     "wordEnd": 86.129999999999995, 
     "wordId": "WHAT", 
     "wordStart": 85.959999999999994, 
     "wordConfidence": 0.37
    }, 
    {
     "wordEnd": 86.400000000000006, 
     "wordId": "END", 
     "wordStart": 86.129999999999995, 
     "wordConfidence": 0.71999999999999997
    }, 
    {
     "wordEnd": 86.879999999999995, 
     "wordId": "AND", 
     "wordStart": 86.659999999999997, 
     "wordConfidence": 0.98999999999999999
    }, 
    {
     "wordEnd": 87.239999999999995, 
     "wordId": "CORPORATE", 
     "wordStart": 86.879999999999995, 
     "wordConfidence": 1.0
    }, 
    {
     "wordEnd": 87.629999999999995, 
     "wordId": "SPENDING", 
     "wordStart": 87.239999999999995, 
     "wordConfidence": 1.0
    }, 
    {
     "wordEnd": 87.719999999999999, 
     "wordId": "AND", 
     "wordStart": 87.629999999999995, 
     "wordConfidence": 0.98999999999999999
    }, 
    {
     "wordEnd": 87.939999999999998, 
     "wordId": "SO", 
     "wordStart": 87.719999999999999, 
     "wordConfidence": 0.98999999999999999
    }, 
    {
     "wordEnd": 88.159999999999997, 
     "wordId": "ON", 
     "wordStart": 87.939999999999998, 
     "wordConfidence": 1.0
    }, 
    {
     "wordEnd": 88.290000000000006, 
     "wordId": "IN", 
     "wordStart": 88.159999999999997, 
     "wordConfidence": 0.70999999999999996
    }, 
    {
     "wordEnd": 88.730000000000004, 
     "wordId": "WHICH", 
     "wordStart": 88.530000000000001, 
     "wordConfidence": 1.0
    }, 
    {
     "wordEnd": 88.819999999999993, 
     "wordId": "WE", 
     "wordStart": 88.730000000000004, 
     "wordConfidence": 0.81999999999999995
    }, 
    {
     "wordEnd": 89.079999999999998, 
     "wordId": "THEN", 
     "wordStart": 88.819999999999993, 
     "wordConfidence": 0.81000000000000005
    }, 
    {
     "wordEnd": 89.5, 
     "wordId": "TRAVEL", 
     "wordStart": 89.159999999999997, 
     "wordConfidence": 0.33000000000000002
    }, 
    {
     "wordEnd": 89.719999999999999, 
     "wordId": "IN", 
     "wordStart": 89.549999999999997, 
     "wordConfidence": 0.28000000000000003
    }, 
    {
     "wordEnd": 89.879999999999995, 
     "wordId": "THE", 
     "wordStart": 89.730000000000004, 
     "wordConfidence": 0.45000000000000001
    }, 
    {
     "wordEnd": 90.209999999999994, 
     "wordId": "CONSOLE", 
     "wordStart": 89.909999999999997, 
     "wordConfidence": 0.65000000000000002
    }, 
    {
     "wordEnd": 90.640000000000001, 
     "wordId": "MYSELF", 
     "wordStart": 90.209999999999994, 
     "wordConfidence": 0.95999999999999996
    }, 
    {
     "wordEnd": 91.040000000000006, 
     "wordId": "I", 
     "wordStart": 90.849999999999994, 
     "wordConfidence": 1.0
    }, 
    {
     "wordEnd": 91.239999999999995, 
     "wordId": "THINK", 
     "wordStart": 91.040000000000006, 
     "wordConfidence": 1.0
    }, 
    {
     "wordEnd": 91.310000000000002, 
     "wordId": "A", 
     "wordStart": 91.25, 
     "wordConfidence": 1.0
    }, 
    {
     "wordEnd": 91.659999999999997, 
     "wordId": "LOT", 
     "wordStart": 91.310000000000002, 
     "wordConfidence": 1.0
    }, 
    {
     "wordEnd": 91.719999999999999, 
     "wordId": "OF", 
     "wordStart": 91.659999999999997, 
     "wordConfidence": 1.0
    }, 
    {
     "wordEnd": 91.980000000000004, 
     "wordId": "PEOPLE", 
     "wordStart": 91.719999999999999, 
     "wordConfidence": 1.0
    }, 
    {
     "wordEnd": 92.090000000000003, 
     "wordId": "GOING", 
     "wordStart": 91.989999999999995, 
     "wordConfidence": 0.28000000000000003
    }, 
    {
     "wordEnd": 92.359999999999999, 
     "wordId": "HAPPENING", 
     "wordStart": 92.109999999999999, 
     "wordConfidence": 0.31
    }, 
    {
     "wordEnd": 92.670000000000002, 
     "wordId": "AND", 
     "wordStart": 92.480000000000004, 
     "wordConfidence": 0.51000000000000001
    }, 
    {
     "wordEnd": 92.900000000000006, 
     "wordId": "I", 
     "wordStart": 92.799999999999997, 
     "wordConfidence": 0.89000000000000001
    }, 
    {
     "wordEnd": 93.069999999999993, 
     "wordId": "HAVE", 
     "wordStart": 92.900000000000006, 
     "wordConfidence": 1.0
    }, 
    {
     "wordEnd": 93.299999999999997, 
     "wordId": "HEAVY", 
     "wordStart": 93.060000000000002, 
     "wordConfidence": 0.5
    }, 
    {
     "wordEnd": 93.670000000000002, 
     "wordId": "REALLY", 
     "wordStart": 93.359999999999999, 
     "wordConfidence": 1.0
    }, 
    {
     "wordEnd": 93.930000000000007, 
     "wordId": "THOUGHT", 
     "wordStart": 93.700000000000003, 
     "wordConfidence": 1.0
    }, 
    {
     "wordEnd": 94.209999999999994, 
     "wordId": "ABOUT", 
     "wordStart": 93.930000000000007, 
     "wordConfidence": 1.0
    }
   ], 
   "endTime": 94.349999999999994, 
   "speakerId": "s0001", 
   "startTime": 76.099999999999994
  }, 
  {
   "classId": "speech", 
   "spokenWords": [
    {
     "wordEnd": 95.010000000000005, 
     "wordId": "TO", 
     "wordStart": 94.859999999999999, 
     "wordConfidence": 0.71999999999999997
    }, 
    {
     "wordEnd": 95.340000000000003, 
     "wordId": "FOREIGN", 
     "wordStart": 95.010000000000005, 
     "wordConfidence": 0.93000000000000005
    }, 
    {
     "wordEnd": 95.799999999999997, 
     "wordId": "EVENTUALLY", 
     "wordStart": 95.349999999999994, 
     "wordConfidence": 0.91000000000000003
    }, 
    {
     "wordEnd": 95.939999999999998, 
     "wordId": "AND", 
     "wordStart": 95.829999999999998, 
     "wordConfidence": 0.54000000000000004
    }, 
    {
     "wordEnd": 96.099999999999994, 
     "wordId": "I", 
     "wordStart": 95.950000000000003, 
     "wordConfidence": 0.47999999999999998
    }, 
    {
     "wordEnd": 96.299999999999997, 
     "wordId": "WE", 
     "wordStart": 96.159999999999997, 
     "wordConfidence": 0.41999999999999998
    }, 
    {
     "wordEnd": 96.579999999999998, 
     "wordId": "CAN'T", 
     "wordStart": 96.319999999999993, 
     "wordConfidence": 0.40000000000000002
    }, 
    {
     "wordEnd": 96.900000000000006, 
     "wordId": "ENFORCE", 
     "wordStart": 96.590000000000003, 
     "wordConfidence": 0.39000000000000001
    }, 
    {
     "wordEnd": 97.269999999999996, 
     "wordId": "REPAIRS", 
     "wordStart": 96.900000000000006, 
     "wordConfidence": 0.40000000000000002
    }, 
    {
     "wordEnd": 97.590000000000003, 
     "wordId": "AND", 
     "wordStart": 97.370000000000005, 
     "wordConfidence": 0.97999999999999998
    }, 
    {
     "wordEnd": 98.040000000000006, 
     "wordId": "SOME", 
     "wordStart": 97.849999999999994, 
     "wordConfidence": 0.90000000000000002
    }, 
    {
     "wordEnd": 98.120000000000005, 
     "wordId": "OF", 
     "wordStart": 98.040000000000006, 
     "wordConfidence": 0.88
    }, 
    {
     "wordEnd": 98.5, 
     "wordId": "THE", 
     "wordStart": 98.150000000000006, 
     "wordConfidence": 0.89000000000000001
    }, 
    {
     "wordEnd": 99.969999999999999, 
     "wordId": "INDICATORS", 
     "wordStart": 99.180000000000007, 
     "wordConfidence": 1.0
    }, 
    {
     "wordEnd": 100.2, 
     "wordId": "WHICH", 
     "wordStart": 99.969999999999999, 
     "wordConfidence": 1.0
    }, 
    {
     "wordEnd": 100.94, 
     "wordId": "COUNTRY", 
     "wordStart": 100.42, 
     "wordConfidence": 0.70999999999999996
    }, 
    {
     "wordEnd": 101.23999999999999, 
     "wordId": "PEP", 
     "wordStart": 101.01000000000001, 
     "wordConfidence": 0.72999999999999998
    }, 
    {
     "wordEnd": 101.81, 
     "wordId": "INDICATED", 
     "wordStart": 101.23999999999999, 
     "wordConfidence": 0.98999999999999999
    }, 
    {
     "wordEnd": 101.93000000000001, 
     "wordId": "A", 
     "wordStart": 101.81, 
     "wordConfidence": 0.97999999999999998
    }, 
    {
     "wordEnd": 102.45, 
     "wordId": "YUPPIE", 
     "wordStart": 101.93000000000001, 
     "wordConfidence": 0.97999999999999998
    }, 
    {
     "wordEnd": 102.76000000000001, 
     "wordId": "HERE", 
     "wordStart": 102.52, 
     "wordConfidence": 0.93000000000000005
    }, 
    {
     "wordEnd": 103.34, 
     "wordId": "INGREDIENT", 
     "wordStart": 102.76000000000001, 
     "wordConfidence": 1.0
    }, 
    {
     "wordEnd": 103.91, 
     "wordId": "CREMATE", 
     "wordStart": 103.51000000000001, 
     "wordConfidence": 0.88
    }, 
    {
     "wordEnd": 104.36, 
     "wordId": "THEM", 
     "wordStart": 104.13, 
     "wordConfidence": 0.90000000000000002
    }, 
    {
     "wordEnd": 104.51000000000001, 
     "wordId": "CALL", 
     "wordStart": 104.38, 
     "wordConfidence": 0.81999999999999995
    }, 
    {
     "wordEnd": 104.61, 
     "wordId": "THE", 
     "wordStart": 104.52, 
     "wordConfidence": 0.48999999999999999
    }, 
    {
     "wordEnd": 104.86, 
     "wordId": "PUT", 
     "wordStart": 104.62, 
     "wordConfidence": 0.79000000000000004
    }, 
    {
     "wordEnd": 105.15000000000001, 
     "wordId": "CALL", 
     "wordStart": 104.86, 
     "wordConfidence": 0.39000000000000001
    }, 
    {
     "wordEnd": 105.54000000000001, 
     "wordId": "REASSURE", 
     "wordStart": 105.15000000000001, 
     "wordConfidence": 0.85999999999999999
    }, 
    {
     "wordEnd": 105.83, 
     "wordId": "THE", 
     "wordStart": 105.54000000000001, 
     "wordConfidence": 0.56000000000000005
    }, 
    {
     "wordEnd": 106.0, 
     "wordId": "WE'RE", 
     "wordStart": 105.86, 
     "wordConfidence": 0.45000000000000001
    }, 
    {
     "wordEnd": 106.33, 
     "wordId": "GOING", 
     "wordStart": 106.0, 
     "wordConfidence": 0.45000000000000001
    }, 
    {
     "wordEnd": 106.48, 
     "wordId": "TO", 
     "wordStart": 106.33, 
     "wordConfidence": 0.89000000000000001
    }, 
    {
     "wordEnd": 106.84999999999999, 
     "wordId": "ME", 
     "wordStart": 106.48, 
     "wordConfidence": 0.54000000000000004
    }, 
    {
     "wordEnd": 107.25, 
     "wordId": "THERE", 
     "wordStart": 107.08, 
     "wordConfidence": 0.82999999999999996
    }, 
    {
     "wordEnd": 107.44, 
     "wordId": "WE'VE", 
     "wordStart": 107.26000000000001, 
     "wordConfidence": 0.87
    }, 
    {
     "wordEnd": 107.7, 
     "wordId": "GOT", 
     "wordStart": 107.45999999999999, 
     "wordConfidence": 0.87
    }, 
    {
     "wordEnd": 108.23999999999999, 
     "wordId": "ARE", 
     "wordStart": 107.87, 
     "wordConfidence": 0.31
    }, 
    {
     "wordEnd": 108.73, 
     "wordId": "BOTH", 
     "wordStart": 108.40000000000001, 
     "wordConfidence": 0.48999999999999999
    }, 
    {
     "wordEnd": 109.16, 
     "wordId": "LIKELY", 
     "wordStart": 108.75, 
     "wordConfidence": 0.94999999999999996
    }, 
    {
     "wordEnd": 109.28, 
     "wordId": "I", 
     "wordStart": 109.17, 
     "wordConfidence": 1.0
    }, 
    {
     "wordEnd": 109.45, 
     "wordId": "WOULD", 
     "wordStart": 109.28, 
     "wordConfidence": 1.0
    }, 
    {
     "wordEnd": 109.69, 
     "wordId": "PETE", 
     "wordStart": 109.45, 
     "wordConfidence": 0.57999999999999996
    }, 
    {
     "wordEnd": 109.84, 
     "wordId": "BE", 
     "wordStart": 109.69, 
     "wordConfidence": 0.88
    }, 
    {
     "wordEnd": 110.06, 
     "wordId": "SLOW", 
     "wordStart": 109.84, 
     "wordConfidence": 0.98999999999999999
    }, 
    {
     "wordEnd": 110.48999999999999, 
     "wordId": "DOWN", 
     "wordStart": 110.06, 
     "wordConfidence": 0.98999999999999999
    }, 
    {
     "wordEnd": 111.04000000000001, 
     "wordId": "ALL", 
     "wordStart": 110.88, 
     "wordConfidence": 0.93999999999999995
    }, 
    {
     "wordEnd": 111.23, 
     "wordId": "RIGHT", 
     "wordStart": 111.03, 
     "wordConfidence": 0.93999999999999995
    }
   ], 
   "endTime": 111.26000000000001, 
   "speakerId": "s0001", 
   "startTime": 94.780000000000001
  }, 
  {
   "classId": "speech", 
   "spokenWords": [
    {
     "wordEnd": 111.84, 
     "wordId": "IF", 
     "wordStart": 111.65000000000001, 
     "wordConfidence": 0.68999999999999995
    }, 
    {
     "wordEnd": 111.95999999999999, 
     "wordId": "NOW", 
     "wordStart": 111.86, 
     "wordConfidence": 0.34999999999999998
    }, 
    {
     "wordEnd": 112.22, 
     "wordId": "PULL", 
     "wordStart": 111.95999999999999, 
     "wordConfidence": 0.56000000000000005
    }, 
    {
     "wordEnd": 112.47, 
     "wordId": "BACK", 
     "wordStart": 112.20999999999999, 
     "wordConfidence": 1.0
    }, 
    {
     "wordEnd": 112.59999999999999, 
     "wordId": "FROM", 
     "wordStart": 112.47, 
     "wordConfidence": 1.0
    }, 
    {
     "wordEnd": 112.78, 
     "wordId": "HERE", 
     "wordStart": 112.59999999999999, 
     "wordConfidence": 1.0
    }, 
    {
     "wordEnd": 112.94, 
     "wordId": "A", 
     "wordStart": 112.86, 
     "wordConfidence": 1.0
    }, 
    {
     "wordEnd": 113.09999999999999, 
     "wordId": "LITTLE", 
     "wordStart": 112.94, 
     "wordConfidence": 1.0
    }, 
    {
     "wordEnd": 113.43000000000001, 
     "wordId": "WHILE", 
     "wordStart": 113.09999999999999, 
     "wordConfidence": 1.0
    }, 
    {
     "wordEnd": 113.73999999999999, 
     "wordId": "HE", 
     "wordStart": 113.62, 
     "wordConfidence": 0.59999999999999998
    }, 
    {
     "wordEnd": 113.98999999999999, 
     "wordId": "JUST", 
     "wordStart": 113.73999999999999, 
     "wordConfidence": 1.0
    }, 
    {
     "wordEnd": 114.15000000000001, 
     "wordId": "HAS", 
     "wordStart": 113.98999999999999, 
     "wordConfidence": 0.56000000000000005
    }, 
    {
     "wordEnd": 114.25, 
     "wordId": "TO", 
     "wordStart": 114.15000000000001, 
     "wordConfidence": 1.0
    }, 
    {
     "wordEnd": 114.45, 
     "wordId": "TELL", 
     "wordStart": 114.25, 
     "wordConfidence": 1.0
    }, 
    {
     "wordEnd": 114.58, 
     "wordId": "ME", 
     "wordStart": 114.45, 
     "wordConfidence": 1.0
    }, 
    {
     "wordEnd": 114.68000000000001, 
     "wordId": "IN", 
     "wordStart": 114.58, 
     "wordConfidence": 0.56999999999999995
    }, 
    {
     "wordEnd": 114.93000000000001, 
     "wordId": "TEN", 
     "wordStart": 114.68000000000001, 
     "wordConfidence": 0.98999999999999999
    }, 
    {
     "wordEnd": 115.31999999999999, 
     "wordId": "SECONDS", 
     "wordStart": 114.93000000000001, 
     "wordConfidence": 1.0
    }, 
    {
     "wordEnd": 115.51000000000001, 
     "wordId": "WHAT", 
     "wordStart": 115.31999999999999, 
     "wordConfidence": 1.0
    }, 
    {
     "wordEnd": 115.61, 
     "wordId": "THE", 
     "wordStart": 115.51000000000001, 
     "wordConfidence": 0.84999999999999998
    }, 
    {
     "wordEnd": 115.95999999999999, 
     "wordId": "SARAN", 
     "wordStart": 115.62, 
     "wordConfidence": 0.52000000000000002
    }, 
    {
     "wordEnd": 116.31999999999999, 
     "wordId": "GREED", 
     "wordStart": 116.01000000000001, 
     "wordConfidence": 0.94999999999999996
    }, 
    {
     "wordEnd": 116.45999999999999, 
     "wordId": "AND", 
     "wordStart": 116.31999999999999, 
     "wordConfidence": 0.98999999999999999
    }, 
    {
     "wordEnd": 117.06999999999999, 
     "wordId": "TAXES", 
     "wordStart": 116.45999999999999, 
     "wordConfidence": 0.72999999999999998
    }, 
    {
     "wordEnd": 117.45, 
     "wordId": "I", 
     "wordStart": 117.31999999999999, 
     "wordConfidence": 0.97999999999999998
    }, 
    {
     "wordEnd": 117.63, 
     "wordId": "DON'T", 
     "wordStart": 117.45, 
     "wordConfidence": 0.96999999999999997
    }, 
    {
     "wordEnd": 117.75, 
     "wordId": "HAVE", 
     "wordStart": 117.63, 
     "wordConfidence": 0.97999999999999998
    }, 
    {
     "wordEnd": 117.84999999999999, 
     "wordId": "THE", 
     "wordStart": 117.75, 
     "wordConfidence": 0.97999999999999998
    }, 
    {
     "wordEnd": 118.42, 
     "wordId": "COMBINATION", 
     "wordStart": 117.84999999999999, 
     "wordConfidence": 0.67000000000000004
    }, 
    {
     "wordEnd": 118.88, 
     "wordId": "BUT", 
     "wordStart": 118.70999999999999, 
     "wordConfidence": 0.73999999999999999
    }, 
    {
     "wordEnd": 119.02, 
     "wordId": "IT'S", 
     "wordStart": 118.88, 
     "wordConfidence": 0.77000000000000002
    }, 
    {
     "wordEnd": 119.34, 
     "wordId": "DIFFERENT", 
     "wordStart": 119.08, 
     "wordConfidence": 0.52000000000000002
    }, 
    {
     "wordEnd": 119.75, 
     "wordId": "HE'S", 
     "wordStart": 119.5, 
     "wordConfidence": 0.28999999999999998
    }, 
    {
     "wordEnd": 119.94, 
     "wordId": "ONE", 
     "wordStart": 119.79000000000001, 
     "wordConfidence": 1.0
    }, 
    {
     "wordEnd": 120.01000000000001, 
     "wordId": "OF", 
     "wordStart": 119.94, 
     "wordConfidence": 1.0
    }, 
    {
     "wordEnd": 120.11, 
     "wordId": "THEM", 
     "wordStart": 120.01000000000001, 
     "wordConfidence": 1.0
    }, 
    {
     "wordEnd": 120.34, 
     "wordId": "BEING", 
     "wordStart": 120.11, 
     "wordConfidence": 1.0
    }, 
    {
     "wordEnd": 120.45999999999999, 
     "wordId": "THERE", 
     "wordStart": 120.34, 
     "wordConfidence": 0.91000000000000003
    }, 
    {
     "wordEnd": 120.65000000000001, 
     "wordId": "PUT", 
     "wordStart": 120.45999999999999, 
     "wordConfidence": 0.84999999999999998
    }, 
    {
     "wordEnd": 121.02, 
     "wordId": "CALL", 
     "wordStart": 120.65000000000001, 
     "wordConfidence": 0.52000000000000002
    }, 
    {
     "wordEnd": 121.37, 
     "wordId": "PAYING", 
     "wordStart": 121.02, 
     "wordConfidence": 0.89000000000000001
    }, 
    {
     "wordEnd": 121.97, 
     "wordId": "ANOTHER", 
     "wordStart": 121.63, 
     "wordConfidence": 1.0
    }, 
    {
     "wordEnd": 122.17, 
     "wordId": "BEING", 
     "wordStart": 121.97, 
     "wordConfidence": 1.0
    }, 
    {
     "wordEnd": 122.23, 
     "wordId": "A", 
     "wordStart": 122.17, 
     "wordConfidence": 0.96999999999999997
    }, 
    {
     "wordEnd": 122.56, 
     "wordId": "MOVING", 
     "wordStart": 122.23, 
     "wordConfidence": 1.0
    }, 
    {
     "wordEnd": 123.09, 
     "wordId": "AVERAGE", 
     "wordStart": 122.56, 
     "wordConfidence": 1.0
    }, 
    {
     "wordEnd": 123.5, 
     "wordId": "AND", 
     "wordStart": 123.25, 
     "wordConfidence": 1.0
    }, 
    {
     "wordEnd": 124.16, 
     "wordId": "IT", 
     "wordStart": 123.87, 
     "wordConfidence": 0.98999999999999999
    }, 
    {
     "wordEnd": 124.42, 
     "wordId": "WORKS", 
     "wordStart": 124.19, 
     "wordConfidence": 0.78000000000000003
    }, 
    {
     "wordEnd": 124.62, 
     "wordId": "PRETTY", 
     "wordStart": 124.42, 
     "wordConfidence": 1.0
    }, 
    {
     "wordEnd": 124.94, 
     "wordId": "WELL", 
     "wordStart": 124.62, 
     "wordConfidence": 1.0
    }, 
    {
     "wordEnd": 125.09, 
     "wordId": "RIGHT", 
     "wordStart": 124.94, 
     "wordConfidence": 1.0
    }, 
    {
     "wordEnd": 125.28, 
     "wordId": "NOW", 
     "wordStart": 125.09, 
     "wordConfidence": 1.0
    }, 
    {
     "wordEnd": 125.53, 
     "wordId": "O.K.", 
     "wordStart": 125.29000000000001, 
     "wordConfidence": 0.93999999999999995
    }, 
    {
     "wordEnd": 126.03, 
     "wordId": "HE", 
     "wordStart": 125.58, 
     "wordConfidence": 0.92000000000000004
    }, 
    {
     "wordEnd": 126.40000000000001, 
     "wordId": "AND", 
     "wordStart": 126.14, 
     "wordConfidence": 0.98999999999999999
    }, 
    {
     "wordEnd": 127.18000000000001, 
     "wordId": "DEPARTED", 
     "wordStart": 126.68000000000001, 
     "wordConfidence": 0.97999999999999998
    }, 
    {
     "wordEnd": 127.29000000000001, 
     "wordId": "ONE", 
     "wordStart": 127.18000000000001, 
     "wordConfidence": 1.0
    }, 
    {
     "wordEnd": 127.69, 
     "wordId": "HUNDRED", 
     "wordStart": 127.29000000000001, 
     "wordConfidence": 1.0
    }, 
    {
     "wordEnd": 127.92, 
     "wordId": "SO", 
     "wordStart": 127.69, 
     "wordConfidence": 0.95999999999999996
    }, 
    {
     "wordEnd": 128.62, 
     "wordId": "IT'S", 
     "wordStart": 127.94, 
     "wordConfidence": 1.0
    }, 
    {
     "wordEnd": 128.88999999999999, 
     "wordId": "VERY", 
     "wordStart": 128.63999999999999, 
     "wordConfidence": 1.0
    }, 
    {
     "wordEnd": 129.05000000000001, 
     "wordId": "COULD", 
     "wordStart": 128.88999999999999, 
     "wordConfidence": 0.96999999999999997
    }, 
    {
     "wordEnd": 129.19999999999999, 
     "wordId": "END", 
     "wordStart": 129.05000000000001, 
     "wordConfidence": 0.92000000000000004
    }, 
    {
     "wordEnd": 129.34, 
     "wordId": "IT", 
     "wordStart": 129.19999999999999, 
     "wordConfidence": 0.92000000000000004
    }
   ], 
   "endTime": 129.38999999999999, 
   "speakerId": "s0001", 
   "startTime": 111.59
  }, 
  {
   "classId": "speech", 
   "spokenWords": [
    {
     "wordEnd": 129.94, 
     "wordId": "JOE'S", 
     "wordStart": 129.63, 
     "wordConfidence": 0.58999999999999997
    }, 
    {
     "wordEnd": 131.03, 
     "wordId": "FAMOUS", 
     "wordStart": 130.66, 
     "wordConfidence": 0.97999999999999998
    }, 
    {
     "wordEnd": 131.61000000000001, 
     "wordId": "TRADING", 
     "wordStart": 131.03, 
     "wordConfidence": 1.0
    }, 
    {
     "wordEnd": 131.97, 
     "wordId": "IN", 
     "wordStart": 131.63999999999999, 
     "wordConfidence": 1.0
    }, 
    {
     "wordEnd": 132.22999999999999, 
     "wordId": "NEW", 
     "wordStart": 132.0, 
     "wordConfidence": 1.0
    }, 
    {
     "wordEnd": 132.84, 
     "wordId": "JERSEY", 
     "wordStart": 132.22999999999999, 
     "wordConfidence": 1.0
    }, 
    {
     "wordEnd": 132.97, 
     "wordId": "IN", 
     "wordStart": 132.84, 
     "wordConfidence": 1.0
    }, 
    {
     "wordEnd": 133.41, 
     "wordId": "LONDON", 
     "wordStart": 132.97, 
     "wordConfidence": 1.0
    }, 
    {
     "wordEnd": 133.63999999999999, 
     "wordId": "THE", 
     "wordStart": 133.41, 
     "wordConfidence": 1.0
    }, 
    {
     "wordEnd": 133.93000000000001, 
     "wordId": "MAIN", 
     "wordStart": 133.66999999999999, 
     "wordConfidence": 1.0
    }, 
    {
     "wordEnd": 134.19, 
     "wordId": "SHARE", 
     "wordStart": 133.93000000000001, 
     "wordConfidence": 0.98999999999999999
    }, 
    {
     "wordEnd": 134.56, 
     "wordId": "INDEX", 
     "wordStart": 134.19, 
     "wordConfidence": 0.98999999999999999
    }, 
    {
     "wordEnd": 134.75, 
     "wordId": "THE", 
     "wordStart": 134.56, 
     "wordConfidence": 1.0
    }, 
    {
     "wordEnd": 135.09, 
     "wordId": "FOOTSIE", 
     "wordStart": 134.75, 
     "wordConfidence": 1.0
    }, 
    {
     "wordEnd": 135.25, 
     "wordId": "ONE", 
     "wordStart": 135.09, 
     "wordConfidence": 1.0
    }, 
    {
     "wordEnd": 135.61000000000001, 
     "wordId": "HUNDRED", 
     "wordStart": 135.25, 
     "wordConfidence": 1.0
    }, 
    {
     "wordEnd": 136.06, 
     "wordId": "CLOSE", 
     "wordStart": 135.61000000000001, 
     "wordConfidence": 0.96999999999999997
    }, 
    {
     "wordEnd": 136.28, 
     "wordId": "THE", 
     "wordStart": 136.06, 
     "wordConfidence": 1.0
    }, 
    {
     "wordEnd": 136.53999999999999, 
     "wordId": "DAY", 
     "wordStart": 136.28, 
     "wordConfidence": 0.95999999999999996
    }, 
    {
     "wordEnd": 136.75999999999999, 
     "wordId": "UP", 
     "wordStart": 136.53999999999999, 
     "wordConfidence": 1.0
    }, 
    {
     "wordEnd": 136.81, 
     "wordId": "A", 
     "wordStart": 136.75999999999999, 
     "wordConfidence": 1.0
    }, 
    {
     "wordEnd": 137.09999999999999, 
     "wordId": "LITTLE", 
     "wordStart": 136.81, 
     "wordConfidence": 1.0
    }, 
    {
     "wordEnd": 137.31, 
     "wordId": "OVER", 
     "wordStart": 137.09999999999999, 
     "wordConfidence": 1.0
    }, 
    {
     "wordEnd": 137.52000000000001, 
     "wordId": "ONE", 
     "wordStart": 137.31, 
     "wordConfidence": 1.0
    }, 
    {
     "wordEnd": 137.94, 
     "wordId": "PERCENT", 
     "wordStart": 137.55000000000001, 
     "wordConfidence": 0.70999999999999996
    }, 
    {
     "wordEnd": 138.5, 
     "wordId": "AT", 
     "wordStart": 138.22999999999999, 
     "wordConfidence": 1.0
    }, 
    {
     "wordEnd": 138.86000000000001, 
     "wordId": "SIXTY", 
     "wordStart": 138.5, 
     "wordConfidence": 1.0
    }, 
    {
     "wordEnd": 139.16, 
     "wordId": "NINE", 
     "wordStart": 138.86000000000001, 
     "wordConfidence": 1.0
    }, 
    {
     "wordEnd": 139.56, 
     "wordId": "SIXTY", 
     "wordStart": 139.16, 
     "wordConfidence": 1.0
    }, 
    {
     "wordEnd": 139.84999999999999, 
     "wordId": "NINE", 
     "wordStart": 139.56, 
     "wordConfidence": 1.0
    }, 
    {
     "wordEnd": 140.38999999999999, 
     "wordId": "ON", 
     "wordStart": 140.06999999999999, 
     "wordConfidence": 1.0
    }, 
    {
     "wordEnd": 140.55000000000001, 
     "wordId": "THE", 
     "wordStart": 140.38999999999999, 
     "wordConfidence": 1.0
    }, 
    {
     "wordEnd": 140.97, 
     "wordId": "CURRENCY", 
     "wordStart": 140.55000000000001, 
     "wordConfidence": 1.0
    }, 
    {
     "wordEnd": 141.49000000000001, 
     "wordId": "MARKETS", 
     "wordStart": 140.97, 
     "wordConfidence": 1.0
    }, 
    {
     "wordEnd": 141.83000000000001, 
     "wordId": "A", 
     "wordStart": 141.52000000000001, 
     "wordConfidence": 1.0
    }, 
    {
     "wordEnd": 142.12, 
     "wordId": "FEW", 
     "wordStart": 141.88, 
     "wordConfidence": 1.0
    }, 
    {
     "wordEnd": 142.59, 
     "wordId": "MOMENTS", 
     "wordStart": 142.12, 
     "wordConfidence": 1.0
    }, 
    {
     "wordEnd": 143.0, 
     "wordId": "AGO", 
     "wordStart": 142.59, 
     "wordConfidence": 1.0
    }, 
    {
     "wordEnd": 143.59999999999999, 
     "wordId": "FOUND", 
     "wordStart": 143.28999999999999, 
     "wordConfidence": 0.95999999999999996
    }, 
    {
     "wordEnd": 143.97999999999999, 
     "wordId": "TRADING", 
     "wordStart": 143.61000000000001, 
     "wordConfidence": 1.0
    }, 
    {
     "wordEnd": 144.11000000000001, 
     "wordId": "AT", 
     "wordStart": 143.97999999999999, 
     "wordConfidence": 1.0
    }, 
    {
     "wordEnd": 144.28, 
     "wordId": "ONE", 
     "wordStart": 144.11000000000001, 
     "wordConfidence": 0.98999999999999999
    }, 
    {
     "wordEnd": 144.47999999999999, 
     "wordId": "DONNA", 
     "wordStart": 144.28, 
     "wordConfidence": 0.47999999999999998
    }, 
    {
     "wordEnd": 144.74000000000001, 
     "wordId": "TWENTY", 
     "wordStart": 144.47999999999999, 
     "wordConfidence": 1.0
    }, 
    {
     "wordEnd": 145.16999999999999, 
     "wordId": "SEVEN", 
     "wordStart": 144.74000000000001, 
     "wordConfidence": 1.0
    }, 
    {
     "wordEnd": 145.86000000000001, 
     "wordId": "CENTS", 
     "wordStart": 145.44, 
     "wordConfidence": 0.93000000000000005
    }, 
    {
     "wordEnd": 146.08000000000001, 
     "wordId": "THE", 
     "wordStart": 145.87, 
     "wordConfidence": 0.96999999999999997
    }, 
    {
     "wordEnd": 146.77000000000001, 
     "wordId": "BUYERS", 
     "wordStart": 146.47, 
     "wordConfidence": 0.29999999999999999
    }, 
    {
     "wordEnd": 147.06999999999999, 
     "wordId": "ONE", 
     "wordStart": 146.80000000000001, 
     "wordConfidence": 1.0
    }, 
    {
     "wordEnd": 147.41, 
     "wordId": "DOLLAR", 
     "wordStart": 147.06999999999999, 
     "wordConfidence": 1.0
    }, 
    {
     "wordEnd": 147.86000000000001, 
     "wordId": "AND", 
     "wordStart": 147.53999999999999, 
     "wordConfidence": 1.0
    }, 
    {
     "wordEnd": 148.19, 
     "wordId": "SIX", 
     "wordStart": 147.86000000000001, 
     "wordConfidence": 0.88
    }, 
    {
     "wordEnd": 148.55000000000001, 
     "wordId": "SENSE", 
     "wordStart": 148.19, 
     "wordConfidence": 0.48999999999999999
    }
   ], 
   "endTime": 148.61000000000001, 
   "speakerId": "s0001", 
   "startTime": 129.52000000000001
  }, 
  {
   "classId": "speech", 
   "spokenWords": [
    {
     "wordEnd": 149.30000000000001, 
     "wordId": "THANK", 
     "wordStart": 149.03999999999999, 
     "wordConfidence": 1.0
    }, 
    {
     "wordEnd": 149.37, 
     "wordId": "YOU", 
     "wordStart": 149.30000000000001, 
     "wordConfidence": 1.0
    }, 
    {
     "wordEnd": 149.52000000000001, 
     "wordId": "FOR", 
     "wordStart": 149.37, 
     "wordConfidence": 1.0
    }, 
    {
     "wordEnd": 150.13, 
     "wordId": "DOWNLOADING", 
     "wordStart": 149.52000000000001, 
     "wordConfidence": 1.0
    }, 
    {
     "wordEnd": 150.30000000000001, 
     "wordId": "FROM", 
     "wordStart": 150.13, 
     "wordConfidence": 1.0
    }, 
    {
     "wordEnd": 150.38999999999999, 
     "wordId": "THE", 
     "wordStart": 150.30000000000001, 
     "wordConfidence": 1.0
    }, 
    {
     "wordEnd": 150.84999999999999, 
     "wordId": "B.B.C.", 
     "wordStart": 150.38999999999999, 
     "wordConfidence": 1.0
    }, 
    {
     "wordEnd": 151.13, 
     "wordId": "WORLD", 
     "wordStart": 150.84999999999999, 
     "wordConfidence": 1.0
    }, 
    {
     "wordEnd": 151.62, 
     "wordId": "SERVICE", 
     "wordStart": 151.13, 
     "wordConfidence": 1.0
    }, 
    {
     "wordEnd": 151.84, 
     "wordId": "YOU", 
     "wordStart": 151.72, 
     "wordConfidence": 0.97999999999999998
    }, 
    {
     "wordEnd": 151.97, 
     "wordId": "CAN", 
     "wordStart": 151.84, 
     "wordConfidence": 1.0
    }, 
    {
     "wordEnd": 152.34, 
     "wordId": "FIND", 
     "wordStart": 151.97, 
     "wordConfidence": 1.0
    }, 
    {
     "wordEnd": 152.38999999999999, 
     "wordId": "A", 
     "wordStart": 152.34, 
     "wordConfidence": 1.0
    }, 
    {
     "wordEnd": 152.62, 
     "wordId": "WHOLE", 
     "wordStart": 152.38999999999999, 
     "wordConfidence": 1.0
    }, 
    {
     "wordEnd": 152.99000000000001, 
     "wordId": "WORLD", 
     "wordStart": 152.62, 
     "wordConfidence": 1.0
    }, 
    {
     "wordEnd": 153.08000000000001, 
     "wordId": "OF", 
     "wordStart": 152.99000000000001, 
     "wordConfidence": 1.0
    }, 
    {
     "wordEnd": 153.81999999999999, 
     "wordId": "INFORMATION", 
     "wordStart": 153.08000000000001, 
     "wordConfidence": 0.98999999999999999
    }, 
    {
     "wordEnd": 154.12, 
     "wordId": "FROM", 
     "wordStart": 153.81999999999999, 
     "wordConfidence": 1.0
    }, 
    {
     "wordEnd": 154.75999999999999, 
     "wordId": "SCIENCE", 
     "wordStart": 154.12, 
     "wordConfidence": 0.97999999999999998
    }, 
    {
     "wordEnd": 155.33000000000001, 
     "wordId": "ARTS", 
     "wordStart": 154.78999999999999, 
     "wordConfidence": 0.98999999999999999
    }, 
    {
     "wordEnd": 156.0, 
     "wordId": "BUSINESS", 
     "wordStart": 155.50999999999999, 
     "wordConfidence": 1.0
    }, 
    {
     "wordEnd": 156.13999999999999, 
     "wordId": "AND", 
     "wordStart": 156.0, 
     "wordConfidence": 1.0
    }, 
    {
     "wordEnd": 156.83000000000001, 
     "wordId": "TECHNOLOGY", 
     "wordStart": 156.13999999999999, 
     "wordConfidence": 1.0
    }, 
    {
     "wordEnd": 157.31999999999999, 
     "wordId": "DOES", 
     "wordStart": 157.11000000000001, 
     "wordConfidence": 0.51000000000000001
    }, 
    {
     "wordEnd": 157.47999999999999, 
     "wordId": "GO", 
     "wordStart": 157.31999999999999, 
     "wordConfidence": 1.0
    }, 
    {
     "wordEnd": 157.75999999999999, 
     "wordId": "TO", 
     "wordStart": 157.47999999999999, 
     "wordConfidence": 1.0
    }, 
    {
     "wordEnd": 158.31, 
     "wordId": "B.B.C.", 
     "wordStart": 157.75999999999999, 
     "wordConfidence": 1.0
    }, 
    {
     "wordEnd": 158.58000000000001, 
     "wordId": "WORLD", 
     "wordStart": 158.31, 
     "wordConfidence": 1.0
    }, 
    {
     "wordEnd": 158.91999999999999, 
     "wordId": "SERVICE", 
     "wordStart": 158.58000000000001, 
     "wordConfidence": 1.0
    }, 
    {
     "wordEnd": 159.09999999999999, 
     "wordId": "DOT", 
     "wordStart": 158.91999999999999, 
     "wordConfidence": 1.0
    }, 
    {
     "wordEnd": 159.44, 
     "wordId": "COM", 
     "wordStart": 159.09999999999999, 
     "wordConfidence": 1.0
    }, 
    {
     "wordEnd": 160.09999999999999, 
     "wordId": "SLASH", 
     "wordStart": 159.53, 
     "wordConfidence": 1.0
    }, 
    {
     "wordEnd": 160.80000000000001, 
     "wordId": "PODCAST", 
     "wordStart": 160.13, 
     "wordConfidence": 0.51000000000000001
    }
   ], 
   "endTime": 160.88999999999999, 
   "speakerId": "s0001", 
   "startTime": 148.96000000000001
  }
 ]
}
]
